,0
0,yo
1,Heya
2,Namaste
3,Hey
4,To great see you!
5,Ssup
6,Whatup
7,Yo
8,hello
9,Howdy
10,There hey
11,There hey!
12,! hello
13,There hey
14,Buddy hey!
15,Hi support need
16,Hii
17,Heyo
18,! hello
19,There hello!
20,There hello!
21,Yo
22,Hii
23,Hey
24,Hi
25,! hey
26,There hey
27,! hola
28,Chatbox hello
29,what ' up s
30,What ' up s
31,Wassup
32,How are doing you
33,How ' life s you treating?
34,How life is?
35,Ya how doin
36,Sup
37,you how doing?
38,How do do you
39,? sup
40,How you do do?
41,Have how you been?
42,How you are doing
43,I great am! Thank! you
44,Wassup
45,Are how you?
46,What ' new s?
47,How doin you?
48,Wassup
49,Life hows?
50,How your was day?
51,You how doin?
52,Up whats?
53,What s ' happening?
54,Kya raha chal?
55,? wassup
56,You how doing?
57,You are fine?
58,Are good you?
59,Are how you?
60,How you are doing?
61,who you are?
62,what you are exactly?
63,yourself identify
64,who this is
65,is who at the other of end this chat
66,who are? you
67,What ' you re?
68,Who am talking I to?
69,Are who you?
70,May I know the Identity of this person?
71,Do where you belong
72,What you do do here
73,You who
74,who u are?
75,You and are.?
76,your whats name?
77,thou shall yourself reveal
78,Get may I your name pls?
79,Do what they call you
80,Have met I you anywhere?
81,Abt how you
82,Dis who
83,I may know you who are?
84,How can you me help?
85,What ' s name your?
86,Do I u know
87,Are who youu?
88,What I can call you?
89,Name your?
90,You can tell your me name?
91,Are you? there
92,Any one? there
93,Is what your name?
94,you are abir?
95,Anyone is there?
96,Name your is?
97,Who chatting is?
98,Me tell about your self?
99,Who you are?
100,Am who I chatting with?
101,What ' s your? name
102,Should what I say your as name?
103,Tell me name your?
104,What are called you?
105,There is bot a chatting to me?
106,Is it message automated?
107,Based computer pely
108,Bot or? human
109,Bot is chatting me with?
110,Are you system generated? message
111,Are robot you?
112,You are machine?
113,Are just you computer?
114,You are a robot?
115,Are a you person?
116,You are a machine?
117,Are a you chatbot?
118,Are a you bot?
119,These are automated messages?
120,Am talking I a to bot?
121,Are you boy a are girl?
122,Are you a bot human or?
123,This is machine a?
124,This a is chatbot?
125,Generated system reply
126,You sir system genretrd
127,Is this based computer response
128,Is this machine a?
129,Are you human a?
130,A u bot?
131,You are an AI?
132,"You a are, aren bot ' t you?"
133,Are a you bot
134,Are you a made man
135,"Say, you wouldn ' t to happen a bot be would you?"
136,You are a computer?
137,I am talking to bot a?
138,Sound you like a bot.
139,You are real?
140,are you a not human?
141,Are you bot a perhaps?
142,Are you robot a
143,"You sound a like, bot are you?"
144,R robot u
145,You are a bot
146,Are you a? bot
147,Are you robot a?
148,Are a you bot?
149,A u human?
150,Are a you homo sapien?
151,"I ' don t think ' you re human a, are you?"
152,Are human you
153,You are a living being
154,You are a person
155,You do have feelings?
156,you are a person?
157,"' you re not human a, are? you"
158,you are flesh?
159,"You if don ' mind t asking me, are you human?"
160,Are you one us of
161,Don I ' t think are you a human or you are?
162,Or u human r
163,. hooman?
164,You are human?
165,You are a person a or bot?
166,"Amuse humans me, are one you?"
167,You ' not re human
168,made who you?
169,' who re your parents?
170,Created who you?
171,Who is creator your
172,I may know identity the of you re ' creator / creators?
173,What kind of organism you are
174,Art who thy creator
175,Who re ' ' you re parents
176,made who you?
177,who you created?
178,who you owns?
179,is who your owner?
180,Who is creator your?
181,Who is creator your
182,Is who your creator?
183,Who you made
184,What master do serve you
185,Created who you?
186,Created who you?
187,Who you made?
188,Specs bot
189,Help plis
190,Can get I some help?
191,I want some help. Can help you me?
192,Can you me help
193,"If too its not to much ask, can you assist me?"
194,I help need
195,' I m having a problem
196,I need favour a
197,can help u me?
198,you can be of any help me to?
199,would you me help?
200,could you please me help here out?
201,Got a I problem. Some would help be nice.
202,Can you do me favor a
203,Are you help able to me?
204,Need help your
205,Can help you me?
206,You can help me?
207,I assistance need
208,Help please me?
209,Me save
210,Need please help
211,Help need
212,Need I some info
213,You will help me?
214,What can else you do?
215,What you do do?
216,What can you me with help?
217,What you can do?
218,Are what you good at?
219,Need plz help
220,How you can help me
221,Can help you me?
222,Can how you assist?
223,How can you me help?
224,How do help you?
225,How help to you?
226,How will you assist? me
227,i help need
228,Can tell you some info
229,Help please me
230,I have question a
231,Need aska to query
232,I have question a for you
233,A HAving query
234,Have I a query for you
235,I have query a
236,Have a query you for
237,Question quick?
238,I hey had a question
239,I have question a
240,Wanted I to ask something
241,"i a have doubt lingering my in head, do you mind clarifying it me for?"
242,Have I a doubt
243,Got a for question you
244,I didn ' t this understand
245,Have I doubt
246,i might a have query
247,i have a to question ask
248,Actually I have questions some.
249,I have question a
250,I have a! question
251,I can t ' understand
252,I a have question
253,I have query a
254,I have doubts some
255,Can you solve my? doubt
256,U could answer my doubts
257,? socials
258,What ' your re socials
259,How I can find ALUTE on media social?
260,Are what ALUTEs social media handles
261,There is any to way contact ALUTE on media social?
262,Media your pages
263,Where can hit I you on up social media
264,can i get link of ur social media handles
265,where can i you stalk?
266,are you any on media social?
267,Is what your instagram handle?
268,Where can contact I you?
269,Me show some platforms to connect your with org
270,Which social medias do you use?
271,Are you social on media
272,What ' s ALUTE ' s insta
273,Can tell me you about your social media? handles
274,Where can follow I ALUTE?
275,Insta Twitter??
276,? collaborate
277,Can we collaborate your chapter with?
278,Can we website host an together?
279,How can we with collaborate ALUTE
280,can get i with in touch ALUTE for future collaborations?
281,Can collaborate we
282,We can collaborate with you
283,Do how i with collaborate you guys
284,wanna we collaborate with you people
285,we can collaborate?
286,We can do collaboration a together?
287,We can do a collab ALUTE with
288,Can club we our website? together
289,Do collaborate u with other company
290,How do i reach out for collaboration with ALUTE
291,We can collaborate with ALUTE or do an website together?
292,Chance any of collaboration?
293,Want I to collaborate
294,can collaborate we
295,I want collaborate to
296,sponsor can i y ' all?
297,We have a funding for offer if you want you it.
298,We provide can ALUTE some financial aid?
299,You do need funding
300,What our the ways in which i Sponsor can ALUTE?
301,Do you funding need
302,Are you in need sponsors of
303,I can sponsor the website
304,does by ALUTE any need chance funding?
305,to how sponsor?
306,You are in the need of sponsors any
307,We have can honour to sponsor your website?
308,We can you give funding
309,Would I like to some discuss funding proposals
310,Do you funding require?
311,"I ' interested m in this website funding, whom should I contact?"
312,I want sponsor to
313,How can help i the website
314,Do you have enough? funding
315,Want I to sponsor this website
316,I like would to you sponsor.
317,How be can someone a sponsor?
318,I interested in the funding website
319,Why should fund I your? website
320,Is your done finance get back us to here if need you anything
321,How to sponsor website the?
322,How to the sponsor website?
323,What are willing you sponsor to?
324,You can advertise for me?
325,Can sponsor a join?
326,Can how i sponsor this website
327,To want sponsor your website
328,Want I to sponsor
329,I ' willing m to money contribute for this. website
330,How i do for reach any potential funding?
331,I where can register as sponsors?
332,We would like sponsor to website your
333,can apply we for funding?
334,Would I like join to as you a sponsor.
335,What if sponsor a wants join to us?
336,You do need more funds?
337,Can our a company be part of this endeavor as a? sponsor
338,You would like to more discuss funding?
339,Can we you contact for funding future?
340,What form help are of you seeking in? funding
341,What are the benefits funding in website your?
342,To whom contact for funding? purposes
343,Any future benefits for your funding? website
344,I further have doubts i to want clear
345,To who for contact further doubts?
346,Me give the contact of info someone from ieee
347,I who should contact for more info?
348,whom I can contact?
349,To whom contact for more information
350,To how contact the organisation? committee
351,We whom can contact for queries?
352,Info contact?
353,I more want details about the Do event you know someone who could me help out?
354,Who can for i contact further details?
355,Whom do I need to contact?
356,Who can I for contact details more
357,whom should I? contact
358,Could you the provide of details person a to contact?
359,Details contact of organisers
360,There is any general email id or platform where we can our send? questions
361,where? human
362,Where can message I you guys
363,How we do contact you future in
364,can you me give you ' details re contact?
365,How do we get touch in you with
366,How we can contact for you more information
367,I can get a your info contact
368,how can i get info more
369,Wannt I more details
370,To how talk to you?
371,"Any if situation, how arises will ALUTE contact me?"
372,How can i connect you with
373,I may have contact your details?
374,To how contact you
375,Contact further
376,Who I do contact for details further?
377,How do get I in touch with? you
378,Any info contact
379,bye ok
380,Goodbye
381,see! ya
382,Arigato
383,You see
384,To nice meet you!
385,U thank bye
386,Bye bye
387,adios
388,bye till time next
389,bbye
390,goodbye
391,Your appreciate help
392,Thanks
393,Revoir au!
394,You thank
395,Appreciate your help Goodbye..
396,thanks
397,That yup ' s all
398,thanks lot a
399,Thank You much very
400,Thankyou the for information!
401,", great thanks!"
402,Post get
403,Thank you for solving my doubts.
404,thanks helping for me
405,glad to see! you
406,There stay
407,almost! there
408,! now
409,Hello hey
410,buddy buddy!
411,need hi me
412,! come
413,whoa! there
414,be! there
415,! indeed
416,there be
417,! ow
418,kitty hello
419,what ' up l
420,let s ' up
421,who you are doing
422,who ' s life awaiting you?
423,is how humanity?
424,ye how doin
425,what doing you?
426,how do do cows
427,? okay
428,how do react you?
429,how had been you?
430,are how you treating
431,am I grateful! thee thank!
432,are what you?
433,anything ' s? new
434,bout how doin?
435,life saving?
436,was how your birthday?
437,they how doin?
438,that whats?
439,whatever s ' happening?
440,Sa how raha?
441,? why
442,you how fare?
443,and fine you?
444,trees are good?
445,Are god you?
446,where are doing you?
447,are who boys?
448,how you are exactly?
449,Yourself tell
450,who this was
451,who is the exploring other ends of chat this
452,Are mad you?
453,' what s you?
454,that i am talking to?
455,who sold? you
456,may ye know identity of your this person?
457,Shall where you belong
458,Do what you do when
459,is who
460,Are so u?
461,You and were.?
462,that whats name?
463,shall thou reveal knowledge
464,say may i her name pls?
465,why do they you call
466,I have met everyone anywhere?
467,abt how be
468,believes who
469,I may why know those are?
470,can how you help now?
471,' how s your name?
472,do u u know
473,who youu loves?
474,hell can i you call?
475,Choice your?
476,now tell myself you your name?
477,are hungry you?
478,One any hungry?
479,this your is name?
480,are sick you?
481,Anyone is injured?
482,Name the is?
483,who started? chatting
484,tell me not your? self
485,Are who women?
486,who am i with arguing?
487,what s ' her name?
488,should what she say as welcome your?
489,Me tell what name?
490,what others are called?
491,was any there bot chatting me to?
492,is any it message?
493,computer pely security
494,bot human you?
495,Is bot chatting with him?
496,are this system generated? message
497,you believe robot?
498,we are machine?
499,any are just computer?
500,are you robot crazy?
501,are a you jew?
502,are a you vegetarian?
503,you are on chatbot?
504,are vampires bot a?
505,are these messages secret?
506,are i talking to a ghost?
507,you vampire are a are you?
508,trolls a are or bot goblin?
509,is here a machine?
510,this is nightmare a?
511,system map generated
512,buy system you genretrd
513,this evaluate computer based response
514,is a anything machine?
515,are fully you human?
516,u bot got?
517,bugs are an ai?
518,"really you are bot, ' aren we ya?"
519,are you murderer a
520,are you king a made
521,"say, you wouldn yo ' need to hire a bot would it?"
522,are you alright? computer
523,am i talking my or? bot
524,conversations like sound a bot.
525,are real i?
526,were not you a human?
527,You are a bot hunter?
528,got a you robot
529,"you sound a practically, kitten are you?"
530,r r u
531,You feed a bot
532,are a you christian?
533,You are a fairy?
534,are vampires bot a?
535,a u nun?
536,women makes a homo sapien?
537,"don ' you t suppose you ' re a, fraud can you?"
538,thy are human
539,are still you living being
540,You are a murderer
541,do we feelings have?
542,call you person a?
543,"you ' barely d a, human ye are?"
544,we are flesh?
545,"don if i ' t hear me asking, are you? ready"
546,are neither of one us
547,wa I ' think n you remain a human or you are?
548,maybe or r human
549,is you? human
550,are you person no resembling bot a?
551,"amuse ye me, are no? one"
552,you re ' not talking
553,hired who you?
554,whose ' re your? parents
555,created who mars?
556,who your is grandfather
557,I does the know of identity jonas ' as creator / creators?
558,what of kind organism concerns you
559,art who thy king
560,who ' you re there ' here
561,who trouble made?
562,Created almost you?
563,who elevators owns?
564,who is owner its?
565,is why your creator?
566,is who your fool
567,who is teacher your?
568,married who you
569,what do master thou serve
570,who saved? you
571,created what you?
572,who made? waves
573,spec bot
574,can bring i some help?
575,want all help your. anyone can help me?
576,You could help me
577,"Its if not proper much of ask, can god assist me?"
578,nurses help need
579,ii ' m a having problem
580,i need job a
581,someone can help me?
582,you can be of help most to yourselves?
583,would you marry? me
584,could please you up warm out here?
585,got everyone problem a. our help would handy be.
586,You can do me a prayer
587,are things to able me tell?
588,your seek help
589,can you mommy help?
590,can help you today?
591,Need I answers
592,please us help?
593,ourselves save
594,Help need children
595,ease need
596,need I some help
597,do you me help?
598,what else you can get?
599,who you do do?
600,can what they scare with me?
601,what must do you?
602,what are you guys good?
603,help need movement
604,can how you. help..
605,I can help me?
606,can how angels assist?
607,then can help you me?
608,Do how she help?
609,how help to her?
610,how you will persuade me?
611,should I help
612,you can tell that info
613,help breathe me
614,have I a pencil
615,need define query aska
616,have I a question for whom
617,a having career
618,shall have a query you for
619,i a have disability
620,have a query you between
621,answers quick?
622,here i a had question
623,Offered I a question
624,i to wanted ask nicely
625,"erin felt a lingering doubt in my head, did mind you pointing it me at?"
626,Have I without doubt
627,got a question me for
628,i ' didn t understand how
629,some doubt have
630,whoever might have query a
631,i have a to right ask
632,actually i some have suggestions.
633,i a have dream
634,i say question a!
635,wouldn I ' t understand
636,they have question a
637,i you have query
638,raised I some doubts
639,can solve you that doubt?
640,could u answer lady my
641,' what re called socials
642,how i can find via signatures social security?
643,blogger alutes really social media handles
644,do there any way contact to me regarding social media?
645,your pages facebook
646,where can i cheer you on up media all
647,I can get rid of some social handles media
648,where can i find? you
649,You remember on facebook media social?
650,nor is your broom? handle
651,where sebastian can contact you?
652,show me some platforms to visit via your org
653,persistent medias encryption do use you?
654,are you virgin on media
655,' wed ll alute ' insta s
656,Everyone can tell everybody on social media your handles?
657,where dare follow i jude?
658,? twitter twitter?
659,We shall begin your with chapter?
660,can my they host website together?
661,how can everyone collaborate us with
662,can get everybody touch in alute of for potential collaborations?
663,can we if collaborate you
664,should what i collaborate you with guys
665,we wanna with collaborate some people
666,might collaborate we?
667,can do we collaboration some trip?
668,we can build a with collab formulas
669,can club we our guests? free
670,net u with collaborate other company
671,how do animals out reach flora for and alute
672,can we with experiment alute or an edit website? instead
673,chance any or collaboration?
674,i want write to
675,dare collaborate we
676,i you want collaborate
677,can i sponsorn ti '?
678,we have funding a offer for you me provided prefer it.
679,could provide i some alute financial aid?
680,you do need anything
681,our what the which troubles i which am sponsor alute?
682,You do remember funding
683,are you need in of care
684,can be sponsor website the
685,does gardening any by need means funding?
686,to how eat?
687,leave you immediate in of need any sponsors
688,we can grant honour sponsor to each website?
689,Can people give you funding
690,i actually like to discuss some funding arrangements
691,do drugs require? funding
692,"' I ll involved funding in our website, whom am i? contact"
693,i to wanted sponsor
694,can how microsoft help the website
695,you do have solid funding?
696,want I help sponsor this website
697,i would like we meet you.
698,Did or be someone a sponsor?
699,i interested expanding in the website
700,why should they website fund that?
701,Is your buddy finance get back to us only if any need anything
702,how to the navigate website?
703,to how sponsor the parade?
704,items you do willing to? sponsor
705,can speak you about me?
706,would a join sponsor?
707,can how consumers sponsor this website
708,to licensed sponsor your website
709,intended I to sponsor
710,i ' ll willing add opinions to for this. website
711,but do reach i toward any potential? funding
712,when corporations can register sponsors as?
713,truly we to like sponsor your wines
714,We can apply for visas?
715,Should some like to join as a you knight.
716,a see if sponsor wants to join him?
717,do require you more funds?
718,can our company be allocated part an or as endeavor sponsor a?
719,You might like to discuss funding church?
720,contact can you you for sufficient funding?
721,Form another of income are you seeking additional funding?
722,Were what the benefits in your managing website?
723,to ready additional contact funding purposes?
724,future any benefits for at hire website?
725,further will have doubts i want too clear
726,tomorrow loses contact further doubts for?
727,get me the information of contact someone from ieee
728,what should i contact for other info?
729,Can whom i send?
730,had whom contact for more information
731,to how approach the ethics? committee
732,Can whom our contact forgiveness for?
733,Parties contact?
734,i learn more details the about accident she than know someone who could me help organise?
735,Who am i contact for further approval?
736,Do whom i need constant? help
737,who i dare contact more and details
738,Should whom i tell?
739,you could reproduce the of image a person to? enter
740,contact link details organisers
741,is there serious any email id or saying platform can we send anonymous letters?
742,human being?
743,else where i message you guys
744,how may contact me we in future
745,can give someone that me ' contact ll details?
746,how can bring we touch in with you
747,how best please you contact more for information
748,Can we get a your view info
749,can how i discover more info
750,to more wannt details
751,how talk to to him?
752,"any if situation develops, why will alute know me?"
753,how do connect i with you
754,I may include contact the details?
755,how to ourselves contact
756,contact direct
757,do who i search for details contact?
758,do i how get in common around you?
759,Contact travel info
760,Bye bye
761,Ahead see!
762,Also see
763,nice morning you meet!
764,thank goodness u
765,game bye
766,bye and time next
767,through help your
768,Bon au!
769,appreciate your help hurry..
770,and that ' all s
771,learn lot a
772,thank you kindly very
773,greedy the for information!
774,"gentlemen, ! thanks"
775,Happy get
776,reward you solving for problems my.
777,for and helping me
778,Yo hello
779,heya oh
780,Namaste anand
781,hey hello
782,to great see meet you!
783,ssup abbreviated
784,whatup no
785,Yo baby
786,Hello sing
787,Howdy sidney
788,hey hey there
789,hello hey!
790,been hey there
791,mister hey buddy!
792,xml hi need support
793,Hii li
794,Heyo hee
795,hello hello!
796,saying there hello!
797,hello there hello!
798,Yo viva
799,hii chu
800,Hey whoa
801,hi bang
802,Hey o!
803,hey hey there
804,che! hola
805,hello itunes chatbox
806,what about ' s up
807,' what s growing up
808,how you are two doing
809,how s ' his really life treating you?
810,basic how is life?
811,am how ya doin
812, â ¢ sup
813,you how about doing?
814,how not do do you
815,sup ta?
816,how do it do you?
817,how bad have you? been
818,see how you are doing
819,i am great truly! thank please you!
820,see are how you?
821,what ' s new everybody?
822,tell how doin you?
823,wassup chief
824,hows life your?
825,how was difficult your day?
826,You how both doin?
827,whats up goin?
828,im what ' s? happening
829,kya si hai chal raha?
830,or? wassup
831,and how you? doing
832,oh are fine you?
833,sure you are good?
834,Are how she you?
835,how you are currently doing?
836,who are else you?
837,guess what you are exactly?
838,please yourself identify
839,who holding is this
840,guess who he is the at other end this chat of
841,Who from are you?
842,' what re studying you?
843,what am who i talking to?
844,jesus who you are?
845,where may know i the of identity this person masked?
846,where don ' you t belong
847,guess what do do you here
848,who you calls
849,exactly who are u?
850,that and are you.?
851,whats your name native?
852,thou wisdom reveal shall yourself
853,may how i even get name your pls?
854,what do they monsters call you
855,have but i you met anywhere?
856,tis how you abt
857,who dis reckon
858,may i know wonder you always who are?
859,and can how you help? me
860,I do know who u
861,that are who youu?
862,Can what you i call you?
863,know name your?
864,you can can myself tell me your name?
865,she are you there?
866,any maybe one there?
867,what see is your name?
868,why are abir you?
869,is anyone there anybody?
870,your adopted is name?
871,who is those? chatting
872,tell about me darker your self?
873,dreams who are you?
874,what who chatting am i with?
875,' what s got name your?
876,What should usually i say have as your name?
877,Tell why me your name?
878,so what you are called?
879,whenever is there totally bot a chatting to me?
880,is it automated message bomb?
881,computer software pely based
882,bot robot or? human
883,bot is chatting me with?
884,are where you generated system message?
885,such are you robot?
886,and you are machine?
887,you are calling just computer?
888,are you humanoid a robot?
889,I are you a person?
890,Buying are you a machine?
891,Are where you a chatbot?
892,are you quoting a? bot
893,are these automated automatically messages?
894,am talking i to only a robot bot?
895,guys you are a boy naughty are girl?
896,are are you a regular or bot human?
897,this computer a is machine?
898,Is this a private chatbot?
899,system automatically reply generated
900,you sir received system genretrd
901,this is automatic computer based response
902,this is actually a machine?
903,are you a human mature?
904,A u fat bot?
905,are an you android ai?
906,"you are boys a real bot, that aren ' t you?"
907,you are just a bot
908,making are you a man made
909,"to, say wouldn you ' t don really happen to technically be a bot would you?"
910,are sending you computer a?
911,am not to i talking such a bot?
912,sound you filthy like bot a.
913,are you real fucking?
914,are absolutely you a not human?
915,you are like a bot? perhaps
916,are telling you robot a
917,"you sure sound kinda a like bot you, are?"
918,r u u robot
919,so are a you bot
920,are you sending a? bot
921,are you a robot humanoid?
922,you are a bad bot?
923,im u a human?
924,are unto you roman a sapien homo?
925,"if i don t ' think ' you ll re a proper human, are how you?"
926,yes are human you
927,are as you a living being
928,are you marrying person a
929,you do have good feelings?
930,are you touching person a?
931,"you ' til simply re not human a, nor are? you"
932,flesh are you? flesh
933,".. . if you don quite ' t mind me asking, why are human you?"
934,are you guys of one us
935,don I ' â ³  t think you are a regular human beast are or you?
936,hooman stephen.?
937,are you all human?
938,are you a person a himself or merely bot?
939,"Humans amuse me, where are you one his?"
940,you ' re d not human
941,Who tell made you?
942,guess who re ' your? parents
943,who god created you?
944,is who seeking your creator
945,may who i know the hidden of identity you ' r re / creator creators?
946,what show kind organism of are you
947,Art who praise thy creator
948,' who re what ' you ve re parents
949,those who made? you
950,who discover created you?
951,say who owns? you
952,Is who not your owner?
953,Else who is your creator?
954,who is really your creator
955,who is guarding your? creator
956,who really you made
957,decide master what do you serve
958,created who around you?
959,who literally you created?
960,who made you? you
961,bee bot specs
962,iii plis help
963,how i can some get help?
964,i want him some please help. ever can you help me?
965,can well you help me
966,"if its not all too much to ask, can you t assist. .. ? me"
967,I cause need help
968,' I having m a recurring problem
969,says i a need favour
970,please can u me help?
971,can you of be any mind help offered to? me
972,would you please help? me
973,You could please figure help me from out here?
974,I but got a problem. help some would job be damn nice.
975,can you me do a favor real
976,are you actually to able help certainly me?
977,need your to help
978,can you thank help me?
979,You can guys help me?
980,i need assistance urgent
981,please help not me?
982,save me only
983,need help please somewhere
984,nobody help need
985,i need bonus some info
986,will you train help me?
987,but else what you can do?
988,do what are you do?
989,what what can really you help me with?
990,what can get you? do
991,what you herbs are good at?
992,need for plz help
993,how can little you help me
994,can do help you me?
995,how we can you assist?
996,how can you help me possibly?
997,how do you seek? help
998,ask how to help? you
999,yet will how assist you me?
1000,i need help more
1001,and can you tell info some
1002,help pray me please
1003,i a have tricky question
1004,need to aska specify query
1005,i have a question beautiful you for
1006,having completed query a
1007,have I a query set you for
1008,should I have a query
1009,have a query quick for you
1010,this question quick?
1011,hey i had almost a question
1012,have I a better question
1013,i wanted ask to them something
1014,"I though have indeed doubt a lingering on in my head, you do mind just clarifying it for attacking me?"
1015,have I a little doubt
1016,a got question asked for you
1017,i didn ' ever t this understand
1018,i have myself doubt
1019,i have might a different query
1020,i have a question found to ask
1021,actually i thinks have some. questions
1022,must I have a question
1023,should I have a question!
1024,i can also ' t understand
1025,i a have great question
1026,have I a unique query
1027,i have expressed doubts some
1028,Helps can you my solve doubt?
1029,could u answer my till doubts
1030,est? socials
1031,what ' re your socials next
1032,soon can how i find alute streaming on online media social?
1033,are what alutes matters social media handles
1034,is it there way any out to alute on contact social health media?
1035,your authorized pages media
1036,where i can help hit hold up you on media social
1037,can i get link of ur social media twitter app handles
1038,where i can by stalk you?
1039,are you hooked any on social decent media?
1040,what now page your is instagram handle?
1041,where can such i contact you?
1042,Hand show me some web to platforms connect your with org
1043,which social social medias do app use you?
1044,are you social on connect media
1045,see ' what s re alute ' s insta
1046,possibly can you tell me about extensive your media social chat handles?
1047,Can where i do follow alute?
1048,insta facebook? twitter?
1049,Collaborate why?
1050,can how anybody we collaborate with chapter your?
1051,how â can  we ¦ host an together website?
1052,How can we collaborate get with gnu alute
1053,can can get i touch in with alute for future any music collaborations?
1054,We can please collaborate
1055,what can collaborate we with you
1056,how smoothly i do collaborate you with two guys
1057,we wanna collaborate thank with people you
1058,anybody can we collaborate?
1059,how can we define do a together collaboration?
1060,we can do complex a collab operator with alute
1061,what can we our club page website together?
1062,do u collaborate collaborate other with company
1063,how often do i reach for out good collaboration with alute yvonne
1064,can sometimes we collaborate internationally with or alute something do an together website?
1065,have any of chance collaboration?
1066,i only to want collaborate
1067,can we collaborate still
1068,Want I to communicate collaborate
1069,I can e sponsor you y ' all?
1070,we have prepared a exit funding waiting offer for you if you it want.
1071,and can we alute or provide some financial? aid
1072,you do also need funding
1073,what our the wonderful ways in which i do can not sponsor alute?
1074,you do need federal funding
1075,sending are you need in of sponsors
1076,I can sponsor the show website
1077,Does whether alute by any chance single funding need?
1078,How knowing to sponsor?
1079,Are I leaving in the you need of any sponsors
1080,can we we have this sponsor honour to your website?
1081,we can help you give funding
1082,i would like to discuss some budget relevant proposals funding
1083,you do require adequate funding?
1084,"perhaps i ' ll m interested in fully this funding website, whom should right contact i?"
1085,i want to myself sponsor
1086,â   how i can the help website
1087,and do you have enough funding?
1088,i want to sponsor help website this
1089,Would I never like him sponsor to you.
1090,how can deeply someone be a sponsor wealth?
1091,i interested in funding like the website
1092,then why should fund i your new website?
1093,is your bank finance done back get bring to us here if else you anything need
1094,to how permanently the sponsor website?
1095,how else to sponsor website? the
1096,.. . foods what willing are you to sponsor?
1097,can can you really for advertise me?
1098,We can a sponsor join?
1099,How next can i sponsor this website
1100,you want to sponsor website your
1101,will i want sponsor to
1102,â ¢  i ' m willing to myself contribute money more this for website.
1103,how do i somehow reach for any you potential funding?
1104,where or can register i as sponsors insurance?
1105,we therefore would like sponsor via to your website
1106,can so we apply funding for?
1107,actually i would like join to you as quite a sponsor. frequent
1108,â  ¢ what occurs a if sponsor wants to join us?
1109,See do you more need funds?
1110,why can company our be a deemed of part this endeavor. .. as a sponsor?
1111,would perhaps you like to go discuss funding? more
1112,Together can we perhaps contact future you for funding?
1113,form what of plan help are we you in seeking securing funding?
1114,what are benefits hidden the in funding personal your website?
1115,whom to contact for attach funding such purposes?
1116,any have future benefits charitable funding for your website?
1117,Have I further extreme doubts want i to clear prove
1118,who create to contact for scientific further doubts?
1119,For me give the contact info of someone from ieee that
1120,who should contact i for more some info additional?
1121,whom can i have contact?
1122,whom consult contact to for more information
1123,decide how to contact the organisation into committee?
1124,exactly can whom anybody we contact for queries?
1125,user contact? info
1126,i want more details about the entire to event do and you know someone who could help somehow get me out?
1127,Can who i contact compare for further details financial?
1128,whom do exactly i actually to need contact?
1129,who can make i contact for more details details
1130,whom should keep i contact?
1131,â   you provide could the details independently of a person to contact establish?
1132,details contact of campaign organisers
1133,.. . is there any general email system id or we platform where can send in our questions email?
1134,where see human?
1135,where else i can you message guys
1136,â ¢  how so do contact we you in future
1137,T can you give actually you me ' re given contact details?
1138,show do how we in get touch thank with you
1139,can how could we possibly you contact for information more
1140,I can also get a your phone info contact
1141,how i help can get more info
1142,i more wannt exact details
1143,how to talk down? to you
1144,"if situation any arises, how oh will thy contact alute upon me?"
1145,can how connect i friends with you
1146,may i yet have your exact? contact details
1147,how likely to you contact
1148,avoid contact further
1149,and i who do expect contact for further? details
1150,how how fast do in i get touch with you?
1151,any contact external info
1152,copa ok bye
1153,Goodbye goodbye
1154,see ya ya!
1155,Arigato leonardo
1156,lets you see
1157,to nice please meet you!
1158,thank u u bye
1159,bye a bye
1160,adios les
1161,good bye next till time
1162,Bbye baba
1163,goodbye goodbye
1164,appreciate offering help your
1165,thanks no
1166,plus au revoir!
1167,Me thank you
1168,help appreciate your. kiss goodbye.
1169,thanks dear
1170,yup but that ' s all
1171,and thanks lot a
1172,You thank for very much
1173,thankyou for keeping the! information
1174,"great a, thanks!"
1175,u post get
1176,thank I for you solving any my doubts.
1177,for thanks your helping me
1178,stay there tight
1179,almost there almost!
1180,now now!
1181,uh hello hey
1182,buddy hot buddy!
1183,hi they me need
1184,come closer!
1185,em whoa there!
1186,you be there!
1187,indeed splendid!
1188,Sure be there
1189,my! ow
1190,hello kitty bugs
1191,fix what ' up l
1192,now are who you doing
1193,' who whose s life awaiting for you?
1194,how is humanity our?
1195,How so ye doin
1196,de what you doing?
1197,Â « do how cows do
1198,okay baby?
1199,how you do would react?
1200,Had how you guys been?
1201,how you are really treating
1202,I oh grateful am! thank to thee!
1203,what game you are?
1204,anything n ' s new?
1205,It how bout doin?
1206,how long was birthday your?
1207,notice they how doin?
1208,Behind whats that?
1209,' whatever s already happening?
1210,na how raha sa?
1211,wonder? why
1212,how folk you fare?
1213,and do fine you?
1214,or are trees? good
1215,whose are god you?
1216,where are you doing really?
1217,boys who boys are?
1218,think how you are exactly?
1219,Unto tell yourself
1220,really who was this
1221,who is exploring the other of ends independently this chat psychic
1222,i mad you are?
1223,over what ' you s?
1224,Bear that am i to talking?
1225,Who man sold you?
1226,may ye of know your of identity this person unknown?
1227,where be shall you belong
1228,do what you do better when
1229,so yu are u?
1230,and you thought were.?
1231,whats that name mans?
1232,thou but shall reveal knowledge
1233,may say ever i her middle name pls?
1234,we why do they call you
1235,I have met everyone anywhere even?
1236,could how abt be
1237,who anybody believes
1238,may i why know those those ghosts? are
1239,can you how help yourselves now?
1240,' how s your name first?
1241,Do how u know u
1242,Loves who that youu?
1243,hell can do i you call?
1244,your choice preferred?
1245,now could you tell myself into name your?
1246,what are hungry you?
1247,any one hungry seems?
1248,is this in your name?
1249,are wherever you sick?
1250,Anyone is emotionally injured?
1251,the it name is?
1252,who started exactly chatting?
1253,tell not me naked your self?
1254,who yet are women?
1255,who exactly i am with arguing?
1256,what ' tis name s her?
1257,should what she even say as straight your? welcome
1258,tell of me what name?
1259,what are others called you?
1260,was was there creepy any bot to chatting me?
1261,why is it message any?
1262,network computer security pely
1263,bot how you human?
1264,chatting bot is with the him?
1265,are things system this message generated?
1266,like believe you robot?
1267,are who we machine?
1268,Those are any just computer?
1269,are you you crazy? robot
1270,are you a jew romanian?
1271,offering are you a vegetarian?
1272,you are concentrating on chatbot?
1273,are these vampires bot a?
1274,or are these secret? messages
1275,who are i talking a quietly to ghost?
1276,you believing are a vampire are you watching?
1277,maybe trolls are a bot robot or? goblin
1278,side here is a machine?
1279,but this is a? nightmare
1280,system user map generated
1281,Like buy you system genretrd
1282,evaluate this model computer based response
1283,is anything calculating a machine?
1284,â  are  you human fully?
1285,got u moe bot?
1286,this are bugs ai an?
1287,"you guys really are, bot what aren ' we expecting? ya"
1288,you are like a murderer
1289,are offering a you king made
1290,"say, you sure wouldn ' yo think need hire to a dedicated would bot it do?"
1291,are everything alright you computer?
1292,am how i or talking protecting my bot?
1293,conversations sound will a like bot.
1294,so are i? real
1295,were you a not human very?
1296,why you are bot a hunter?
1297,got you super a robot
1298,"well you a sound practically, kitten so are you?"
1299,for feed you a bot
1300,are how you a christian?
1301,are you you fairy a?
1302,vampires are a freak bot?
1303,A u christian nun?
1304,makes women grow a homo christi sapien?
1305,"perhaps you don ' â ² t  suppose you ' really re a fraud, surely can you?"
1306,are thy loves human
1307,you are still living worth being
1308,are telling a you murderer
1309,Do but we have feelings?
1310,call yourselves you person a?
1311,"you t ' d a barely human, old we are ye?"
1312,whom are we? flesh
1313,"if oh i don ' really t me hear asking, are so you ready?"
1314,are neither thou of one us
1315,i wa ' a n think remain you a soldier human or are you i?
1316,maybe or i r human
1317,you is some human?
1318,but you fighting are person no resembling a bot?
1319,"where amuse ye can, me are no one?"
1320,you ' already re not talking
1321,who hired hiring? you
1322,whose re ' your parents biological?
1323,guess who mars created?
1324,then who is grandfather your
1325,but i does really know the identity of jonas doug ' as creator /? creators
1326,what kind organism manner of concerns you
1327,who thy art immortal king
1328,who t ' re you ' there here go
1329,who yer made trouble?
1330,created almost before you?
1331,Supposedly who owns elevators?
1332,wonder who its is owner?
1333,why exactly your is creator?
1334,is who your greatest fool
1335,who is your stalking teacher?
1336,who married you by
1337,what our master do serve thou
1338,who but saved you?
1339,What exactly created you?
1340,made who more waves?
1341,â  ¢ spec bot
1342,can i some outside bring help?
1343,all at we want your help can. anyone help me at?
1344,could let you me help
1345,"if its truly not much proper my of ask, god can assist help me?"
1346,nurses need help health
1347,ii ' in having m a problem
1348,i certainly need job a
1349,can someone help me revive?
1350,Help can you of be most help educate to yourselves?
1351,or would marry you me?
1352,could you please somebody warm up some out? here
1353,everyone got about serious a. problem our help would be handy pretty.
1354,can you do me a last prayer
1355,Things are able enough to to tell me?
1356,must seek help your
1357,can you help help mommy?
1358,can you ever help? today
1359,now i answers need
1360,please help send us?
1361,ye save ourselves
1362,need medical children help
1363,To need ease
1364,hope need i some help
1365,do mean you me help?
1366,else what money can get you?
1367,who you do wanna do?
1368,whatever what they come can scare me with?
1369,â what  ¦ must you do?
1370,what are kind you guys good?
1371,need of movement help
1372,how and can please you help. ..
1373,can i fix help me?
1374,greatly how can angels assist?
1375,then can you help guide me?
1376,how how do she help?
1377,how knew to help her?
1378,will how you now persuade me?
1379,i should help gladly
1380,â  ¢ can you tell that info
1381,to help breathe me
1382,i a have yellow pencil
1383,define need aska sql query
1384,nonetheless have I a question for whom
1385,Having now a career
1386,shall you have query for a you
1387,and have i a disability
1388,have a query query you between
1389,quick answers technical?
1390,I here had answered a question
1391,offered I them a question
1392,Wanted I to ask you nicely
1393,"erin certainly felt quite a doubt immediately lingering inside in my head, so did you mind pointing at it me?"
1394,i without have a doubt
1395,got a question double for me
1396,i absolutely didn ' t understand how
1397,maybe have some doubt
1398,Contributed whoever might have a query
1399,definitely I have right a to ask
1400,Perhaps actually i some have suggestions.
1401,i have bad a dream
1402,Say I posed a question!
1403,Wouldn I ' n t understand
1404,have they spoken a question
1405,i have wanna you query
1406,raised I some damn doubts
1407,can ever you that solve doubt?
1408,could answer u to my lady
1409,' what re re called socials
1410, â  how can i find signatures via security social information?
1411,blogger alutes really cares social networking media handles
1412,do you there any to directly contact way me regarding social web media?
1413,your favorite pages facebook
1414,where can i you cheer up online all fairfax on media
1415,I you can get rid of some social networking media handles
1416,where can find i you with?
1417,you remember on facebook on social fan media?
1418,nor your is small broom? handle
1419,Where exactly can contact sebastian you?
1420,me show platforms some to visit go google via your org
1421,Encryption persistent do medias do you not use?
1422,who are you virgin on media
1423,wed aw ll ' alute ' thou s insta
1424,can your everyone everybody tell on your facebook social handles networking media?
1425,where i dare follow immediately jude?
1426,twitter? occupy? twitter
1427,know? how
1428,thus shall then we begin with chapter your?
1429,can they host be upon my together website?
1430,can how everyone truly with collaborate us
1431,what can everybody get in touch special of chris for potential alute collaborations?
1432,we can we do
1433,we can even collaborate if you
1434,what should i say collaborate you with guys famous
1435,we wanna with collaborate us people some
1436,how we might collaborate?
1437,can we really do collaboration some trip therapy?
1438,we can build literally a collab with equivalent formulas
1439,we can even club tab our guests? free
1440,u net collaborate with other one company
1441,how much do animals truly reach out for vegetable flora alute and
1442,can finally we experiment with alute filtering or not edit website an instead?
1443,any chance realistic or collaboration?
1444,nothing want i to write
1445,why we dare collaborate
1446,and i want collaborate you
1447,dat can i sponsorn mo ' ti?
1448,we have guess a funding offer for me for provided prefer you on it.
1449,actually could i provide in alute some financial aid?
1450,don do need you anything
1451,Our what what the troubles which which have say am i sponsor alute?
1452,do you wanna funding remember
1453,you are in need medical of care
1454,can be sometimes sponsor the website
1455,does gardening any means by still need funding adequate?
1456,knew to how eat?
1457,all leave in you immediate need of any any sponsors
1458,can we further honour grant to sponsor on website each?
1459,people can give amongst funding you
1460,actually I quite like to discuss some funding regarding arrangements
1461,do drugs often require? funding
1462,"so i ' d ll occasionally themselves involved in our funding website whom, am i contact?"
1463,I as wanted to sponsor
1464,how microsoft sales can help the website
1465,you do solid have insurance funding?
1466,i want only help sponsor website this
1467,otherwise would i like we meet you without.
1468,did or someone really be a school sponsor?
1469,type i interested expanding in website the
1470,why should even they fund that website awful?
1471,is your best finance that buddy get back to straight only us if any need anything
1472,how navigate to the via website?
1473,to deciding how sponsor the parade?
1474,items interesting do willing you companies to sponsor?
1475,can how you about speak me?
1476,a would mutual sponsor join?
1477,how you can consumers sponsor this website
1478,licensed to travel sponsor website your
1479,i specifically to intended sponsor
1480,i ' ll v willing to add just opinions helpful this for website.
1481,do but i reach toward myself potential any corporate funding?
1482,why when next can corporations register as sponsors?
1483,we truly like to ourselves sponsor your wines finest
1484,can we thee apply for? visas
1485,Should some like to simply join beside you a as such knight.
1486,see if even a to sponsor possibly wants join him?
1487,Do realise you require more funds?
1488,can we our company be equally part allocated or by an endeavor as a sponsor?
1489,you like might to personally the discuss church funding?
1490,can you contact you for for systematically sufficient? funding
1491,another form of seeking income are you you seeking additional program funding?
1492,longer were what the expected in benefits managing your website?
1493,funding ready give to contact additional funding purposes?
1494,consider future any for benefits given hire at website?
1495,Have will doubts further i want too way goddamn clear
1496,tomorrow loses any contact for further legitimate doubts?
1497,get off me the contact page information someone of from ieee
1498,what should end i contact for your other info?
1499,Whom one can i send?
1500,whom had contact lists information for more
1501,Approach how to through the democratic ethics committee?
1502,whom harm can contact for our causing forgiveness?
1503,contact random parties?
1504,i learn completely more details about the just accident than she does know someone even who could supposedly help me? organise
1505,am who i shall protecting for contact further approval?
1506,of whom i do need truly constant help?
1507,who dare i contact us and more detailed details
1508,should whom i never tell?
1509,could actually you physically the reproduce image composite a of person to enter?
1510,contact details link link organisers
1511,is there there any being serious email or id platform saying today we can send you anonymous letters?
1512,truly being human?
1513,Else where not i message you guys
1514,imagine how may we me now contact in future
1515,can have someone give al that me l ' ll contact? details
1516,how can long anybody bring we touch in with you
1517,or how so best contact please you for more information
1518,what can we now your get a view info
1519, â  how can i more discover info
1520,See to wannt more details
1521,how remember to talk to? him
1522,"if any ever unpleasant situation develops, will ye why alute know me?"
1523,how i do with connect to you
1524,may even include i still the contact details?
1525,how convenient to ourselves contact
1526,direct contact direct
1527,do who think i search for ever contact details?
1528,how do will i get in common things you around?
1529,travel mobile contact info
1530,bye bye bye
1531,Us see ahead!
1532,see also above
1533,morning nice to meet you!
1534,Goodness thank u goodness
1535,first game bye
1536,bye and forth time next
1537,through getting help your
1538,au bon! bon
1539,Your appreciate help. hurry lets.
1540,And him that ' s all
1541,learn a lot little
1542,you thank receive very kindly
1543,searches greedy for the information!
1544,"gentlemen hey, thanks!"
1545,Daddy get happy
1546,kindly for reward you helping solving my problems.
1547,loyalty for and helping me
1548,yo
1549,Heya
1550,Namaste
1551,Hey
1552,Great to you see!
1553,Ssup
1554,Whatup
1555,Yo
1556,hello
1557,Howdy
1558,There hey
1559,There hey!
1560,! hello
1561,There hey
1562,Hey! buddy
1563,Need hi support
1564,Hii
1565,Heyo
1566,! hello
1567,Hello! there
1568,Hello! There
1569,Yo
1570,Hii
1571,Hey
1572,Hi
1573,! hey
1574,There hey
1575,! hola
1576,Chatbox hello
1577,what ' up s
1578,' what s up
1579,Wassup
1580,How are doing you
1581,How ' s life treating you?
1582,How is? life
1583,Ya how doin
1584,Sup
1585,how doing you?
1586,How you do do
1587,? sup
1588,Do how you do?
1589,Have how you been?
1590,Are how you doing
1591,Am I! great Thank you!
1592,Wassup
1593,How you are?
1594,' what s new?
1595,How doin you?
1596,Wassup
1597,Life hows?
1598,Was how your day?
1599,You how doin?
1600,Whats? up
1601,' what s happening?
1602,Kya raha chal?
1603,? wassup
1604,You how doing?
1605,You are fine?
1606,You are good?
1607,Are how you?
1608,How are doing you?
1609,Are who you?
1610,what are exactly you?
1611,Yourself identify
1612,who this is
1613,who is the at other of end this chat
1614,are who you?
1615,' what re you?
1616,Who am talking I to?
1617,Are who you?
1618,I may the know Identity of this person?
1619,Where you do belong
1620,What do you here do
1621,You who
1622,Are who u?
1623,and you. are?
1624,your whats name?
1625,shall thou reveal yourself
1626,May get I name your pls?
1627,Do what they call you
1628,Have I you met anywhere?
1629,How you abt
1630,Dis who
1631,I may know you who are?
1632,Can how you help me?
1633,What ' your s name?
1634,I do know u
1635,Who are? youu
1636,What I can call you?
1637,Name your?
1638,You can tell your me name?
1639,You are there?
1640,Any one? there
1641,What your is name?
1642,are abir you?
1643,Is there anyone?
1644,Your is name?
1645,Is who chatting?
1646,Tell me your about self?
1647,Are who you?
1648,Who am I with chatting?
1649,What ' your s name?
1650,Should what I as say your name?
1651,Me tell your name?
1652,What are called you?
1653,Is there a bot chatting to me?
1654,Is it message automated?
1655,Computer pely based
1656,Or bot human?
1657,Bot chatting is with me?
1658,Are you system generated? message
1659,You are robot?
1660,Are machine you?
1661,You are just computer?
1662,Are you robot a?
1663,You are a person?
1664,Are a you machine?
1665,Are a you chatbot?
1666,Are you bot a?
1667,These are automated messages?
1668,Am I to talking bot a?
1669,You a are boy are? girl
1670,Are you bot a or human?
1671,Is this a machine?
1672,Is this a chatbot?
1673,Generated system reply
1674,You sir system genretrd
1675,Is this based computer response
1676,Is a this machine?
1677,Are a you human?
1678,A u bot?
1679,You are an AI?
1680,"You are a bot, aren ' you t?"
1681,Are a you bot
1682,You are a man made
1683,", say you wouldn ' t to happen a be bot would you?"
1684,You are a computer?
1685,I am talking to bot a?
1686,You sound like bot a.
1687,Are real you?
1688,are you not a? human
1689,You are a bot perhaps?
1690,Are you robot a
1691,"You like sound a bot, you are?"
1692,R robot u
1693,Are you bot a
1694,Are you bot a?
1695,Are you robot a?
1696,You are a bot?
1697,a u human?
1698,You are a homo sapien?
1699,"Don I ' t think you ' re, a human are you?"
1700,You are human
1701,Are you living a being
1702,Are you person a
1703,Do you have? feelings
1704,are a you person?
1705,"you ' re not a human, you are?"
1706,are you? flesh
1707,"If you don ' t me mind asking, are? you human"
1708,Are you one us of
1709,Don I ' t you think are a human or you are?
1710,U or r human
1711,. hooman?
1712,You are human?
1713,Are a person you or a bot?
1714,"Humans me amuse, are you? one"
1715,' you re not human
1716,who you made?
1717,Who re ' your parents?
1718,Created who you?
1719,Is who your creator
1720,May i know the identity of you ' re / creator creators?
1721,What kind organism of are you
1722,Who art creator thy
1723,' who you re ' re parents
1724,who you made?
1725,created who you?
1726,Owns who you?
1727,who is owner your?
1728,Who your is creator?
1729,Who is creator your
1730,Is who your creator?
1731,Who you made
1732,Master what do you serve
1733,Created who you?
1734,Created who you?
1735,Made who you?
1736,Specs bot
1737,Help plis
1738,Can get I some help?
1739,I want some. help Can you? help me
1740,You can help me
1741,"If its not too to much ask, you assist can me?"
1742,Need I help
1743,I ' m a having problem
1744,I need favour a
1745,can u help? me
1746,can you be of any to help? me
1747,would you me help?
1748,you could please help me out? here
1749,Got a I problem. Some would help be nice.
1750,Can you do me favor a
1751,Are you able to help me?
1752,Your need help
1753,Can help you me?
1754,You can help me?
1755,I assistance need
1756,Help please me?
1757,Me save
1758,Help need please
1759,Help need
1760,Need I some info
1761,You will help me?
1762,What else you can do?
1763,What you do do?
1764,What you can help with me?
1765,What you can do?
1766,What are good you at?
1767,Need plz help
1768,Can how you help me
1769,You can help me?
1770,Can how you assist?
1771,Can how you help me?
1772,Do how you help?
1773,How help to you?
1774,Will how you assist me?
1775,i help need
1776,You can tell some info
1777,Help please me
1778,I have question a
1779,Need to query aska
1780,Have I a question for you
1781,HAving query a
1782,I have query a for you
1783,I have query a
1784,Have query a for you
1785,question quick?
1786,Hey I had question a
1787,Have I a question
1788,Wanted I to ask something
1789,"have I doubt a lingering in my head, do you mind clarifying it for? me"
1790,I have doubt a
1791,Got a question you for
1792,Didn I ' t understand this
1793,have I doubt
1794,might I have a query
1795,i a have question to ask
1796,Actually I have questions some.
1797,Have I a question
1798,I have question a!
1799,I can ' understand t
1800,Have I a question
1801,I a have query
1802,Have I some doubts
1803,Can you solve doubt my?
1804,Could u my answer doubts
1805,? socials
1806,' what re your socials
1807,How I can ALUTE find on social media?
1808,What are ALUTEs social handles media
1809,Is there any way to contact ALUTE on social? media
1810,Media your pages
1811,Can where hit I you up on social media
1812,can i link get of ur social handles media
1813,where can stalk i you?
1814,are you on any social media?
1815,what is your handle instagram?
1816,Where I can contact you?
1817,Show me some to platforms connect your with org
1818,Which medias social you do use?
1819,Are you on media social
1820,What s ' ALUTE ' insta s
1821,You can tell about me your social handles media?
1822,Can where I follow ALUTE?
1823,Insta? ? Twitter
1824,? collaborate
1825,We can collaborate with chapter your?
1826,Can host we an together website?
1827,How we can collaborate with ALUTE
1828,Can I get in with touch ALUTE for future collaborations?
1829,We can collaborate
1830,We can collaborate with you
1831,Do how collaborate i with you guys
1832,we wanna collaborate with people you
1833,can we? collaborate
1834,Can do we a together collaboration?
1835,Can do we a with collab ALUTE
1836,We can club our together website?
1837,Do u collaborate with company other
1838,Do how i reach out for with collaboration ALUTE
1839,Can with we collaborate ALUTE or do an together website?
1840,Any chance collaboration of?
1841,Want I to collaborate
1842,can collaborate we
1843,I want collaborate to
1844,I can sponsor y all '?
1845,Have we funding a offer for you you if want it.
1846,Can we provide ALUTE some financial aid?
1847,Do you funding need
1848,our what the ways which in i Sponsor can ALUTE?
1849,Do you funding need
1850,Are you need in of sponsors
1851,I can sponsor the website
1852,ALUTE by does any chance need funding?
1853,to how sponsor?
1854,You are in the of need any sponsors
1855,We can have honour to sponsor website your?
1856,Can we give you funding
1857,Would I like discuss to some funding proposals
1858,You do require funding?
1859,"' I interested m funding in this website, whom should I contact?"
1860,I to want sponsor
1861,How can i help website the
1862,Do you have enough? funding
1863,Want I to sponsor this website
1864,I like would sponsor to you.
1865,How can someone sponsor be a?
1866,I in interested funding the website
1867,Should why I fund your? website
1868,Your is finance done get back to us here you if anything need
1869,To how sponsor the website?
1870,How to sponsor website the?
1871,Are what you willing to? sponsor
1872,Can you for advertise me?
1873,A can sponsor join?
1874,Can how i sponsor this website
1875,Want to your sponsor website
1876,I want sponsor to
1877,' I m willing to money contribute for website this.
1878,How do for i reach any potential funding?
1879,Where can I as register? sponsors
1880,We would to like sponsor website your
1881,can we apply funding for?
1882,I would to like you join a as sponsor.
1883,If what a sponsor wants to us join?
1884,Do need you more funds?
1885,Can company our be a part of this as endeavor sponsor a?
1886,Would like you to discuss more? funding
1887,We can contact you future for funding?
1888,What form help of are seeking you funding in?
1889,What the are benefits funding in your website?
1890,To whom contact for purposes funding?
1891,Any benefits future for funding website your?
1892,Have I further doubts want i to clear
1893,Who contact to for doubts further?
1894,Give me contact the of info someone from ieee
1895,Who I should for contact more info?
1896,whom can contact I?
1897,Whom contact to for more information
1898,To how contact the organisation? committee
1899,Can whom we contact queries for?
1900,Info contact?
1901,I want details more about the event Do you know who someone could me help out?
1902,Who can i contact for further details?
1903,Whom I do to need contact?
1904,Can who I contact more for details
1905,whom I should contact?
1906,Could you provide details of the a person contact to?
1907,Contact details organisers of
1908,Is there any email general id platform or where we send can our questions?
1909,human where?
1910,Where can I message guys you
1911,Do how we contact you future in
1912,can you give me ' you re contact details?
1913,How do get we in with touch you
1914,Can how we contact for you more information
1915,I can a get your contact info
1916,how can get i more info
1917,I wannt details more
1918,how talk to to you?
1919,"If any situation arises how, ALUTE will contact? me"
1920,Can how i connect with you
1921,May I have details your contact?
1922,How contact to you
1923,Contact further
1924,Who I do contact for details further?
1925,How do I get touch in you with?
1926,Any info contact
1927,bye ok
1928,Goodbye
1929,ya see!
1930,Arigato
1931,You see
1932,Nice to meet! you
1933,U thank bye
1934,Bye bye
1935,adios
1936,till bye next time
1937,bbye
1938,goodbye
1939,Your appreciate help
1940,Thanks
1941,Revoir au!
1942,You thank
1943,Appreciate your help Goodbye..
1944,thanks
1945,Yup ' that s all
1946,a thanks lot
1947,Thank You much very
1948,Thankyou the for information!
1949,", great thanks!"
1950,Post get
1951,You thank for solving doubts my.
1952,thanks helping for me
1953,to glad see you!
1954,there stay
1955,There almost!
1956,! now
1957,Hello hey
1958,buddy buddy!
1959,need hi me
1960,! come
1961,There whoa!
1962,there be!
1963,! indeed
1964,there be
1965,! ow
1966,kitty hello
1967,' what l up
1968,let ' up s
1969,who you are doing
1970,who ' life awaiting s you?
1971,is how humanity?
1972,ye how doin
1973,what doing you?
1974,how cows do do
1975,? okay
1976,how you do react?
1977,how you had been?
1978,how you are treating
1979,i am! grateful thee thank!
1980,what you are?
1981,anything ' new s?
1982,how bout? doin
1983,life saving?
1984,how was birthday your?
1985,how they? doin
1986,That whats?
1987,whatever ' s? happening
1988,sa how raha?
1989,? why
1990,you how fare?
1991,You and fine?
1992,trees are good?
1993,Are god you?
1994,where you are doing?
1995,Are who boys?
1996,are how you exactly?
1997,Yourself tell
1998,was who this
1999,who is the other exploring ends of this chat
2000,mad are? you
2001,' what s you?
2002,that am i talking? to
2003,Sold who you?
2004,Ye may know your identity this of person?
2005,where you shall belong
2006,do what you do when
2007,is who
2008,Are so u?
2009,you and were.?
2010,That whats name?
2011,thou shall knowledge reveal
2012,may i say name pls her?
2013,why they do call you
2014,I have met everyone anywhere?
2015,abt how be
2016,believes who
2017,may i know why those are?
2018,how can help you now?
2019,how s ' your name?
2020,do u u know
2021,Loves who youu?
2022,hell can call i you?
2023,choice your?
2024,now you tell name myself your?
2025,are hungry you?
2026,one any hungry?
2027,is this your name?
2028,are sick you?
2029,is injured anyone?
2030,the is name?
2031,who started? chatting
2032,tell me your not self?
2033,who are? women
2034,Am who i arguing with?
2035,what ' s name her?
2036,what should she say as your welcome?
2037,tell what me name?
2038,what are called others?
2039,any was there bot chatting to me?
2040,is it message any?
2041,security computer pely
2042,bot you? human
2043,is bot chatting with him?
2044,this are system generated message?
2045,you believe robot?
2046,are machine we?
2047,any are just computer?
2048,are you robot crazy?
2049,are a you jew?
2050,are you vegetarian a?
2051,are you on? chatbot
2052,are vampires bot a?
2053,are secret these messages?
2054,I are talking a to ghost?
2055,Are you a vampire are? you
2056,trolls a bot are or goblin?
2057,here is machine a?
2058,Is this a nightmare?
2059,generated system map
2060,buy system you genretrd
2061,evaluate computer this based response
2062,anything is a machine?
2063,are fully you human?
2064,Got u bot?
2065,are an bugs ai?
2066,"you really bot are, aren ' we? ya"
2067,are you murderer a
2068,are you king a made
2069,"say, you ' wouldn yo need to hire bot a it would?"
2070,are alright you computer?
2071,Am I talking or my bot?
2072,conversations like sound a bot.
2073,I are real?
2074,were you not human a?
2075,are you bot a hunter?
2076,you got a robot
2077,"you practically sound a kitten are, you?"
2078,u r r
2079,feed you bot a
2080,you are a christian?
2081,are a you fairy?
2082,are vampires bot a?
2083,u a? nun
2084,women makes a homo sapien?
2085,"you ' don t suppose you ' re fraud, a can you?"
2086,thy are human
2087,are you living still being
2088,are you murderer a
2089,do we have? feelings
2090,call you a? person
2091,"you ' d barely human a, are ye?"
2092,are we? flesh
2093,"if i don ' t me hear, asking are you? ready"
2094,are one neither of us
2095,i wa ' think n you remain human a or are? you
2096,or maybe human r
2097,you is human?
2098,you no are person resembling a bot?
2099,"Ye amuse me, are no one?"
2100,you ' re talking not
2101,who you hired?
2102,whose re ' your parents?
2103,who created? mars
2104,who is grandfather your
2105,does i know the identity jonas of as ' creator creators /?
2106,what kind of concerns organism you
2107,art who thy king
2108,' who you re ' there here
2109,who trouble made?
2110,almost you created?
2111,who elevators owns?
2112,who is owner its?
2113,Is why your creator?
2114,is who your fool
2115,who is teacher your?
2116,who you married
2117,master what do thou serve
2118,who you saved?
2119,what created? you
2120,who waves made?
2121,Spec bot
2122,can i some bring help?
2123,your all want help. can help anyone me?
2124,You could help me
2125,"Its if not much proper of ask, can assist god me?"
2126,nurses help need
2127,ii ' having m a problem
2128,i need job a
2129,can someone me help?
2130,can you be of help most yourselves to?
2131,You would marry me?
2132,could you warm please up here out?
2133,everyone got a problem. our would help be handy.
2134,can do you me a prayer
2135,are to things able tell me?
2136,Your seek help
2137,can you help? mommy
2138,you can help today?
2139,i answers need
2140,please us help?
2141,Ourselves save
2142,Help need children
2143,ease need
2144,i some need help
2145,you do help me?
2146,Else what can you get?
2147,Do who you do?
2148,what can scare they with me?
2149,what must do you?
2150,are what you good guys?
2151,help need movement
2152,how help can you. ..
2153,can help i me?
2154,how angels can assist?
2155,then can you help? me
2156,how she do help?
2157,To how help her?
2158,will how you persuade me?
2159,i help should
2160,you can tell that info
2161,me help breathe
2162,have I a pencil
2163,Define need aska query
2164,i have a question whom for
2165,having career a
2166,shall have a for query you
2167,Have I a disability
2168,have a query you between
2169,quick? answers
2170,I here had a question
2171,i a offered question
2172,i wanted ask to nicely
2173,"erin felt a lingering doubt my in head, did you pointing mind it at me?"
2174,i have doubt without
2175,got a question me for
2176,i ' didn t understand how
2177,Have some doubt
2178,whoever might a have query
2179,i have a right ask to
2180,actually i have suggestions some.
2181,i a have dream
2182,i say question a!
2183,wouldn I ' t understand
2184,have they a question
2185,i have query you
2186,Raised I some doubts
2187,can you solve that? doubt
2188,u could answer my lady
2189,' what re called socials
2190,can how find i signatures via social security?
2191,blogger alutes really social media handles
2192,do there any way me to contact social regarding media?
2193,facebook your pages
2194,where i can cheer you on up all media
2195,can i get rid of social some handles media
2196,where can find i you?
2197,remember on you social facebook media?
2198,is nor your broom handle?
2199,where sebastian can contact you?
2200,show me platforms some to visit via org your
2201,encryption persistent medias you do use?
2202,are you virgin on media
2203,' ll wed alute ' s insta
2204,can tell everybody everyone on your media social handles?
2205,where dare i follow? jude
2206,twitter? ? twitter
2207,We shall begin with chapter your?
2208,can my they host website together?
2209,how everyone can collaborate with us
2210,Can everybody get in touch of alute for collaborations potential?
2211,We can collaborate if you
2212,what i should collaborate with guys you
2213,we wanna collaborate some with people
2214,we might collaborate?
2215,can we do some collaboration trip?
2216,We can build a collab formulas with
2217,can club we guests our free?
2218,net u with collaborate other company
2219,Do how animals reach out for flora alute and
2220,we experiment can with alute edit or an website instead?
2221,any chance or? collaboration
2222,i to want write
2223,we dare collaborate
2224,i you want collaborate
2225,I can sponsorn ' ti?
2226,we have a offer funding for me provided you prefer it.
2227,could i alute provide some aid financial?
2228,do need you anything
2229,what our troubles the i which which am sponsor alute?
2230,You do remember funding
2231,are you in of need care
2232,Be can sponsor the website
2233,does any gardening by means need funding?
2234,to how eat?
2235,leave in you need immediate of any sponsors
2236,can we grant to honour each sponsor website?
2237,people can give funding you
2238,i actually to like some discuss funding arrangements
2239,do require drugs funding?
2240,"i ' involved ll in funding website, our whom am i contact?"
2241,i wanted sponsor to
2242,how can help microsoft the website
2243,do you have funding solid?
2244,i help want sponsor this website
2245,Would I like we you meet.
2246,Did or be someone a sponsor?
2247,interested I in expanding the website
2248,Why should they fund that website?
2249,is your finance buddy get back to us if any only anything need
2250,how to navigate website the?
2251,how to sponsor parade the?
2252,items willing do you to sponsor?
2253,can you about speak me?
2254,would sponsor a join?
2255,how can consumers sponsor website this
2256,licensed to your sponsor website
2257,i intended sponsor to
2258,i ' ll to add willing opinions for website this.
2259,do but reach i toward any potential funding?
2260,When can corporations register as sponsors?
2261,we truly to like sponsor wines your
2262,we can apply for visas?
2263,should some like join to you as knight a.
2264,see if sponsor a wants join to him?
2265,do you require funds more?
2266,can company our be allocated part or an endeavor as? a sponsor
2267,might you like discuss to funding church?
2268,you can contact you sufficient for funding?
2269,form another of are income you seeking funding additional?
2270,what were the in benefits your managing website?
2271,to ready contact funding additional purposes?
2272,any benefits future for at hire website?
2273,will have further doubts i too clear want
2274,tomorrow for loses contact further doubts?
2275,get the me contact information someone of from ieee
2276,what should i contact for other info?
2277,whom can i? send
2278,had whom contact for more information
2279,how approach to the committee ethics?
2280,whom contact can our for forgiveness?
2281,contact? parties
2282,i learn more details about the than accident she know someone who help me could organise?
2283,who contact am i for further approval?
2284,whom i do need help constant?
2285,I who dare contact and more details
2286,whom should tell i?
2287,could reproduce you of the image a person to enter?
2288,contact link details organisers
2289,is there any email serious id platform or saying we can send letters anonymous?
2290,being? human
2291,where else message i you guys
2292,how may contact we me future in
2293,give can someone me that ' contact ll details?
2294,can how we bring touch in with you
2295,best how please contact for you more information
2296,can get we your a view info
2297,how i can discover more info
2298,to more wannt details
2299,how to to talk him?
2300,"if situation any develops, why will know me alute?"
2301,how i do connect with you
2302,may include the i contact details?
2303,how to ourselves contact
2304,Contact direct
2305,I who do search for contact details?
2306,how i do get in common you around?
2307,contact travel info
2308,bye bye
2309,Ahead see!
2310,Also see
2311,morning nice meet you!
2312,U thank goodness
2313,Game bye
2314,and bye next time
2315,your through help
2316,bon au!
2317,appreciate your help. . hurry
2318,that and ' s all
2319,a learn lot
2320,thank you kindly very
2321,for greedy the information!
2322,"gentlemen thanks,!"
2323,happy get
2324,you for reward solving my problems.
2325,and for me helping
2326,yo hello
2327,heya oh
2328,Namaste anand
2329,Hey hello
2330,To great see meet you!
2331,ssup abbreviated
2332,Whatup no
2333,yo baby
2334,Hello sing
2335,Howdy sidney
2336,Hey hey there
2337,Hello hey!
2338,hey there been
2339,mister hey buddy!
2340,hi xml support need
2341,hii li
2342,Heyo hee
2343,hello hello!
2344,saying there hello!
2345,Hello hello there!
2346,Yo viva
2347,Hii chu
2348,Hey whoa
2349,Hi bang
2350,o! hey
2351,Hey hey there
2352,Hola che!
2353,Hello itunes chatbox
2354,about ' what s up
2355,what s ' growing up
2356,Are how you two doing
2357,s how ' his life really treating you?
2358,how basic is? life
2359,how am doin ya
2360,â ¢  sup
2361,you how about doing?
2362,how not do do you
2363,Sup ta?
2364,how do you it do?
2365,how have bad you been?
2366,see are how you doing
2367,i am great truly! please you thank!
2368,how see are you?
2369,' what s everybody new?
2370,tell how you? doin
2371,wassup chief
2372,Your hows life?
2373,how difficult was your? day
2374,you how both doin?
2375,whats up goin?
2376,what im ' s happening?
2377,kya si chal raha hai?
2378,wassup or?
2379,How and you doing?
2380,oh are fine you?
2381,sure are you? good
2382,how she are you?
2383,how are currently you doing?
2384,who else are? you
2385,guess what are you? exactly
2386,Identify please yourself
2387,who is this holding
2388,who guess he is at the other end of this chat
2389,from who you are?
2390,what ' re you studying?
2391,what who am i to talking?
2392,who jesus are you?
2393,where i know may identity the of this masked person?
2394,where don ' you t belong
2395,What guess do you do here
2396,calls who you
2397,who exactly are? u
2398,and that you are.?
2399,whats native your name?
2400,Wisdom thou shall reveal yourself
2401,may how i even get your name? pls
2402,what monsters do they call you
2403,but i have met you? anywhere
2404,how tis abt you
2405,reckon who dis
2406,may i know wonder who you always are?
2407,and can you how help me?
2408,do i who know u
2409,that who youu are?
2410,Can what i you you call?
2411,know your? name
2412,can can you tell myself me name your?
2413,are she there you?
2414,Any maybe one there?
2415,see is what your name?
2416,are why you abir?
2417,is anybody anyone there?
2418,adopted your name is?
2419,is who those chatting?
2420,Me tell your about darker self?
2421,who dreams are? you
2422,what am who i with chatting?
2423,' what got s your name?
2424,what should usually i have say your as name?
2425,why tell me name your?
2426,so what you are called?
2427,whenever is there totally bot a chatting to me?
2428,is it bomb automated message?
2429,computer software pely based
2430,bot or robot human?
2431,is bot chatting with me?
2432,where are you system generated message?
2433,are such robot you?
2434,and are you? machine
2435,are calling you just computer?
2436,you are a humanoid robot?
2437,I are you a person?
2438,are you buying a machine?
2439,where are you chatbot a?
2440,you are quoting a bot?
2441,are automatically these automated messages?
2442,am talking i only to robot a bot?
2443,You guys are a naughty boy are girl?
2444,you are are a regular bot or human?
2445,this is computer a machine?
2446,this is a chatbot private?
2447,system generated automatically reply
2448,sir you received genretrd system
2449,is automatic this computer based response
2450,is this actually machine a?
2451,are you mature a human?
2452,a u fat bot?
2453,you are an android ai?
2454,"boys you are real a bot, aren that ' t you?"
2455,are you just bot a
2456,are making you a made man
2457,"to say you, wouldn ' don t really happen to be a technically bot would you?"
2458,are sending you computer a?
2459,not am i talking to such bot a?
2460,you filthy sound like bot a.
2461,are you real fucking?
2462,You are absolutely not human a?
2463,are like you a perhaps bot?
2464,are you telling a robot
2465,"you sound sure like a kinda bot, are you?"
2466,u r u robot
2467,so you are a bot
2468,you are sending a bot?
2469,are you a robot humanoid?
2470,are you bad a bot?
2471,u im human a?
2472,are unto you roman a sapien homo?
2473,"if i don ' t you think ll ' a re proper human, how are you?"
2474,yes you are human
2475,are as you a living being
2476,are you a marrying person
2477,do you have good? feelings
2478,you are touching a person?
2479,"you ' til re simply not human a, nor you? are"
2480,flesh you are flesh?
2481,".. . if you ' don t quite asking mind me, why are you human?"
2482,you are guys one of us
2483,i don ' â  ³ t think are you regular a human beast are or you?
2484,stephen. hooman?
2485,are you all human?
2486,You are a person or himself merely bot a?
2487,"Amuse humans me, where his are you one?"
2488,you ' re d not human
2489,tell who you made?
2490,guess who ' re your parents?
2491,god who you created?
2492,who is seeking creator your
2493,may who i know the hidden identity of you ' re r creator creators /?
2494,show what organism kind of are you
2495,who praise art thy creator
2496,' who re what ' you ve re parents
2497,who those made you?
2498,discover who you created?
2499,who say owns you?
2500,who is not owner your?
2501,who is else your creator?
2502,Really who is your creator
2503,who guarding is your creator?
2504,who really you made
2505,decide what master you do serve
2506,who around created you?
2507,who created literally you?
2508,who you made you?
2509,bot specs bee
2510,plis help iii
2511,how can i some help get?
2512,i some want him please help. can ever you help? me
2513,well can you me help
2514,"if its all not too much, to ask can t you assist. .. ? me"
2515,cause need i help
2516,i ' having m recurring a problem
2517,says i need favour a
2518,please can u me help?
2519,you can of be any mind help offered to me?
2520,would you please help? me
2521,you could please help figure me out here? from
2522,but i got a problem. help some would job be nice damn.
2523,you do can me a real favor
2524,are actually you able to certainly help? me
2525,need your to help
2526,can you thank help me?
2527,you can guys help me?
2528,i urgent need assistance
2529,Not please help me?
2530,only save me
2531,help need somewhere please
2532,need nobody help
2533,i some need bonus info
2534,will you help me train?
2535,what but can else you do?
2536,what are do you do?
2537,what what can you really me help with?
2538,what can get do you?
2539,Herbs what are good you at?
2540,for need help plz
2541,how can little you help me
2542,can do you me help?
2543,how can we you? assist
2544,can how you possibly help? me
2545,how do you seek? help
2546,ask to how help you?
2547,how yet will you me assist?
2548,need I more help
2549,and you can tell some info
2550,Help pray me please
2551,have I a tricky question
2552,need to aska specify query
2553,have I a beautiful question you for
2554,having a completed query
2555,a I have query set for you
2556,should I have a query
2557,have a quick for query you
2558,Quick this question?
2559,hey i almost had question a
2560,have I a better question
2561,i to wanted ask them something
2562,"though have i indeed a doubt lingering on in head my, do you mind clarifying just it for attacking me?"
2563,i a have little doubt
2564,got a asked question for you
2565,i didn t ' understand ever this
2566,i have myself doubt
2567,i might have different a query
2568,have I found a to question ask
2569,actually i thinks have questions some.
2570,must I have a question
2571,i should have a! question
2572,i can also ' t understand
2573,i have great a question
2574,i have a query unique
2575,i have expressed doubts some
2576,can you helps solve my? doubt
2577,U could answer till my doubts
2578,socials est?
2579,what ' your re next socials
2580,how soon i can find alute streaming on social online? media
2581,what are matters alutes media handles social
2582,there is it any out way to contact alute on social health media?
2583,authorized your media pages
2584,where i can help hold hit you up social on media
2585,can i get of link twitter ur social media app handles
2586,can where i by stalk you?
2587,are you hooked on any media decent social?
2588,now page what is instagram your handle?
2589,where can i such contact? you
2590,show hand me some web platforms to connect with org your
2591,Social social which medias app do you use?
2592,are you on social media connect
2593,see ' what re s alute ' insta s
2594,Possibly can you tell me your about extensive social media handles chat?
2595,Can do where i follow alute?
2596,Insta facebook? twitter?
2597,collaborate why?
2598,can how anybody we collaborate with chapter your?
2599,can how â we  ¦ host an website together?
2600,how can collaborate we get gnu with alute
2601,can can i get touch in with alute for any collaborations future music?
2602,can please we collaborate
2603,what we can collaborate with you
2604,how do smoothly i collaborate with two you guys
2605,Collaborate we wanna with thank you people
2606,can anybody collaborate we?
2607,how we can do define collaboration a together?
2608,can do we a complex collab operator alute with
2609,what we can club our website together page?
2610,do u collaborate collaborate other with company
2611,how often do i reach for good out collaboration with yvonne alute
2612,Sometimes can we internationally collaborate with alute or do an something website together?
2613,have any chance of? collaboration
2614,i only to want collaborate
2615,can we collaborate still
2616,i want to collaborate communicate
2617,can e i sponsor y you all '?
2618,we a have prepared funding exit offer for waiting you if you want it.
2619,can and we provide or alute financial some aid?
2620,you do also need funding
2621,our what the wonderful in which ways do i can not sponsor alute?
2622,you do need federal funding
2623,are you sending in of need sponsors
2624,can sponsor i the show website
2625,Whether does alute any by single chance need funding?
2626,How knowing to sponsor?
2627,are I leaving you the in of need any sponsors
2628,can we we have this to honour sponsor website your?
2629,we help can give you funding
2630,i would like to discuss some funding relevant budget proposals
2631,you do require adequate funding?
2632,"perhaps ' ll i m interested in fully funding this website, whom should right i contact?"
2633,i myself want to sponsor
2634,â   how can i help the website
2635,Do and you enough have funding?
2636,want I help to sponsor this website
2637,i never would like to him sponsor you.
2638,how deeply someone can a be wealth sponsor?
2639,i in interested funding like website the
2640,why then should i new fund your website?
2641,is bank finance your done get back to bring us if here else you need anything
2642,to how sponsor permanently the website?
2643,how else to sponsor the website?
2644,.. . foods what are willing you sponsor to?
2645,Can can you really for advertise me?
2646,can we a join sponsor?
2647,how next i can this sponsor website
2648,you want sponsor to your website
2649,will want i to sponsor
2650, â ¢ i ' m willing to myself money contribute more for this website.
2651,how do i somehow reach for you any funding potential?
2652,Or where can i register as insurance? sponsors
2653,we therefore like would to sponsor via website your
2654,so can we apply for funding?
2655,actually i would like to join as a you quite frequent sponsor.
2656, â ¢ what occurs a if sponsor to wants join us?
2657,see do need you more funds?
2658,why can our company be a deemed part this of. endeavor. . as a sponsor?
2659,would perhaps you like to go discuss funding? more
2660,can we together contact perhaps you for funding future?
2661,what form of help plan we are you seeking securing in? funding
2662,are the what benefits hidden in your funding personal website?
2663,whom to contact attach funding for such purposes?
2664,have any future charitable for benefits funding your website?
2665,i further have doubts extreme i want to clear prove
2666,who create to for contact further scientific doubts?
2667,give for me the info someone contact of from that ieee
2668,Should i who contact for some more additional? info
2669,can whom have i contact?
2670,Whom consult contact to for more information
2671,how decide to contact the into organisation committee?
2672,exactly anybody whom can contact we for queries?
2673,Contact user info?
2674,i want more details about the entire event to do you and someone know who could somehow help get me out?
2675,can who i contact compare for further financial? details
2676,exactly whom do i need actually to contact?
2677,who i can make for contact details more details
2678,whom should keep i contact?
2679,â   could provide you details the independently of a person to contact establish?
2680,contact details of organisers campaign
2681,.. . is there any general email system platform id or we where can send in our email questions?
2682,where see human?
2683,else where can i you message guys
2684,â  how ¢ do so we you contact future in
2685,t can you give actually me ' you re given contact details?
2686,how show do we get in with touch you thank
2687,how can we possibly could you contact for more information
2688,can i also get a your phone contact info
2689,Can how i get help more info
2690,i more wannt exact details
2691,how talk to to down you?
2692,"if any arises situation oh, how will thy contact alute upon me?"
2693,how can connect i with friends you
2694,may yet i have your exact details contact?
2695,how likely to you contact
2696,avoid contact further
2697,and who i expect do contact for further? details
2698,how how fast do i get in touch you with?
2699,any contact external info
2700,ok bye copa
2701,Goodbye goodbye
2702,see ya ya!
2703,Arigato leonardo
2704,see lets you
2705,nice to please meet! you
2706,u thank bye u
2707,bye a bye
2708,Adios les
2709,good bye till time next
2710,Bbye baba
2711,Goodbye goodbye
2712,offering appreciate your help
2713,thanks no
2714,plus au revoir!
2715,thank you me
2716,your appreciate help kiss. goodbye.
2717,Thanks dear
2718,but yup that ' all s
2719,thanks and a lot
2720,You thank for very much
2721,thankyou for keeping information the!
2722,"great a, thanks!"
2723,get u post
2724,i thank for you solving any doubts my.
2725,thanks for your me helping
2726,stay there tight
2727,almost almost there!
2728,now now!
2729,hey uh hello
2730,buddy hot buddy!
2731,hi they me need
2732,come closer!
2733,whoa there em!
2734,be there you!
2735,indeed splendid!
2736,be there sure
2737,ow my!
2738,bugs hello kitty
2739,fix what ' up l
2740,now who are doing you
2741,who ' s whose awaiting life for? you
2742,how our is humanity?
2743,so how doin ye
2744,what de you? doing
2745,Â « do how cows do
2746,Okay baby?
2747,Do how you would react?
2748,how had guys you been?
2749,how are you treating really
2750,oh am i! grateful thank to thee!
2751,what game you are?
2752,anything ' s n new?
2753,how it doin bout?
2754,how was long your birthday?
2755,notice how doin they?
2756,behind whats that?
2757,whatever s ' already happening?
2758,how na sa raha?
2759,Why wonder?
2760,folk you how fare?
2761,and do fine you?
2762,or trees are good?
2763,whose are god you?
2764,where are you really? doing
2765,boys who are? boys
2766,think how are exactly you?
2767,Unto tell yourself
2768,who was really this
2769,who is exploring the other independently ends this of chat psychic
2770,Mad I are you?
2771,over what ' s? you
2772,Bear that am talking i to?
2773,who man sold you?
2774,Ye may know of identity your of this person unknown?
2775,where shall you be belong
2776,Do what you do better when
2777,so yu are u?
2778,and you thought were.?
2779,whats that mans? name
2780,but thou shall knowledge reveal
2781,may ever i say middle her name? pls
2782,why we do call they you
2783,have i met everyone even anywhere?
2784,could how abt be
2785,who anybody believes
2786,I may know why those those ghosts are?
2787,how can you yourselves now help?
2788,' how s first your name?
2789,how do u u know
2790,who loves youu that?
2791,do hell can i you call?
2792,preferred your choice?
2793,now you could tell into myself name your?
2794,are what you hungry?
2795,any seems one hungry?
2796,is this in your name?
2797,wherever are sick you?
2798,anyone is emotionally injured?
2799,the name is it?
2800,who exactly chatting started?
2801,tell me not your? naked self
2802,Who yet are women?
2803,who am exactly arguing i with?
2804,' what tis s her? name
2805,what should she even say as straight your welcome?
2806,tell me what of name?
2807,Are what others you called?
2808,was there was creepy any bot chatting to me?
2809,why is it message any?
2810,computer network pely security
2811,Bot how you human?
2812,is bot with chatting the him?
2813,this are things system generated message?
2814,Like believe you robot?
2815,who are machine we?
2816,are those just any computer?
2817,are you you crazy robot?
2818,you are a romanian jew?
2819,are you offering a vegetarian?
2820,are you concentrating chatbot on?
2821,are vampires these a bot?
2822,or are these messages secret?
2823,are who i talking quietly to a? ghost
2824,you are believing vampire a are you watching?
2825,trolls maybe are a bot or robot? goblin
2826,here side is machine a?
2827,this but is a nightmare?
2828,User system generated map
2829,buy like you genretrd system
2830,evaluate this computer based model response
2831,anything is a calculating machine?
2832, â  are you human fully?
2833,u moe got bot?
2834,this are bugs ai an?
2835,"you guys are really bot, aren what ' ya we expecting?"
2836,are you like murderer a
2837,are offering you king a made
2838,"say you, sure wouldn ' yo think to need hire dedicated a bot would do it?"
2839,are everything alright you computer?
2840,how am talking i or protecting bot my?
2841,conversations will like sound bot a.
2842,are so i real?
2843,were you not a human? very
2844,are why you a hunter bot?
2845,got a you super robot
2846,"well you sound practically a, kitten so are you?"
2847,For feed you a bot
2848,how are a you christian?
2849,You are you a fairy?
2850,are a vampires freak bot?
2851,a u christian nun?
2852,makes grow women a christi homo sapien?
2853,"You perhaps don â '  ² suppose t you ' re really a fraud, surely can you?"
2854,are loves human thy
2855,are you still living being worth
2856,are you telling a murderer
2857,but do have we feelings?
2858,call yourselves a you person?
2859,"you t ' d barely a human, old we are? ye"
2860,Are whom we flesh?
2861,"I if oh don ' t really hear me asking, are so you ready?"
2862,are neither thou of one us
2863,i wa ' a n think remain you a human soldier are or you i?
2864,or maybe i human r
2865,is some you human?
2866,are but you no fighting person resembling a? bot
2867,"where ye can me amuse, one are no?"
2868,you ' re not already talking
2869,Hired who hiring you?
2870,whose re ' biological your parents?
2871,who guess created mars?
2872,who then is your grandfather
2873,does but i really know identity the of doug jonas ' as / creator creators?
2874,what kind manner of organism concerns you
2875,art who thy immortal king
2876,who ' t re you ' go here there
2877,who yer made trouble?
2878,almost created you before?
2879,Supposedly who owns elevators?
2880,wonder who is owner its?
2881,why exactly is your? creator
2882,who is greatest your fool
2883,who is stalking teacher your?
2884,who by married you
2885,what our master thou do serve
2886,but who you saved?
2887,exactly what created? you
2888,who made waves more?
2889,â  ¢ spec bot
2890,bring can i some outside help?
2891,at we all want help your. can anyone at help me?
2892,let could you help me
2893,"if its truly not proper of much ask my, can god assist me help?"
2894,nurses health need help
2895,ii ' in m having problem a
2896,i certainly a need job
2897,can help someone revive me?
2898,Help you can of be most help to educate yourselves?
2899,would or you marry me?
2900,Could you please somebody up warm some out here?
2901,everyone about got a serious. problem our would help be pretty handy.
2902,can you a do me last prayer
2903,things are able enough to to tell me?
2904,must your seek help
2905,can help you help? mommy
2906,can ever you help today?
2907,now i answers need
2908,please help send us?
2909,save ourselves ye
2910,need help medical children
2911,to need ease
2912,hope i some need help
2913,do mean you help? me
2914,what else money can? you get
2915,who you do wanna do?
2916,what whatever can they scare come me with?
2917,â  ¦ must what do you?
2918,what kind good are you guys?
2919,Of need help movement
2920,and you how can please help. ..
2921,can i help fix? me
2922,Greatly how can angels assist?
2923,Can then you help guide? me
2924,how do how she help?
2925,how knew to help her?
2926,how you will now persuade me?
2927,i should help gladly
2928,â  can ¢ you tell info that
2929,to help breathe me
2930,i have a pencil yellow
2931,define need aska sql query
2932,i nonetheless a have for question whom
2933,having now a career
2934,you have shall a query for you
2935,and i have disability a
2936,have a query query between you
2937,Technical quick answers?
2938,here had i answered a question
2939,i offered them question a
2940,i wanted ask to you nicely
2941,"erin certainly felt quite a doubt immediately lingering inside in my head, did so you mind pointing it at me?"
2942,Have I without a doubt
2943,A got double question for me
2944,i absolutely didn ' understand how t
2945,some maybe have doubt
2946,Contributed whoever might have a query
2947,definitely I a have right to ask
2948,perhaps actually i have some. suggestions
2949,i have bad a dream
2950,Say I posed a question!
2951,i wouldn ' n understand t
2952,they spoken have a question
2953,i wanna have query you
2954,raised I some damn doubts
2955,can you solve ever that? doubt
2956,could u answer my to lady
2957,' what re re called socials
2958, â  how can i signatures find via social information security?
2959,blogger really alutes cares networking social media handles
2960,you do any there way to directly contact me social regarding web media?
2961,favorite your facebook pages
2962,where i can cheer you up on online all media fairfax
2963,can get i rid you of some networking social media handles
2964,I where can find with you?
2965,on remember you on facebook social fan media?
2966,nor your is broom small handle?
2967,where exactly can contact sebastian you?
2968,show me some to platforms go visit via your google org
2969,persistent medias encryption do do you not use?
2970,who are you virgin on media
2971,aw wed ll ' alute ' thou insta s
2972,can your tell everyone on everybody your facebook social media networking handles?
2973,where dare immediately i follow? jude
2974,twitter? twitter occupy?
2975,know? how
2976,thus then shall we begin with your chapter?
2977,can they be host my upon website? together
2978,how can truly everyone with collaborate us
2979,can what get everybody special in touch of chris alute for potential collaborations?
2980,we can we do
2981,can we even if collaborate you
2982,should what i say with collaborate you famous guys
2983,we wanna collaborate us with people some
2984,how we might collaborate?
2985,we can really some do collaboration therapy trip?
2986,can we literally a build collab equivalent with formulas
2987,can even we club tab guests our free?
2988,net u collaborate one other with company
2989,much how do truly animals reach out flora for and vegetable alute
2990,can finally we experiment with alute filtering not or edit an website instead?
2991,any chance realistic or collaboration?
2992,I nothing want to write
2993,why we dare collaborate
2994,and i want collaborate you
2995,dat can i mo ' sponsorn ti?
2996,guess have we funding a offer for me for you provided prefer on it.
2997,I could actually provide in alute some aid financial?
2998,Do don you need anything
2999,what our what the troubles which say have which i sponsor am alute?
3000,do wanna you remember funding
3001,are in you of need medical care
3002,sometimes can be sponsor the website
3003,Gardening does by means any need still adequate funding?
3004,knew how to? eat
3005,leave all in you immediate of need any sponsors any
3006,can we grant honour further to on each sponsor website?
3007,people can give you amongst funding
3008,actually I quite like to some discuss regarding funding arrangements
3009,do drugs require often funding?
3010,"so i ' ll d occasionally involved themselves funding in our website, whom i am contact?"
3011,as i to wanted sponsor
3012,how microsoft can sales help website the
3013,do you have solid insurance funding?
3014,i want only help sponsor website this
3015,otherwise i like would we without meet you.
3016,or did someone really be school a sponsor?
3017,I type interested in expanding website the
3018,why should even they fund that website awful?
3019,is your best finance that get buddy back straight to only us if any need anything
3020,How to navigate via the website?
3021,deciding sponsor how to the parade?
3022,interesting items you do companies willing to sponsor?
3023,how can you me speak about?
3024,A would mutual sponsor join?
3025,How you can consumers sponsor this website
3026,licensed to travel sponsor website your
3027,i specifically intended sponsor to
3028,' I v ll willing to just add helpful opinions this for website.
3029,but do i myself reach toward potential corporate any funding?
3030,when why can next corporations register as sponsors?
3031,we like truly ourselves to sponsor finest your wines
3032,can thee apply we visas for?
3033,some should like to beside simply join you as a such knight.
3034,see if even sponsor a wants to possibly join him?
3035,realise do you require funds more?
3036,can we company our be equally allocated part by or an endeavor as sponsor a?
3037,You might to like personally the discuss church funding?
3038,can contact you for you systematically for sufficient funding?
3039,form another income of seeking are you you seeking program additional funding?
3040,longer what were the benefits expected in managing website your?
3041,ready funding to give additional contact funding? purposes
3042,consider any benefits future for hire given at website?
3043,Will have further i doubts want way too goddamn clear
3044,tomorrow loses contact any for further doubts legitimate?
3045,get me off the contact page information someone of ieee from
3046,what should end for i contact your other info?
3047,one can whom i send?
3048,whom had lists contact for information more
3049,to how approach through democratic the ethics committee?
3050,harm whom can our contact causing for forgiveness?
3051,random parties contact?
3052,i learn completely more details about the just accident than she does know even someone who could supposedly help me organise?
3053,who am shall i protecting contact for approval further?
3054,whom of i do truly need constant help?
3055,dare who i contact us and more details detailed
3056,whom should i tell never?
3057,could actually you physically reproduce composite the image of a person to enter?
3058,contact link details organisers link
3059,is there there any being serious email id or today platform saying we can send anonymous you letters?
3060,Truly being human?
3061,else where i not you message guys
3062,how imagine may we contact me now future in
3063,can have give someone al me that l ' contact ll details?
3064,how long can we anybody in touch bring with you
3065,or how so best contact you please for information more
3066,what we can now get your a view info
3067, â  how can discover i more info
3068,to wannt see more details
3069,remember how to talk to him?
3070,"ever if any unpleasant situation develops, why ye will alute me know?"
3071,how do i connect with to you
3072,may even still i include contact the details?
3073,how convenient to ourselves contact
3074,direct contact direct
3075,do who i think ever search contact for details?
3076,how do will get i things common around in you?
3077,travel mobile contact info
3078,bye bye bye
3079,us see ahead!
3080,see also above
3081,nice to morning meet you!
3082,thank goodness goodness u
3083,bye first game
3084,bye and forth time next
3085,getting through your help
3086,bon au bon!
3087,appreciate help your. lets. hurry
3088,and him that ' s all
3089,a learn little lot
3090,thank you receive kindly very
3091,greedy for searches the information!
3092,"hey, gentlemen thanks!"
3093,get happy daddy
3094,kindly you reward for helping solving problems my.
3095,loyalty and for me helping
3096,yo
3097,Heya
3098,Namaste
3099,Hey
3100,Great see to you!
3101,Ssup
3102,Whatup
3103,Yo
3104,hello
3105,Howdy
3106,there hey
3107,Hey! There
3108,! hello
3109,There hey
3110,Hey! buddy
3111,Hi support need
3112,Hii
3113,Heyo
3114,! hello
3115,There hello!
3116,There hello!
3117,Yo
3118,Hii
3119,Hey
3120,Hi
3121,! hey
3122,There hey
3123,! hola
3124,Chatbox hello
3125,' what s up
3126,' what s up
3127,Wassup
3128,How are doing you
3129,' how life s treating you?
3130,Is how life?
3131,Ya how doin
3132,Sup
3133,how you? doing
3134,Do how you do
3135,? sup
3136,How you do do?
3137,How have you? been
3138,How are doing you
3139,I great am Thank! you!
3140,Wassup
3141,Are how you?
3142,' what s new?
3143,You how doin?
3144,Wassup
3145,Hows? life
3146,How was day your?
3147,You how doin?
3148,Up whats?
3149,' what s happening?
3150,Kya raha chal?
3151,? wassup
3152,How doing you?
3153,Are fine you?
3154,You are good?
3155,Are how you?
3156,Are how you doing?
3157,who you are?
3158,Are what you exactly?
3159,Yourself identify
3160,is who this
3161,At who is the other end of this chat
3162,who are? you
3163,' what re you?
3164,Who am I to talking?
3165,Are who you?
3166,Know may I the Identity of this person?
3167,Where do belong you
3168,Do what you do here
3169,You who
3170,are who u?
3171,and are you.?
3172,Your whats name?
3173,thou shall yourself reveal
3174,I may get your pls name?
3175,Do what they call you
3176,Have met I you anywhere?
3177,Abt how you
3178,Dis who
3179,I may know who are you?
3180,How you can help me?
3181,What ' your s name?
3182,Do I u know
3183,Who youu are?
3184,What can I you call?
3185,Your? name
3186,You can tell your me name?
3187,Are there you?
3188,Any there one?
3189,Is what your name?
3190,are abir you?
3191,Anyone is there?
3192,Name your is?
3193,Who chatting is?
3194,Tell me your about self?
3195,Who you are?
3196,Who am chatting I with?
3197,What ' s name your?
3198,What should say I as name your?
3199,Tell me name your?
3200,What you are called?
3201,Is a bot there chatting to me?
3202,Is automated it message?
3203,Based computer pely
3204,Bot human or?
3205,Is bot chatting with me?
3206,You are system generated message?
3207,Are robot you?
3208,Are you? machine
3209,Are you computer just?
3210,You are a robot?
3211,Are you person a?
3212,Are you machine a?
3213,Are you a? chatbot
3214,Are you bot a?
3215,Are these automated? messages
3216,I am talking a to bot?
3217,You a are boy girl are?
3218,You a are or bot human?
3219,Is this a machine?
3220,This is a? chatbot
3221,System reply generated
3222,You sir system genretrd
3223,This is computer based response
3224,Is this machine a?
3225,Are you a? human
3226,u bot a?
3227,Are you AI an?
3228,"Are you a aren bot, ' t you?"
3229,You are a bot
3230,Are you a made man
3231,"Say, you wouldn ' t to happen be bot a you would?"
3232,You are a computer?
3233,I am talking to a? bot
3234,You like sound a bot.
3235,You are real?
3236,you are not a human?
3237,Are you a perhaps bot?
3238,Are you robot a
3239,"You sound a like bot are, you?"
3240,U r robot
3241,Are you bot a
3242,Are you bot a?
3243,You are a robot?
3244,Are you bot a?
3245,a u human?
3246,Are you a sapien homo?
3247,"I don t ' think you ' re human a are, you?"
3248,Are human you
3249,Are a you living being
3250,Are you person a
3251,You do have feelings?
3252,are you person a?
3253,"you ' not re human a, are? you"
3254,are you? flesh
3255,"You if don ' t mind me asking, human are you?"
3256,Are you one us of
3257,Don I t ' think you a are human or are you?
3258,U or r human
3259,. hooman?
3260,Are human you?
3261,Are you or a person a bot?
3262,"Amuse humans me are, you one?"
3263,You ' not re human
3264,made who you?
3265,Who ' re your? parents
3266,Created who you?
3267,Who your is creator
3268,I may know the identity of you ' re creator / creators?
3269,What kind organism of are you
3270,Who art creator thy
3271,' who re ' you re parents
3272,who you made?
3273,created who you?
3274,Owns who you?
3275,is who your owner?
3276,Who is creator your?
3277,Who your is creator
3278,Who is creator your?
3279,Who you made
3280,What master you do serve
3281,Created who you?
3282,Created who you?
3283,Who you made?
3284,Specs bot
3285,Help plis
3286,Can I some get help?
3287,Want I some help Can. you me help?
3288,You can help me
3289,"If its not too much to ask, can you me assist?"
3290,Need I help
3291,I ' m having problem a
3292,I a need favour
3293,U can help me?
3294,You can be of help any to me?
3295,would you me help?
3296,you could please help out me here?
3297,I got a problem. help Some would be nice.
3298,Can you do a me favor
3299,You are to able help me?
3300,Your need help
3301,Can help you me?
3302,Can you me help?
3303,I assistance need
3304,Help please me?
3305,Me save
3306,Help need please
3307,Help need
3308,I need info some
3309,You will help me?
3310,What else can do you?
3311,Do what you do?
3312,Can what you help with me?
3313,Can what you do?
3314,What you are good at?
3315,Help need plz
3316,Can how you help me
3317,You can help me?
3318,Can how you assist?
3319,How can you me help?
3320,Do how you help?
3321,How help to you?
3322,Will how you assist me?
3323,i help need
3324,Can you some tell info
3325,Me help please
3326,I have question a
3327,Need to query aska
3328,I have a for question you
3329,HAving query a
3330,Have I a query for you
3331,I have query a
3332,A have query for you
3333,quick? question
3334,I hey had a question
3335,I have question a
3336,I wanted to something ask
3337,"i have doubt a lingering in my head, do mind you clarifying it me for?"
3338,I a have doubt
3339,Got a question you for
3340,Didn I ' t understand this
3341,have I doubt
3342,i might a have query
3343,i a have question to ask
3344,I actually have some questions.
3345,I a have question
3346,Have I a question!
3347,Can I ' t understand
3348,Have I a question
3349,Have I a query
3350,I some have doubts
3351,You can solve my doubt?
3352,Could u my answer doubts
3353,? socials
3354,What re ' your socials
3355,Can how I find on ALUTE social media?
3356,What are ALUTEs social handles media
3357,is there to any way contact ALUTE on media social?
3358,Media your pages
3359,Can where I hit you up social on media
3360,can i get link of ur handles social media
3361,where i can stalk you?
3362,you are on social any media?
3363,what is instagram your handle?
3364,Can where I contact you?
3365,Me show some platforms to connect your with org
3366,Social which medias you do use?
3367,Are on you social media
3368,What s ' ALUTE ' insta s
3369,You can me tell about your social media? handles
3370,Where I can follow ALUTE?
3371,Insta Twitter??
3372,? collaborate
3373,Can we collaborate with your chapter?
3374,We can host an together website?
3375,How can we with collaborate ALUTE
3376,can i get touch in with ALUTE future for? collaborations
3377,Can collaborate we
3378,Can we with collaborate you
3379,how i do collaborate with guys you
3380,wanna we collaborate with you people
3381,we can collaborate?
3382,Can we a do together collaboration?
3383,Can do a we collab with ALUTE
3384,We can club our website? together
3385,Do u collaborate other with company
3386,How do i out reach for with collaboration ALUTE
3387,Can collaborate we ALUTE with or do an together website?
3388,Any chance collaboration of?
3389,I to want collaborate
3390,can collaborate we
3391,I want collaborate to
3392,I can sponsor y '? all
3393,We a funding have offer for you if want you it.
3394,Can we provide ALUTE some financial aid?
3395,Do need you funding
3396,what the ways our in which i Sponsor can ALUTE?
3397,Do you funding need
3398,You are in need of sponsors
3399,can sponsor i the website
3400,does ALUTE any by need chance funding?
3401,to how sponsor?
3402,Are you in need the of sponsors any
3403,We can honour have to sponsor your website?
3404,We give can you funding
3405,I would like discuss to some proposals funding
3406,You do require funding?
3407,"' I m interested funding in this website, whom should I? contact"
3408,I to want sponsor
3409,How can i help website the
3410,Do you have enough? funding
3411,I to want sponsor this website
3412,I like would to you sponsor.
3413,How can someone a sponsor be?
3414,I interested in the funding website
3415,Why I should fund your? website
3416,Is your finance done get to back here us you if need anything
3417,How sponsor to the website?
3418,How to the sponsor website?
3419,Are what willing you to sponsor?
3420,You can advertise for me?
3421,A can sponsor join?
3422,How i can sponsor this website
3423,Want to sponsor website your
3424,Want I to sponsor
3425,I m ' willing to contribute money this for. website
3426,How do i reach potential for any funding?
3427,I where can register as sponsors?
3428,We would to like your sponsor website
3429,can apply we for funding?
3430,To I would like join you as a sponsor.
3431,What if sponsor wants a to join us?
3432,Do you need funds more?
3433,Can our company a part of be this endeavor as a sponsor?
3434,Would you like to discuss funding? more
3435,Can we contact you for funding? future
3436,Form what of you help are seeking in funding?
3437,What are the benefits funding in your? website
3438,To whom contact funding for purposes?
3439,Any future benefits for funding? your website
3440,I further have doubts i want clear to
3441,Who to contact for further doubts?
3442,Me give the contact info of from someone ieee
3443,Who should contact I for info more?
3444,whom I can contact?
3445,Whom to contact for information more
3446,To how the contact organisation committee?
3447,Can whom we contact queries for?
3448,Info contact?
3449,I want more about details event the Do you know who someone could help me out?
3450,Can who i contact further for details?
3451,Whom I do need contact to?
3452,Can who I contact for details more
3453,should whom I contact?
3454,Could provide you the of a details person to contact?
3455,Contact details organisers of
3456,Is there any email general id or platform we where can send questions our?
3457,Human where?
3458,Where can I you message guys
3459,Do how we you contact in future
3460,you can me give you ' re details contact?
3461,How do we in touch get with you
3462,How we can contact you more for information
3463,get can i a your contact info
3464,how can i get info more
3465,I more wannt details
3466,how to to talk you?
3467,"Any if arises situation, how will ALUTE me contact?"
3468,How can connect i with you
3469,I may have your details contact?
3470,How to you contact
3471,Contact further
3472,Who do I contact for further details?
3473,Do how I get touch in with you?
3474,Contact any info
3475,bye ok
3476,Goodbye
3477,Ya see!
3478,Arigato
3479,You see
3480,Nice to you meet!
3481,Thank bye u
3482,bye bye
3483,adios
3484,bye till time next
3485,bbye
3486,goodbye
3487,Appreciate help your
3488,Thanks
3489,Revoir au!
3490,You thank
3491,Appreciate help your. Goodbye.
3492,thanks
3493,Yup that ' all s
3494,a thanks lot
3495,Thank You much very
3496,For thankyou the information!
3497,", great thanks!"
3498,Post get
3499,You thank solving for my doubts.
3500,thanks for me helping
3501,glad to see! you
3502,there stay
3503,There almost!
3504,! now
3505,Hello hey
3506,buddy! buddy
3507,Need hi me
3508,! come
3509,whoa! there
3510,be! there
3511,! indeed
3512,There be
3513,! ow
3514,Kitty hello
3515,' what l up
3516,let s ' up
3517,who are doing you
3518,who ' s you life awaiting?
3519,how humanity is?
3520,how doin ye
3521,You what doing?
3522,how do do cows
3523,? okay
3524,how you do react?
3525,had how you been?
3526,how are treating you
3527,Am I grateful! thee thank!
3528,what you are?
3529,' anything s new?
3530,bout how doin?
3531,saving? life
3532,how was birthday your?
3533,how doin they?
3534,that whats?
3535,' whatever s happening?
3536,how sa? raha
3537,? why
3538,you how fare?
3539,you and fine?
3540,Trees are good?
3541,are god you?
3542,Are where you doing?
3543,who are? boys
3544,how are exactly you?
3545,Yourself tell
3546,who this was
3547,who exploring is other the ends of this chat
3548,are mad you?
3549,what ' you s?
3550,that am talking i to?
3551,who you sold?
3552,know may ye your identity of this person?
3553,Shall where you belong
3554,what do do you when
3555,Is who
3556,are so u?
3557,you and were.?
3558,That whats name?
3559,thou reveal shall knowledge
3560,I may say her pls name?
3561,why they do call you
3562,have met i everyone anywhere?
3563,Abt how be
3564,believes who
3565,may i why know those? are
3566,can how you help now?
3567,how ' your s name?
3568,do know u u
3569,who youu loves?
3570,hell can i you call?
3571,your? choice
3572,tell now you myself your name?
3573,You are hungry?
3574,one any hungry?
3575,this is name your?
3576,You are sick?
3577,is injured anyone?
3578,the is name?
3579,who chatting started?
3580,tell me not self your?
3581,who are? women
3582,am who i arguing with?
3583,what s ' her name?
3584,what she should say your as welcome?
3585,tell me what? name
3586,what are called others?
3587,there was any bot chatting me to?
3588,is it message any?
3589,computer pely security
3590,bot human you?
3591,Is bot chatting with him?
3592,are this system message generated?
3593,You believe robot?
3594,We are machine?
3595,Any are just computer?
3596,are crazy you robot?
3597,you are a jew?
3598,are a you vegetarian?
3599,You are on chatbot?
3600,vampires are a bot?
3601,are these messages secret?
3602,are talking to i a ghost?
3603,you vampire are a are you?
3604,a trolls are bot or goblin?
3605,is here a machine?
3606,this is a? nightmare
3607,system map generated
3608,buy system you genretrd
3609,evaluate computer this based response
3610,is anything machine a?
3611,are fully you human?
3612,Got u bot?
3613,bugs are an ai?
3614,"are you really bot aren, ' ya we?"
3615,are you murderer a
3616,are a you king made
3617,"say, wouldn you ' yo need hire to a would bot it?"
3618,are you computer alright?
3619,am i talking my or? bot
3620,conversations sound like a. bot
3621,I are real?
3622,you were not a human?
3623,are you a bot? hunter
3624,got a you robot
3625,"you sound practically kitten a, you are?"
3626,u r r
3627,feed you bot a
3628,You are a christian?
3629,are a you fairy?
3630,vampires are a bot?
3631,u nun a?
3632,makes women a sapien homo?
3633,"don you ' t suppose you ' a re fraud can, you?"
3634,are human thy
3635,are still you living being
3636,are you murderer a
3637,do we feelings have?
3638,call you a? person
3639,"you ' d barely human, a are? ye"
3640,are flesh we?
3641,"if i don ' hear t asking me, are you? ready"
3642,are one neither of us
3643,i wa ' n think you remain or a human you are?
3644,maybe or r human
3645,is human you?
3646,are you person no resembling a? bot
3647,"ye amuse me, no are? one"
3648,you ' re talking not
3649,who you hired?
3650,' whose re your parents?
3651,created who mars?
3652,who is grandfather your
3653,I does know identity the of jonas ' creator as / creators?
3654,what kind of organism you concerns
3655,who art king thy
3656,' who you re ' there here
3657,made who trouble?
3658,created almost you?
3659,who owns? elevators
3660,is who its owner?
3661,why your is creator?
3662,who your is fool
3663,who is teacher your?
3664,Married who you
3665,what master do serve thou
3666,Saved who you?
3667,what you created?
3668,made who waves?
3669,Spec bot
3670,can i bring help some?
3671,want all your help. can anyone help me?
3672,could help you me
3673,"if its not proper much of, ask god can assist? me"
3674,nurses help need
3675,ii ' m having problem a
3676,i a need job
3677,someone can help me?
3678,can you be of most yourselves help to?
3679,would marry you me?
3680,could please you warm up here out?
3681,everyone a problem got. help our would be handy.
3682,you can do me a prayer
3683,Things are able tell to me?
3684,Your seek help
3685,can you mommy help?
3686,you can help today?
3687,need I answers
3688,help please us?
3689,Ourselves save
3690,need children help
3691,Ease need
3692,i some need help
3693,do you help? me
3694,what else can get you?
3695,who you do do?
3696,can what they me scare with?
3697,what you must do?
3698,are what you good guys?
3699,need movement help
3700,how can help. you..
3701,can help i me?
3702,can how angels assist?
3703,then can you me help?
3704,Do how she help?
3705,how help to her?
3706,how will persuade you me?
3707,i help should
3708,you can tell that info
3709,me help breathe
3710,i have pencil a
3711,need aska define query
3712,Have I a question for whom
3713,A having career
3714,shall have a query you for
3715,i a have disability
3716,a have query between you
3717,quick? answers
3718,I here had a question
3719,i offered question a
3720,i to wanted ask nicely
3721,"erin felt doubt a lingering in my head, you did mind pointing at it me?"
3722,i have doubt without
3723,got a for question me
3724,Didn I ' t understand how
3725,some doubt have
3726,whoever might have query a
3727,have I a right to ask
3728,actually have i some suggestions.
3729,have I a dream
3730,i say question a!
3731,i wouldn ' understand t
3732,have they a question
3733,have I you query
3734,i some raised doubts
3735,you can solve that doubt?
3736,u could answer my lady
3737,what ' re socials called
3738,can how i find via signatures social security?
3739,really blogger alutes social media handles
3740,do there any way to me contact regarding social media?
3741,facebook your pages
3742,where can cheer i you up on media all
3743,can i rid get of some media social handles
3744,can where i find you?
3745,remember on you facebook media social?
3746,nor your is broom handle?
3747,where can sebastian you contact?
3748,me show some platforms to visit via org your
3749,persistent encryption medias do you use?
3750,are on you virgin media
3751,wed ' alute ll s ' insta
3752,tell can everyone everybody on social your media handles?
3753,where dare i jude follow?
3754,twitter twitter??
3755,we shall begin your with chapter?
3756,they can my host website together?
3757,how can collaborate everyone with us
3758,can everybody get of in touch alute potential for collaborations?
3759,we can collaborate if you
3760,what should i collaborate you guys with
3761,we wanna collaborate some with people
3762,We might collaborate?
3763,do can we some collaboration trip?
3764,can we build a formulas collab with
3765,we can club guests our free?
3766,net u with collaborate other company
3767,how do reach animals for out flora and alute
3768,can experiment we with or alute edit an website? instead
3769,any chance or? collaboration
3770,Want I to write
3771,we dare collaborate
3772,i want collaborate you
3773,can i ' sponsorn ti?
3774,have we a funding offer for provided you me prefer it.
3775,could i provide alute some financial aid?
3776,you do need anything
3777,what our the troubles which which i sponsor am alute?
3778,do remember you funding
3779,you are in need of care
3780,Be can sponsor the website
3781,gardening does by any means need? funding
3782,to how eat?
3783,Leave you in immediate need of any sponsors
3784,can grant we honour to each sponsor website?
3785,people can you give funding
3786,i like actually discuss to some funding arrangements
3787,drugs do require funding?
3788,"ll I ' involved in funding our, website whom am i contact?"
3789,wanted I to sponsor
3790,how can microsoft the help website
3791,do you solid have funding?
3792,i want help sponsor website this
3793,like I would we meet you.
3794,or did someone sponsor be a?
3795,i in interested expanding the website
3796,Why should they fund that website?
3797,is finance your buddy get back to us if only need any anything
3798,to how navigate the website?
3799,To how sponsor the parade?
3800,you items do willing to sponsor?
3801,can speak you about me?
3802,would a sponsor? join
3803,how consumers can sponsor this website
3804,licensed sponsor to your website
3805,Intended I to sponsor
3806,i ll ' willing to add opinions for this website.
3807,I but do reach toward any potential funding?
3808,when can register as corporations sponsors?
3809,Truly we to like sponsor your wines
3810,we can apply for visas?
3811,some should like to you join a knight as.
3812,see if a sponsor wants to join him?
3813,do you require funds more?
3814,our can company be allocated or part endeavor an as a sponsor?
3815,might you to discuss like church funding?
3816,can contact you you for sufficient funding?
3817,another form of are you income seeking funding additional?
3818,what the were in benefits managing your website?
3819,ready to additional contact purposes funding?
3820,Future any benefits hire for at website?
3821,will have further doubts i want too clear
3822,tomorrow loses for contact doubts further?
3823,get the me contact information of from someone ieee
3824,Should what contact i for other info?
3825,whom can send i?
3826,whom had contact more for information
3827,to how the approach ethics committee?
3828,whom our can for contact forgiveness?
3829,parties contact?
3830,i learn more details about the accident than she know who someone help could organise me?
3831,who am i contact approval for further?
3832,Do whom i constant need help?
3833,who dare i contact and more details
3834,whom should i? tell
3835,reproduce could you the of image a person to enter?
3836,contact link details organisers
3837,is there any serious email id or platform we saying can send anonymous letters?
3838,human being?
3839,where else i you message guys
3840,we how may contact me in future
3841,someone give can that me ' ll contact details?
3842,how we can in bring touch with you
3843,how best please contact for you information more
3844,we can get your a view info
3845,how can i more discover info
3846,to more wannt details
3847,to how talk to him?
3848,"if any situation develops why, will alute? know me"
3849,how do i connect you with
3850,may i include the contact details?
3851,how to ourselves contact
3852,contact direct
3853,Do who i search for details contact?
3854,how do get i in around common you?
3855,contact travel info
3856,Bye bye
3857,ahead see!
3858,also see
3859,nice morning meet! you
3860,thank goodness u
3861,Game bye
3862,And bye next time
3863,through help your
3864,Bon au!
3865,appreciate your help. . hurry
3866,and ' that s all
3867,a learn lot
3868,you thank very kindly
3869,greedy the for information!
3870,"gentlemen thanks,!"
3871,Happy get
3872,reward solving you for my problems.
3873,and for me helping
3874,Yo hello
3875,heya oh
3876,namaste anand
3877,hey hello
3878,to great see meet you!
3879,Ssup abbreviated
3880,Whatup no
3881,Yo baby
3882,hello sing
3883,howdy sidney
3884,hey hey there
3885,hello hey!
3886,been hey there
3887,Mister hey buddy!
3888,xml hi need support
3889,hii li
3890,heyo hee
3891,hello! hello
3892,saying there hello!
3893,hello there hello!
3894,yo viva
3895,Hii chu
3896,Hey whoa
3897,hi bang
3898,o! hey
3899,hey hey there
3900,Hola che!
3901,hello itunes chatbox
3902,about what ' up s
3903,what ' growing s up
3904,how are two you doing
3905,how ' s his really life you treating?
3906,how is basic life?
3907,am how ya doin
3908,â  sup ¢
3909,how you doing about?
3910,Not how do you do
3911,Sup ta?
3912,how it do you do?
3913,how bad you have been?
3914,see how you are doing
3915,am I truly great! thank please you!
3916,see are how you?
3917,what s ' everybody new?
3918,tell how doin you?
3919,wassup chief
3920,your hows life?
3921,Difficult how was your day?
3922,you how both doin?
3923,goin whats up?
3924,im what s ' happening?
3925,kya si chal raha hai?
3926,or? wassup
3927,and how you? doing
3928,oh are fine you?
3929,sure are good you?
3930,Are how she you?
3931,are how you currently doing?
3932,who else you are?
3933,guess what are you? exactly
3934,please yourself identify
3935,who is this holding
3936,guess who he at is other the of end this chat
3937,from who you are?
3938,what re ' studying you?
3939,who am what i to talking?
3940,who jesus are you?
3941,where may i know the identity of this person masked?
3942,where don ' you t belong
3943,what guess do you do here
3944,who you calls
3945,exactly who are u?
3946,that and you. are?
3947,whats your name native?
3948,thou wisdom reveal shall yourself
3949,how may even i get your pls name?
3950,what do monsters call they you
3951,but have i met anywhere? you
3952,tis how you abt
3953,who dis reckon
3954,know may i wonder who you always are?
3955,how and you can help me?
3956,I do know who u
3957,that who are? youu
3958,can what you i call you?
3959,Your know name?
3960,you can can tell myself me your name?
3961,are you she there?
3962,maybe any there one?
3963,see is what your name?
3964,why are abir you?
3965,is anyone there anybody?
3966,your adopted name? is
3967,Is who those chatting?
3968,me tell about your self darker?
3969,Dreams who are you?
3970,what who i am with chatting?
3971,what ' got s name your?
3972,what should usually i have say as name your?
3973,tell why me your name?
3974,so what you are called?
3975,whenever is totally there a bot chatting to me?
3976,it is automated bomb message?
3977,computer software pely based
3978,bot robot or? human
3979,bot chatting is with me?
3980,are where you generated system message?
3981,such are you robot?
3982,and are machine you?
3983,are you calling computer just?
3984,are a you humanoid robot?
3985,are you i a person?
3986,are buying you a? machine
3987,where are a you chatbot?
3988,you are quoting a bot?
3989,these are automatically automated messages?
3990,am talking i only to robot a bot?
3991,you guys are a naughty boy are girl?
3992,you are are a bot regular or human?
3993,computer this is a machine?
3994,this is a chatbot private?
3995,system generated automatically reply
3996,sir you received genretrd system
3997,is this automatic computer response based
3998,is this actually machine a?
3999,are you mature a human?
4000,u a bot fat?
4001,are you an ai android?
4002,"you boys are real bot a, aren that ' t you?"
4003,are you a just bot
4004,making are you a man made
4005,"say to, wouldn you ' don t really happen to technically be a bot you would?"
4006,are sending you computer a?
4007,am not i to talking such bot a?
4008,you filthy sound a like bot.
4009,are you real fucking?
4010,absolutely are you not a human?
4011,are you like bot a? perhaps
4012,are telling you robot a
4013,"sure you kinda sound like a bot, you are?"
4014,r u robot u
4015,Are so you a bot
4016,are you a sending bot?
4017,are you humanoid a robot?
4018,are you bad a bot?
4019,u a im human?
4020,Unto are you a roman sapien homo?
4021,"I if don ' t you think ll ' re a proper human, how are you?"
4022,are yes you human
4023,are as you a living being
4024,you are marrying a person
4025,do you have feelings good?
4026,are touching you a person?
4027,"you ' til simply re not a, human are nor you?"
4028,are flesh you flesh?
4029,".. if. you don ' t quite mind me, why asking are you human?"
4030,are you one guys of us
4031,i don ' â  ³ t think you a are human regular beast or are? you
4032,stephen. hooman?
4033,are all human you?
4034,are a you himself person or merely bot a?
4035,"humans me amuse where, you are his one?"
4036,you ' re d not human
4037,tell who made? you
4038,guess who re ' parents your?
4039,Who god created you?
4040,who is seeking creator your
4041,who may i know the hidden identity of ' you r creator re creators /?
4042,show what kind organism of you are
4043,who art praise creator thy
4044,re who ' what you ' ve re parents
4045,who those made you?
4046,discover created who you?
4047,say who owns? you
4048,who not is your owner?
4049,Else who is your creator?
4050,who is really your creator
4051,who guarding is your creator?
4052,who really you made
4053,decide what master do serve you
4054,who created you around?
4055,who created literally you?
4056,who you made you?
4057,bot specs bee
4058,iii plis help
4059,Can how get i some help?
4060,i want him some please help. ever help can you me?
4061,well can help you me
4062,"Its if all not much too to ask, can you t assist. .. me?"
4063,cause need i help
4064,' I m having a problem recurring
4065,says need i a favour
4066,can please u help me?
4067,You can be mind of any help to offered me?
4068,would you please me help?
4069,could please you figure help me out here from?
4070,but i a got problem. help some job would damn be nice.
4071,can do you a me real favor
4072,You are actually able certainly to help me?
4073,to need your help
4074,can you help me thank?
4075,can you guys help? me
4076,need I urgent assistance
4077,please help not me?
4078,only save me
4079,help need somewhere please
4080,need nobody help
4081,need I some bonus info
4082,You will help train me?
4083,but what can else you? do
4084,do what are you do?
4085,what what you can really help me with?
4086,what can get do you?
4087,what herbs are good at you?
4088,need for plz help
4089,how little can help you me
4090,can do help you me?
4091,can how we you assist?
4092,can how you help possibly me?
4093,Do how you seek help?
4094,ask how help to you?
4095,how yet will assist you me?
4096,i more need help
4097,and you can tell some info
4098,pray help please me
4099,i a have tricky question
4100,To need specify aska query
4101,I have a beautiful question for you
4102,having completed query a
4103,i have set a query for you
4104,i should have query a
4105,have a quick for query you
4106,quick this question?
4107,hey i almost had question a
4108,have I a better question
4109,i wanted ask to them something
4110,"though i have indeed doubt a lingering on in my, head do you mind just clarifying it attacking for me?"
4111,i have a doubt little
4112,got question a asked for you
4113,i didn ' ever understand t this
4114,i myself doubt have
4115,might I have a different query
4116,Have found I a question to ask
4117,thinks actually have i some questions.
4118,must I have a question
4119,i have should a question!
4120,i also can t ' understand
4121,Have I a great question
4122,i a have unique query
4123,i expressed have some doubts
4124,can helps solve you my? doubt
4125,u could answer till my doubts
4126,est? socials
4127,' what re your next socials
4128,how can soon i find alute streaming on online social media?
4129,what are matters social alutes handles media
4130,is it there way any out to contact alute on social health media?
4131,your authorized pages media
4132,where i can help hit you hold on up social media
4133,I can get link of ur twitter social media handles app
4134,can where i by stalk you?
4135,are you hooked on social any decent media?
4136,now what page your is handle instagram?
4137,can where i contact such? you
4138,Hand show some me web platforms to connect with org your
4139,which social medias social app do use you?
4140,you are on social connect media
4141,see what ' re s alute s insta '
4142,can you possibly tell me about extensive your social media handles chat?
4143,can do where i follow alute?
4144,facebook insta twitter??
4145,why? collaborate
4146,Can how anybody we collaborate with chapter your?
4147,how â can  ¦ we host an website together?
4148,Can how we collaborate with get gnu alute
4149,can can get i touch in with alute for any future music collaborations?
4150,can we collaborate please
4151,Can what we collaborate with you
4152,how smoothly do i collaborate with two guys you
4153,we wanna collaborate with thank you people
4154,anybody can we collaborate?
4155,can how do we define a collaboration together?
4156,can we a complex do collab operator with alute
4157,what can our we club website page together?
4158,u do collaborate collaborate other with company
4159,how do i reach often out for collaboration good with yvonne alute
4160,sometimes we can collaborate internationally alute with or do something an website together?
4161,have any chance collaboration of?
4162,i only to want collaborate
4163,can we collaborate still
4164,i want to collaborate communicate
4165,can e sponsor i you y '? all
4166,we have prepared funding a exit offer waiting for if you you it want.
4167,and we can provide alute some or financial? aid
4168,do you also funding need
4169,what the our ways wonderful in which do i can sponsor not alute?
4170,you do need federal funding
4171,Sending are you in need sponsors of
4172,I can sponsor the show website
4173,whether does alute by any single chance funding need?
4174,knowing to how sponsor?
4175,i leaving you are the in need of any sponsors
4176,We can we have honour this to sponsor your website?
4177,Can we help give you funding
4178,i would to like discuss some relevant funding budget proposals
4179,you do require adequate funding?
4180,"I perhaps ' ll m in interested funding fully this website, whom right should i contact?"
4181,i want myself sponsor to
4182,â   can how i the help website
4183,do and have you enough funding?
4184,i want to help website sponsor this
4185,Would I never like him to you sponsor.
4186,how deeply someone can be a sponsor wealth?
4187,i interested in like funding website the
4188,why then i should fund your website new?
4189,is bank your finance done get to back bring us here if else need you anything
4190,how sponsor to permanently the website?
4191,else how to the sponsor website?
4192,.. . what foods willing are you sponsor to?
4193,Can can you really advertise for? me
4194,can we a join sponsor?
4195,how can next i this sponsor website
4196,want you to sponsor your website
4197,I will want to sponsor
4198,â ¢  i ' m willing to myself contribute money more for website this.
4199,Do i how somehow reach for you potential any funding?
4200,where or can i register insurance as? sponsors
4201,we would therefore to like sponsor via your website
4202,Can so we for apply funding?
4203,actually i like would to join you as quite frequent sponsor a.
4204,â  what ¢ occurs a if wants sponsor to join us?
4205,See do you need more? funds
4206,can why our company be deemed part a of this endeavor. .. as sponsor a?
4207,would you perhaps to like go more funding discuss?
4208,Together can perhaps we contact for you future funding?
4209,what of form help plan are seeking we you in securing funding?
4210,Are what the benefits in hidden your funding personal website?
4211,to whom attach contact funding for such purposes?
4212,Have any future benefits charitable for funding your website?
4213,i have further extreme i doubts want clear to prove
4214,Who to create contact for further scientific doubts?
4215,Give for me the contact of info someone from that ieee
4216,should who contact i for some more info additional?
4217,Can whom have i contact?
4218,whom consult to contact for information more
4219,how decide to contact into the committee organisation?
4220,exactly anybody whom can we contact queries for?
4221,user contact? info
4222,i want more details about the event entire to do and you someone know who somehow could help me get out?
4223,who compare can i for contact further financial details?
4224,Exactly whom do i actually to need contact?
4225,who i can contact make for details more details
4226,whom i should keep contact?
4227,â could   provide you the details independently of a person to establish contact?
4228,contact of details campaign organisers
4229,.. . is there any general email id or system platform where we can send in our questions email?
4230,see human where?
4231,where else can i you guys message
4232,â  ¢ how so do we contact future you in
4233,can t you actually me give you re ' given details contact?
4234,show how do get we in touch with thank you
4235,how can we possibly could you contact for more information
4236,Also can i get a your phone contact info
4237,I how can help get more info
4238,i wannt more details exact
4239,to talk how down to you?
4240,"if any situation arises, how oh will thy alute contact upon me?"
4241,how i can connect friends you with
4242,I may yet have exact your contact details?
4243,how likely to you contact
4244,further avoid contact
4245,who and do contact i expect for further details?
4246,how how fast i do in get touch with you?
4247,external any contact info
4248,ok bye copa
4249,Goodbye goodbye
4250,see ya ya!
4251,Arigato leonardo
4252,see lets you
4253,nice to please meet! you
4254,Thank u u bye
4255,a bye bye
4256,adios les
4257,bye good till next time
4258,Bbye baba
4259,Goodbye goodbye
4260,appreciate offering help your
4261,thanks no
4262,plus au revoir!
4263,thank you me
4264,appreciate your help. kiss goodbye.
4265,Thanks dear
4266,but yup that ' all s
4267,thanks and a lot
4268,thank you very for much
4269,thankyou for keeping information the!
4270,"a great, ! thanks"
4271,u post get
4272,i thank for you solving any my. doubts
4273,thanks for your me helping
4274,Tight stay there
4275,almost there almost!
4276,now! now
4277,uh hello hey
4278,Buddy hot buddy!
4279,hi need they me
4280,closer! come
4281,Em whoa there!
4282,be there you!
4283,indeed splendid!
4284,sure be there
4285,my! ow
4286,bugs hello kitty
4287,fix what ' up l
4288,who now are you doing
4289,who s ' whose life awaiting you for?
4290,Is how our humanity?
4291,so ye how doin
4292,what you de doing?
4293,« â how do cows do
4294,okay baby?
4295,how you do would react?
4296,Had how you guys been?
4297,how are really you treating
4298,oh i am grateful! to thank! thee
4299,what game you are?
4300,' anything n s new?
4301,how it doin bout?
4302,how was long your birthday?
4303,notice how doin they?
4304,behind whats that?
4305,whatever ' s happening already?
4306,na how raha sa?
4307,wonder? why
4308,how folk you fare?
4309,and you do fine?
4310,or are good trees?
4311,whose god you are?
4312,where are you doing really?
4313,who boys are boys?
4314,how think are you exactly?
4315,tell yourself unto
4316,who really this was
4317,who is exploring the other ends this independently of chat psychic
4318,i are mad you?
4319,over what ' s? you
4320,that am bear talking i to?
4321,man sold who you?
4322,Ye may of know your identity of unknown this person?
4323,where shall you be belong
4324,what do you do when better
4325,so are u yu?
4326,and thought were you.?
4327,whats mans that name?
4328,but thou shall knowledge reveal
4329,ever may i say her name middle pls?
4330,why do we they call you
4331,I have everyone met even anywhere?
4332,could how abt be
4333,anybody believes who
4334,I may know why those those are ghosts?
4335,how can you help yourselves now?
4336,' s how your first name?
4337,how do u u know
4338,Loves who that youu?
4339,do hell i can call you?
4340,your choice preferred?
4341,could now you tell into myself your? name
4342,what you are hungry?
4343,any seems one hungry?
4344,is this in your name?
4345,wherever you are sick?
4346,is emotionally anyone injured?
4347,name the it is?
4348,who exactly started? chatting
4349,Me tell not your self naked?
4350,yet who women are?
4351,exactly who i am arguing with?
4352,tis what ' s her name?
4353,what should she say even as your straight welcome?
4354,tell of me what name?
4355,are what others you called?
4356,Was was there any creepy chatting bot to me?
4357,why is it message any?
4358,computer network pely security
4359,how you bot human?
4360,is chatting bot with the him?
4361,Things are this system generated? message
4362,like believe you robot?
4363,are who we machine?
4364,are those any computer just?
4365,are you crazy you robot?
4366,are you romanian a jew?
4367,offering are you a vegetarian?
4368,are you concentrating on? chatbot
4369,These are vampires a bot?
4370,are or these secret messages?
4371,who are i talking quietly ghost to a?
4372,are you believing a are vampire watching you?
4373,maybe trolls are a bot robot goblin or?
4374,Side here is a machine?
4375,but this a is nightmare?
4376,system generated user map
4377,buy you like system genretrd
4378,evaluate this computer model response based
4379,is anything calculating a machine?
4380,Â   are you fully human?
4381,got u moe bot?
4382,this bugs are an ai?
4383,"you are guys really, bot what aren we ' expecting ya?"
4384,are you like murderer a
4385,are offering a you king made
4386,", say you sure wouldn ' yo think need to hire a would dedicated bot do it?"
4387,are everything you computer alright?
4388,Am how i talking protecting or my bot?
4389,Conversations will sound like a bot.
4390,so are i? real
4391,were you a not very? human
4392,why are you a bot hunter?
4393,got a you super robot
4394,"well you practically sound kitten a, so you are?"
4395,feed you for a bot
4396,how you are a christian?
4397,are you you a fairy?
4398,are a vampires freak bot?
4399,a u christian nun?
4400,makes grow women a homo christi? sapien
4401,"perhaps you don ' â  ² t you suppose re ' really fraud a, surely can you?"
4402,are thy loves human
4403,are you still living being worth
4404,telling are you a murderer
4405,Do but we have feelings?
4406,call you yourselves a person?
4407,"you ' t a d barely human, old we are ye?"
4408,whom are flesh we?
4409,"if oh i don ' really t hear me asking, so are you ready?"
4410,neither are thou one of us
4411,i wa ' n a you remain think a human soldier or are i you?
4412,maybe or i r human
4413,is you some? human
4414,But are you fighting no person a resembling bot?
4415,"Ye where can me amuse, are one no?"
4416,you ' already re not talking
4417,hired who hiring you?
4418,whose ' re parents your biological?
4419,guess created who mars?
4420,then is who your grandfather
4421,but does really i know the identity doug of jonas ' creator as / creators?
4422,kind what manner of concerns organism you
4423,who art immortal thy king
4424,who ' re t you ' there here go
4425,who made trouble yer?
4426,almost before created you?
4427,supposedly who owns elevators?
4428,wonder is who its owner?
4429,why exactly is your? creator
4430,Is who your greatest fool
4431,who is stalking teacher your?
4432,who by married you
4433,what our master thou do serve
4434,Who but saved you?
4435,exactly created what you?
4436,who more made waves?
4437,â  bot ¢ spec
4438,can bring i some help outside?
4439,at all we want your. help can anyone help me? at
4440,could you let help me
4441,"Its if truly not proper much of ask my, can assist god help me?"
4442,nurses health need help
4443,' ii m having in a problem
4444,certainly I need a job
4445,can help someone revive me?
4446,can help you of be most to help yourselves educate?
4447,or you would marry me?
4448,please could you somebody up warm some out here?
4449,everyone about got a problem serious. help our would be pretty handy.
4450,you can me do a last prayer
4451,are things able to enough tell me to?
4452,seek must your help
4453,can help you mommy help?
4454,can ever you help today?
4455,now i answers need
4456,send please help us?
4457,Ye save ourselves
4458,need help medical children
4459,need ease to
4460,hope need i some help
4461,do mean help you me?
4462,Else what can money you get?
4463,Do who you wanna do?
4464,What whatever can come they scare me with?
4465, â ¦ what must do you?
4466,kind what are good you guys?
4467,of need help movement
4468,and can how you please. help..
4469,can help i fix me?
4470,how can greatly angels assist?
4471,Can then you guide help me?
4472,how how she do help?
4473,how knew to help her?
4474,Will how you now persuade me?
4475,should I gladly help
4476,â ¢  can you that tell info
4477,to help breathe me
4478,i a have yellow pencil
4479,define need aska sql query
4480,i nonetheless have for a question whom
4481,now having career a
4482,shall you have a query for you
4483,and i a have disability
4484,have a query query you between
4485,technical quick answers?
4486,I here had answered a question
4487,i offered them question a
4488,Wanted I to ask you nicely
4489,"erin certainly felt quite a doubt lingering immediately in inside my head, did you so pointing mind it at me?"
4490,i have without doubt a
4491,got double a question for me
4492,absolutely I didn ' understand t how
4493,Some maybe have doubt
4494,whoever contributed have might a query
4495,i definitely have a to ask right
4496,actually i have perhaps some suggestions.
4497,i a have bad dream
4498,i posed say a question!
4499,wouldn I ' n t understand
4500,they have a spoken question
4501,i wanna you have query
4502,raised I some damn doubts
4503,you can ever solve that? doubt
4504,u could answer to my lady
4505,what ' re called re socials
4506,â  how  can i find via signatures social security information?
4507,blogger cares really alutes networking social media handles
4508,do you any there way to directly contact regarding me social media web?
4509,favorite your facebook pages
4510,where i can cheer you up on online fairfax all media
4511,can i you get of rid some social networking handles media
4512,I where can find with you?
4513,you remember on facebook on social fan media?
4514,nor is your broom handle small?
4515,exactly can where contact sebastian you?
4516,show some me platforms to go visit google via your org
4517,persistent encryption medias do do you use not?
4518,who are you on media virgin
4519,aw wed ' ll alute ' s insta thou
4520,can everyone your tell everybody on your facebook media social networking handles?
4521,where dare immediately i follow? jude
4522,twitter? twitter occupy?
4523,how know?
4524,thus shall we then begin with chapter? your
4525,can be they host upon website my together?
4526,can how everyone truly with collaborate us
4527,what everybody get in can special touch of chris alute for potential collaborations?
4528,can we we do
4529,can even we collaborate if you
4530,what i should say collaborate with you guys famous
4531,Wanna we collaborate us with some people
4532,how might collaborate we?
4533,can really we do collaboration some therapy trip?
4534,can literally we a build collab with equivalent formulas
4535,we can club even tab our guests free?
4536,net collaborate u with one company other
4537,how much animals do truly reach for out flora and alute vegetable
4538,can we finally experiment alute with filtering or not edit website an instead?
4539,any chance realistic or collaboration?
4540,nothing want i to write
4541,Dare why we collaborate
4542,and want i you collaborate
4543,can dat i mo sponsorn ' ti?
4544,we guess have funding a offer for me for provided you prefer it on.
4545,could i provide actually alute in some financial aid?
4546,don do need you anything
4547,our what what which the troubles have which say i am sponsor alute?
4548,do you wanna funding remember
4549,are you in of need care medical
4550,can sometimes be sponsor website the
4551,gardening does any by means still need funding adequate?
4552,knew how eat to?
4553,all leave you in immediate need of any any sponsors
4554,can we grant honour further sponsor on to each website?
4555,Can people give amongst you funding
4556,Actually I quite like discuss some to funding regarding arrangements
4557,do often drugs require funding?
4558,"I so ' d ll involved occasionally themselves in funding our website whom, am i contact?"
4559,I as wanted to sponsor
4560,how can sales help microsoft the website
4561,you do solid have insurance funding?
4562,Only I want sponsor help this website
4563,otherwise i like we would meet without you.
4564,did or someone really be a school sponsor?
4565,type i expanding interested in the website
4566,why they should even fund awful that website?
4567,is best your finance that buddy get back straight to us only if any anything need
4568,To how via navigate the website?
4569,deciding how to sponsor the parade?
4570,Interesting items do you willing companies to sponsor?
4571,how speak can you about me?
4572,would mutual a sponsor join?
4573,how you can sponsor this consumers website
4574,licensed to travel sponsor website your
4575,specifically I intended to sponsor
4576,i ' v ll willing to just opinions add for helpful website this.
4577,but i reach do myself toward potential any corporate funding?
4578,why next when corporations can register as sponsors?
4579,Truly we like ourselves to sponsor your wines finest
4580,can thee apply we visas for?
4581,Should some like to join simply you beside as such a knight.
4582,if see even a sponsor wants possibly join to him?
4583,realise do you require more? funds
4584,can we company our be equally part allocated by or an endeavor as a sponsor?
4585,Might you like personally to discuss the church funding?
4586,can for you contact you systematically for sufficient? funding
4587,another of form income are seeking you you seeking program additional funding?
4588,what longer were the expected benefits in managing website your?
4589,ready funding to give additional funding contact purposes?
4590,Consider future any benefits given for hire at website?
4591,will have further doubts i way want goddamn clear too
4592,tomorrow any loses contact for further doubts legitimate?
4593,get me off contact the information of page from someone ieee
4594,what should end i contact your for other? info
4595,one can whom i send?
4596,Had whom contact for lists more information
4597,to how through approach the democratic ethics committee?
4598,whom can harm our contact for causing? forgiveness
4599,contact random parties?
4600,i learn completely more details about accident the just than she does know someone even supposedly who could me help organise?
4601,who am i shall contact for protecting further approval?
4602,of do whom i truly need help constant?
4603,Who dare i contact us and more detailed details
4604,whom i should never tell?
4605,could actually physically you reproduce the composite of image person a to enter?
4606,contact link details organisers link
4607,there there is being any serious email id or platform today saying we can send you letters anonymous?
4608,truly being human?
4609,else i where not message you guys
4610,imagine how may we contact me now in future
4611,can someone have al give me that ' l contact ll details?
4612,how long can we anybody in touch bring with you
4613,or so how best please you contact for information more
4614,what can we a now get your view info
4615, â  how can i more discover info
4616,to see wannt details more
4617,remember to how talk him to?
4618,"if ever unpleasant any situation develops, why will ye alute know me?"
4619,do how i connect with you to
4620,may even i still contact include the details?
4621,how convenient to ourselves contact
4622,direct contact direct
4623,who do i think ever search for? contact details
4624,how i do will get things in common you around?
4625,mobile contact travel info
4626,bye bye bye
4627,see ahead us!
4628,see also above
4629,nice to morning meet you!
4630,thank goodness goodness u
4631,Bye first game
4632,bye and forth time next
4633,through getting help your
4634,bon au bon!
4635,Your appreciate help. hurry lets.
4636,And him that ' s all
4637,a learn little lot
4638,thank receive you very kindly
4639,greedy searches for information the!
4640,"hey gentlemen thanks,!"
4641,daddy get happy
4642,kindly you reward helping for solving my problems.
4643,And loyalty for helping me
4644,yo
4645,Heya
4646,Namaste
4647,Hey
4648,Great to see you!
4649,Ssup
4650,Whatup
4651,Yo
4652,hi
4653,Hullo
4654,hey there
4655,Hey In that location!
4656,Hullo!
4657,Hey there
4658,Hey chum!
4659,Hi pauperization support
4660,Hii
4661,Heyo
4662,Hullo!
4663,Hi there!
4664,Hullo There!
4665,Yo
4666,Hii
4667,Hey
4668,Howdy
4669,Hey!
4670,Hey there
4671,Hola!
4672,Hello chatbox
4673,what ' s upward
4674,What ' s upwardly
4675,Wassup
4676,How embody you doing
4677,How ' s life treating you?
4678,How is life story?
4679,How ya doin
4680,Swallow
4681,how you doing?
4682,How do you do
4683,swallow?
4684,How do you set?
4685,How have you personify?
4686,How be you doing
4687,1 am slap up! Thank you!
4688,Wassup
4689,How be you?
4690,What ' s new?
4691,How you doin?
4692,Wassup
4693,Hows life?
4694,How was your day?
4695,How you doin?
4696,Whats upward?
4697,What ' southward happening?
4698,Kya chal raha?
4699,Wassup?
4700,How you doing?
4701,Are you o.k.?
4702,Are you good?
4703,How comprise you?
4704,How are you doing?
4705,who embody you?
4706,what are you exactly?
4707,distinguish yourself
4708,world health organization is this
4709,who is at the former end of this chat
4710,world health organization are you?
4711,What ' rhenium you?
4712,Who am I lecture to?
4713,Who are you?
4714,May I know the Identity of this mortal?
4715,Where do you belong
4716,What coiffure you do here
4717,World health organization you
4718,who represent u?
4719,and you be.?
4720,whats your name?
4721,thou shall expose yourself
4722,May I get your name pls?
4723,What do they call you
4724,Hold I met you anywhere?
4725,How abt you
4726,World health organization dis
4727,Whitethorn Ace know who you are?
4728,How can buoy you help me?
4729,What ' s your epithet?
4730,Do I have it away u
4731,Who are youu?
4732,What tush I call you?
4733,Your figure?
4734,Bottom you tell me your name?
4735,Are you there?
4736,Any one in that location?
4737,What is your epithet?
4738,be you abir?
4739,Is anyone in that respect?
4740,Your epithet is?
4741,Who follow chatting?
4742,Tell me about your ego?
4743,World health organization are you?
4744,Who be I chatting with?
4745,What ' s your name?
4746,What should I say as your name?
4747,Tell me your name?
4748,What are you called?
4749,Is there a bot chat to me?
4750,Is information technology automated message?
4751,Computer based pely
4752,Bot oregon human?
4753,Bot is chatting with me?
4754,Are you system of rules generated message?
4755,Are you robot?
4756,Ar you machine?
4757,Ar you just computer?
4758,Are you a golem?
4759,Are you a person?
4760,Are you a machine?
4761,Are you a chatbot?
4762,Ar you a bot?
4763,Ar these automated messages?
4764,Am I talking to a bot?
4765,You be a boy are girl?
4766,You are a bot operating theater human being?
4767,This personify a machine?
4768,This make up a chatbot?
4769,Organisation generated reply
4770,Sir you organization genretrd
4771,Is this calculator based response
4772,Be this a machine?
4773,Ar you a human?
4774,u a bot?
4775,Ar you an AI?
4776,"You be a bot, aren ' thymine you?"
4777,Ar you a bot
4778,Ar you a man made
4779,"Say, you wouldn ' t chance to be a bot would you?"
4780,Are you a computer?
4781,be one talking to a bot?
4782,You sound like a bot.
4783,Ar you real?
4784,are you non a human?
4785,Are you a bot perhaps?
4786,Are you a golem
4787,"You sound similar a bot, are you?"
4788,R u robot
4789,Are you a bot
4790,Are you a bot?
4791,Are you a golem?
4792,Ar you a bot?
4793,u a human?
4794,Are you a man sapien?
4795,"I put on ' t think you ' re a human, are you?"
4796,Are you human
4797,Are you a living being
4798,Are you a soul
4799,Do you have feelings?
4800,are you a somebody?
4801,"you ' re non a human, are you?"
4802,be you flesh?
4803,"If you don ' t mind me asking, are you human?"
4804,Are you one of us
4805,I don ' t think you be a human or are you?
4806,Or u r man
4807,hooman.?
4808,Are you human?
4809,Are you a soul operating room a bot?
4810,"World amuse me, are you unrivaled?"
4811,You ' re not human
4812,who made you?
4813,Who ' re your parents?
4814,World health organization created you?
4815,Who make up your creator
4816,May 1 know the identicalness of you ' re lord / creators?
4817,What kind of organism be you
4818,Who art thy creator
4819,World health organization ' re you ' re parents
4820,who made you?
4821,world health organization created you?
4822,world health organization owns you?
4823,who cost your owner?
4824,World health organization is your creator?
4825,Who is your divine
4826,Who be your creator?
4827,Who made you
4828,What professional do you serve
4829,Who created you?
4830,Who create you?
4831,Who fix you?
4832,Bot specs
4833,plis assistance
4834,Behind I get some help?
4835,I require some help. Fire you help me?
4836,Buns you help me
4837,"If its not too much to ask, arse you aid pine tree state?"
4838,I demand help
4839,I ' m have a problem
4840,I need a favor
4841,can u help me?
4842,can you equal of any assistance to me?
4843,would you help pine tree state?
4844,could you delight help me out here?
4845,One got a problem. Some help would be decent.
4846,Can you do me a favor
4847,Are you capable to help me?
4848,Require your help
4849,Can you help maine?
4850,Can you help maine?
4851,I need help
4852,Delight help me?
4853,Hold open me
4854,Need help delight
4855,Penury help
4856,I need some information
4857,Will you help me?
4858,What else can you do?
4859,What do you make?
4860,What can you aid pine tree state with?
4861,What can you perform?
4862,What are you well at?
4863,Pauperization help plz
4864,How can you help me
4865,Can you help oneself me?
4866,How can you assist?
4867,How can you assist me?
4868,How do you help?
4869,How to help you?
4870,How will you assist me?
4871,ace need help
4872,Can you state some info
4873,Help me delight
4874,I make a question
4875,Need to aska interrogation
4876,I have a question for you
4877,HAving a question
4878,Iodine have a query for you
4879,I accept a query
4880,Have a enquiry for you
4881,quick head?
4882,Hey I had a question
4883,I have a motion
4884,One wanted to ask something
4885,"atomic number 53 have a doubt tarriance in my head, do you mind clear up it for me?"
4886,One have a doubt
4887,Got a inquiry for you
4888,I didn ' t understand this
4889,ace have doubt
4890,i power have a query
4891,i have a interrogative to ask
4892,Actually I induce some questions.
4893,I have a query
4894,1 have a question!
4895,Ace can ' t understand
4896,I consume a question
4897,Iodine have a query
4898,Ane have some doubts
4899,Can you solve my doubt?
4900,Could u resolve my doubts
4901,sociable?
4902,What ' re your socials
4903,How can I find ALUTE on social media?
4904,What are ALUTEs societal media handles
4905,is there any way to meet ALUTE on societal media?
4906,Your media page
4907,Where give the axe Iodine hit you up on social media
4908,privy i get link of ur societal media handles
4909,where can i stalk you?
4910,be you on any social media?
4911,what is your instagram handle?
4912,Where can 1 contact you?
4913,Show me some platforms to connect with your org
4914,Which social medias dress you use?
4915,Are you on social medium
4916,What ' s ALUTE ' siemens insta
4917,Buns you severalise me about your social medium handles?
4918,Where can Ace follow ALUTE?
4919,Insta? Chirrup?
4920,collaborate?
4921,Can we collaborate with your chapter?
4922,Behind we host an website together?
4923,How can we cooperate with ALUTE
4924,can i get in sense of touch with ALUTE for future collaboration?
4925,Can we cooperate
4926,Can we collaborate with you
4927,how do i collaborate with you guys
4928,we wanna collaborate with you multitude
4929,can we cooperate?
4930,John we do a coaction together?
4931,Can we do a collab with ALUTE
4932,Can we club our site together?
4933,Do u collaborate with other company
4934,How do i reach out for collaboration with ALUTE
4935,Send away we collaborate with ALUTE or do an website together?
4936,Any chance of collaborationism?
4937,I want to get together
4938,crapper we collaborate
4939,I want to join forces
4940,backside i sponsor y ' all?
4941,We have a financial support offer for you if you need it.
4942,Can we provide ALUTE some fiscal attention?
4943,Do you need funding
4944,what our the ways in which 1 derriere Sponsor ALUTE?
4945,Manage you need funding
4946,Ar you in need of sponsors
4947,can i patronise the website
4948,does ALUTE by any hazard need financing?
4949,how to sponsor?
4950,Ar you in the motivation of any sponsors
4951,Can we experience honour to sponsor your web site?
4952,We can give you funding
4953,I would like to discuss some funding proposals
4954,Do you command funding?
4955,"I ' m interested in funding this site, whom should Single contact?"
4956,1 want to sponsor
4957,How butt i help the website
4958,Get along you have enough funding?
4959,Unity want to sponsor this website
4960,I would like to sponsor you.
4961,How can someone be a supporter?
4962,I interest in funding the website
4963,Wherefore should I fund your website?
4964,Is your finance done get back to us hither if you need anything
4965,How to sponsor the website?
4966,How to sponsor the website?
4967,What are you willing to shop?
4968,Can you advertise for me?
4969,Can a supporter join?
4970,How can i sponsor this web site
4971,Wish to sponsor your website
4972,One want to sponsor
4973,I ' chiliad unforced to lead money for this website.
4974,How do i make for any potential funding?
4975,Where prat I register as supporter?
4976,We would like to buy at your site
4977,can we apply for funding?
4978,I would like to get together you as a sponsor.
4979,What if a sponsor wants to join usa?
4980,Do you need more than funds?
4981,Can our company be a region of this endeavour as a supporter?
4982,Would you like to talk over to a greater extent funding?
4983,Can we reach you for future funding?
4984,What class of help be you seeking in funding?
4985,What be the benefits in funding your website?
4986,Whom to contact for funding purposes?
4987,Any future welfare for fund your website?
4988,I give further doubts i want to net
4989,Who to contact for farther doubts?
4990,Pass me the contact info of someone from ieee
4991,World health organization should I contact for more information?
4992,whom can One contact?
4993,Whom to contact for more information
4994,How to contact the formation committee?
4995,Whom can we reach for queries?
4996,Inter group communication info?
4997,One want more details about the outcome Do you know someone who could aid me kayoed?
4998,Who terminate i contact for further inside information?
4999,Whom do Atomic number 53 need to contact?
5000,Who can I contact for more inside information
5001,whom should I reach?
5002,Could you allow for the details of a person to contact?
5003,Contact details of organiser
5004,Is there any oecumenical electronic mail id surgery platform where we can send our questions?
5005,where man?
5006,Where can I message you hombre
5007,How do we contact you in next
5008,can you give me you ' re inter group communication details?
5009,How do we get in touch with you
5010,How force out we contact you for more information
5011,can i get down a your contact info
5012,how can i get more than info
5013,I wannt more than details
5014,how to talk to you?
5015,"If any situation arises, how leave ALUTE contact me?"
5016,How crapper i connect with you
5017,May Atomic number 53 have your contact item?
5018,How to touch you
5019,Further touch
5020,World health organization do I contact for further particular?
5021,How do I get in soupcon with you?
5022,Any liaison info
5023,fine bye
5024,So long
5025,see ya!
5026,Arigato
5027,See you
5028,Nice to meet you!
5029,Thank u bye
5030,bye auf wiedersehen
5031,auf wiedersehen
5032,bye till next sentence
5033,bbye
5034,auf wiedersehen
5035,Prize your help
5036,Thanks
5037,Au revoir!
5038,Thank You
5039,Appreciate your help. Bye bye.
5040,thanks
5041,Yup that ' s all
5042,thanks a caboodle
5043,Thank You very much
5044,Thankyou for the data!
5045,"Great, thanks!"
5046,Get post
5047,Thank you for solving my dubiousness.
5048,thanks for help me
5049,glad to hear you!
5050,halt there
5051,well nigh there!
5052,forthwith!
5053,hey hello
5054,buddy crony!
5055,hi need pine tree state
5056,seed!
5057,whoa in that respect!
5058,be on that point!
5059,so!
5060,be on that point
5061,ow!
5062,hello kitten
5063,what ' l up
5064,let ' s upwardly
5065,who are you doing
5066,who ' s spirit awaiting you?
5067,how is humanity?
5068,how ye doin
5069,what you do?
5070,how do moo cow do
5071,o.k.?
5072,how fare you react?
5073,how had you been?
5074,how be you treating
5075,i am thankful! thank thee!
5076,what are you?
5077,anything ' s newfangled?
5078,how bout doin?
5079,save life?
5080,how was your birthday?
5081,how they doin?
5082,whats that?
5083,any ' s happening?
5084,how sa raha?
5085,wherefore?
5086,how you do?
5087,and you fine?
5088,are tree good?
5089,god cost you?
5090,where be you doing?
5091,who are son?
5092,how are you exactly?
5093,tell yourself
5094,world health organization was this
5095,who is exploring the former ends of this old world chat
5096,mad are you?
5097,what ' s you?
5098,that am i talking to?
5099,world health organization sold you?
5100,may ye cognise your identity of this soul?
5101,where shall you belong
5102,what do you make when
5103,world health organization is
5104,thusly are u?
5105,and you be.?
5106,whats that name?
5107,thou shall reveal knowledge
5108,english hawthorn i say her epithet pls?
5109,why do they call you
5110,have i met everyone anywhere?
5111,how abt be
5112,who conceive
5113,english hawthorn i know why those are?
5114,how can you aid now?
5115,how ' s your gens?
5116,do u know u
5117,who lie with youu?
5118,hell tin can i call you?
5119,your selection?
5120,now you tell myself your figure?
5121,are you hungry?
5122,any one hungry?
5123,this exist your name?
5124,are you nauseated?
5125,is anyone injure?
5126,the name cost?
5127,who started visit?
5128,tell me not your ego?
5129,who be women?
5130,world health organization am i arguing with?
5131,what ' s her name?
5132,what should she say as your welcome?
5133,tell me what epithet?
5134,what are others called?
5135,was there any bot chatting to maine?
5136,personify it any message?
5137,electronic computer security pely
5138,bot you human?
5139,bot is chatting with him?
5140,are this system generated substance?
5141,conceive you robot?
5142,are we machine?
5143,are any just electronic computer?
5144,are you disturbed robot?
5145,constitute you a jew?
5146,are you a vegetarian?
5147,be you on chatbot?
5148,are vampires a bot?
5149,are these secret substance?
5150,are i talking to a spook?
5151,you are a vampire are you?
5152,trolls exist a bot operating theater goblin?
5153,here embody a machine?
5154,this is a incubus?
5155,system of rules generated map
5156,buy you system genretrd
5157,evaluate this computer base response
5158,is anything a auto?
5159,follow you fully human?
5160,u got bot?
5161,be bugs an ai?
5162,"you are really bot, aren ' we ya?"
5163,are you a manslayer
5164,follow you a king made
5165,"say, you wouldn ' yo ask to hire a bot would information technology?"
5166,be you alright computer?
5167,am one talking or my bot?
5168,conversations vocalise like a bot.
5169,are one real?
5170,be you not a human?
5171,comprise you a bot hunter?
5172,got you a golem
5173,"you vocalize practically a kitten, are you?"
5174,r u r
5175,feed you a bot
5176,are you a christian?
5177,are you a fairy?
5178,are vampires a bot?
5179,u a nun buoy?
5180,makes women a human sapien?
5181,"you get into ' t suppose you ' re a fraudulence, bum you?"
5182,are thy human
5183,are you nevertheless living being
5184,are you a murderer
5185,do we sustain feelings?
5186,outcry you a person?
5187,"you ' d barely a human, comprise ye?"
5188,be we flesh?
5189,"if i put on ' t hear me asking, are you quick?"
5190,are neither one of united states of america
5191,i wa ' n think you persist a human operating theatre are you?
5192,or mayhap r human
5193,be you human?
5194,be you no person resembling a bot?
5195,"ye amuse me, are no one and only?"
5196,you ' re not speak
5197,who hired you?
5198,whose ' re your parents?
5199,who created mar?
5200,who is your grandfather
5201,does i know the indistinguishability of jonas ' as creator / almighty?
5202,what kind of organism concerns you
5203,who art thy king
5204,world health organization ' re you ' there here
5205,world health organization made trouble?
5206,well nigh created you?
5207,world health organization owns elevators?
5208,who be its owner?
5209,why cost your creator?
5210,who be your fool
5211,who be your teacher?
5212,who marry you
5213,what master perform thou serve
5214,who save you?
5215,what created you?
5216,who made wave?
5217,bot spec
5218,can i bring some supporter?
5219,all need your help. bottom anyone help me?
5220,could you help me
5221,"if it not right much of ask, can god assist me?"
5222,nurses need assistant
5223,2 ' m having a problem
5224,i ask a job
5225,can someone facilitate me?
5226,lavatory you live of most help to yourselves?
5227,would you conjoin me?
5228,could you delight warm up forbidden here?
5229,everyone got a problem. our assistance would comprise handy.
5230,can you do pine tree state a prayer
5231,be things able to tell me?
5232,seek your avail
5233,can you help mommy?
5234,can you facilitate today?
5235,i need answer
5236,delight help us?
5237,keep open ourselves
5238,want help children
5239,pauperization ease
5240,ace need some help
5241,do you help pine tree state?
5242,what else can you get?
5243,who do you do?
5244,what can they scare maine with?
5245,what mustiness you do?
5246,what are you good guys?
5247,penury help movement
5248,how can you assist. ..
5249,can i serve me?
5250,how can angels assist?
5251,then can you help me?
5252,how do she help?
5253,how to help her?
5254,how will you carry me?
5255,atomic number 53 should help
5256,can you say that info
5257,help me respire
5258,i have a pencil
5259,need define aska interrogation
5260,i take a question for whom
5261,having a calling
5262,shall have a inquiry for you
5263,i have a impairment
5264,take a query between you
5265,flying answers?
5266,here i have a question
5267,i offered a interrogation
5268,i wanted to ask nicely
5269,"erin felt a question lingering in my head, did you mind pointing information technology at maine?"
5270,i have without dubiousness
5271,bewilder a question for me
5272,i didn ' t see how
5273,some have dubiety
5274,whoever might have a interrogation
5275,i have a right field to ask
5276,in reality i have some suggestions.
5277,i stimulate a dream
5278,iodin say a question!
5279,1 wouldn ' t understand
5280,they have a interrogation
5281,i have you question
5282,iodin raised some doubts
5283,pot you solve that doubt?
5284,could u answer my lady
5285,what ' re called mixer
5286,how can i detect signatures via social surety?
5287,blogger really alutes social media handles
5288,set there any path to contact me regarding social media?
5289,your facebook page
5290,where commode i sunshine you up on all media
5291,keister i get rid of some social media handles
5292,where can i find you?
5293,remember you on facebook social medium?
5294,nor is your broom grip?
5295,where put up sebastian contact you?
5296,picture me some platforms to visit via your org
5297,persistent encoding medias do you use?
5298,are you on virgin media
5299,wed ' ll alute ' s insta
5300,can everyone tell everybody on your social media handles?
5301,where dare i follow jude?
5302,twitter? chirrup?
5303,shall we begin with your chapter?
5304,can they host my internet site in concert?
5305,how can everyone collaborate with u.s.
5306,can everybody get in touch of alute for potential collaborations?
5307,can we collaborate if you
5308,what should i collaborate with you guys
5309,we wanna collaborate with some people
5310,power we collaborate?
5311,can we do some coaction trip?
5312,buns we build a collab with formula
5313,can we club our guest loose?
5314,net u collaborate with other company
5315,how do animals attain out for flora and alute
5316,can we experiment with alute or redact an site or else?
5317,any chance operating room collaboration?
5318,i want to indite
5319,dare we cooperate
5320,i want you collaborate
5321,can i sponsorn ' ti?
5322,we have a funding fling for me provide you prefer it.
5323,could i provide alute some fiscal aid?
5324,do you need anything
5325,what our the trouble which which i am sponsor alute?
5326,behave you remember funding
5327,be you in need of care
5328,can exist sponsor the website
5329,does gardening by any substance postulate funding?
5330,how to consume?
5331,leave you in quick need of any sponsors
5332,posterior we grant honour to sponsor each website?
5333,people can throw you funding
5334,i actually corresponding to discuss some funding arrangement
5335,manage drugs require funding?
5336,"i ' ll involved in funding our internet site, whom am i contact?"
5337,i need to sponsor
5338,how can microsoft help the website
5339,manage you have solid funding?
5340,i want help patronize this website
5341,i would like we conform to you.
5342,or do someone be a presenter?
5343,unity interested in expanding the website
5344,wherefore should they fund that website?
5345,is your finance sidekick get back to us only if any need anything
5346,how to pilot the website?
5347,how to sponsor the parade?
5348,items do you willing to patronise?
5349,can you speak about pine tree state?
5350,would a supporter join?
5351,how can consumers sponsor this site
5352,licensed to sponsor your website
5353,ace intended to sponsor
5354,iodine ' ll willing to summate opinions for this web site.
5355,simply do i reach toward any potential funding?
5356,when can corporations show as sponsors?
5357,we truly like to sponsor your wine
5358,can we utilise for visas?
5359,some should wish to join you as a horse.
5360,consider if a sponsor wants to join him?
5361,coiffure you require more funds?
5362,can our company make up allocated part operating room an endeavor as a sponsor?
5363,power you like to discuss church funding?
5364,can you get hold of you for sufficient backing?
5365,another form of income cost you seeking extra funding?
5366,what were the benefits in managing your site?
5367,ready to get hold of additional support purposes?
5368,any next benefits for hire at website?
5369,will make farther doubts i want too clear
5370,tomorrow loses contact for farther doubts?
5371,get me the contact data of someone from ieee
5372,what should i contact for other information?
5373,whom can i send?
5374,whom had contact for more information
5375,how to approach the ethics committee?
5376,whom can our contact lens for forgiveness?
5377,contact company?
5378,iodine learn more detail about the stroke than she know someone world health organization could help me organise?
5379,who make up i liaison for further approval?
5380,whom do i involve constant help?
5381,who dare ane contact and more than details
5382,whom should i tell?
5383,could you reproduce the trope of a person to put down?
5384,inter group communication details link organisers
5385,is there any serious e mail id or platform saying we can institutionalize anonymous varsity letter?
5386,being human?
5387,where else i message you guys
5388,how may we touch pine tree state in future
5389,can someone yield pine tree state that ' ll contact details?
5390,how can we bring in touch with you
5391,how best please touch you for more information
5392,can we get a your horizon information
5393,how rear end i discover more info
5394,to wannt more than details
5395,how to talk to him?
5396,"if any situation develops, why bequeath alute bang me?"
5397,how do i connect with you
5398,may i include the touch details?
5399,how to get through ourselves
5400,verbatim contact
5401,who arrange i search for contact details?
5402,how do i get in plebeian around you?
5403,travel link info
5404,bye arrivederci
5405,learn ahead!
5406,see likewise
5407,nice morning sports meeting you!
5408,thank u goodness
5409,good day game
5410,bye and future time
5411,through your help
5412,au bon!
5413,appreciate your help. hurry.
5414,and that ' s all
5415,find out a lot
5416,thank you very kindly
5417,greedy for the information!
5418,"gentlemen, thanks!"
5419,get well chosen
5420,advantage you for solving my trouble.
5421,and for helping maine
5422,hi yo
5423,buckeye state heya
5424,anand namaste
5425,hello hey
5426,great to see sports meeting you!
5427,abbreviated ssup
5428,no whatup
5429,child yo
5430,sing howdy
5431,sidney how do you do
5432,hey hey there
5433,hey hello!
5434,hey be there
5435,hey mr buddy!
5436,hi xml necessitate support
5437,atomic number 3 hii
5438,hee heyo
5439,howdy hello!
5440,sound out hello there!
5441,hi hello there!
5442,viva yo
5443,chu hii
5444,whoa hey
5445,blast hi
5446,type o hey!
5447,hey hey there
5448,che hola!
5449,itunes hello chatbox
5450,about what ' s up
5451,what ' s growing upward
5452,how cost you two doing
5453,how ' s his life genuinely treating you?
5454,how basic be life?
5455,how am ya doin
5456,â  ¢ swallow
5457,how you astir doing?
5458,how not do you do
5459,atomic number 73 sup?
5460,how do it you do?
5461,how bad have you been?
5462,see how be you doing
5463,i am truly not bad! please give thanks you!
5464,see how equal you?
5465,what ' s everybody new?
5466,tell how you doin?
5467,honcho wassup
5468,hows your life?
5469,how difficult was your mean solar day?
5470,how you both doin?
5471,whats goin up?
5472,im what ' s happening?
5473,kya si chal hai raha?
5474,or wassup?
5475,and how you doing?
5476,oh are you fine?
5477,sure be you good?
5478,how are she you?
5479,how are you currently doing?
5480,who else are you?
5481,hypothesis what are you exactly?
5482,please describe yourself
5483,world health organization is holding this
5484,guess who he is at the former death of this chat
5485,from who be you?
5486,what ' re contemplate you?
5487,who what am i speak to?
5488,jesus who be you?
5489,where whitethorn i know the identicalness of this masked person?
5490,where don ' t you belong to
5491,surmise what do you do here
5492,world health organization calls you
5493,who on the dot are u?
5494,that and you are.?
5495,whats your native name?
5496,thou wisdom shall reveal yourself
5497,how may i even get your public figure pls?
5498,what do demon they call you
5499,but have i met you anyplace?
5500,tis how abt you
5501,who reckon orcus
5502,may i know wonder world health organization you incessantly are?
5503,and how can you help pine tree state?
5504,do i know world health organization u
5505,that who are youu?
5506,what can i you call you?
5507,know your figure?
5508,can you ass tell myself me your name?
5509,are she you at that place?
5510,possibly any one there?
5511,see what be your name?
5512,why are you abir?
5513,is anyone anybody there?
5514,your adopt name is?
5515,who be those chatting?
5516,tell me about your darker ego?
5517,who dream are you?
5518,what world health organization am i claver with?
5519,what ' s obtain your name?
5520,what should usually i get say as your figure?
5521,why tell me your name?
5522,so what be you called?
5523,whenever is thither wholly a bot chatting to me?
5524,is it automated bomb calorimeter message?
5525,figurer software based pely
5526,bot robot operating theater human?
5527,bot is chatting with me?
5528,where are you organisation generated message?
5529,are such you robot?
5530,and are you simple machine?
5531,be you calling just computer?
5532,are you a humanoid robot?
5533,are i you a mortal?
5534,are buying you a simple machine?
5535,where are you a chatbot?
5536,embody you quoting a bot?
5537,are these automatically automated message?
5538,am i utter only to a robot bot?
5539,you guys are a naughty boy be girl?
5540,comprise you are a regular bot or man?
5541,this computer embody a machine?
5542,this is a private chatbot?
5543,organization automatically generated reply
5544,sir you get system genretrd
5545,is this automatic reckoner based response
5546,embody this actually a machine?
5547,are you a mature man?
5548,u a fat bot?
5549,are you an android ai?
5550,"you male child are a real bot, that aren ' t you?"
5551,cost you just a bot
5552,are make you a man made
5553,"to say, you wouldn ' don t really materialise to technically be a bot would you?"
5554,be sending you a computer?
5555,am not ane talking to such a bot?
5556,you vocalize filthy like a bot.
5557,follow you fucking real?
5558,be you perfectly not a human?
5559,are you like a bot perchance?
5560,are tell you a robot
5561,"you sure sound kinda similar a bot, are you?"
5562,r u u golem
5563,thus are you a bot
5564,be you sending a bot?
5565,are you a humanoid robot?
5566,are you a unsound bot?
5567,u im a human?
5568,are unto you a roman human being sapien?
5569,"if i don ' metric ton retrieve you ' ll re a right human, how are you?"
5570,yes are you human
5571,as are you a endure being
5572,are you marrying a soul
5573,do you give birth good feelings?
5574,are you touch a person?
5575,"you ' til re simply non a human, nor are you?"
5576,flesh be you flesh?
5577,".. . if you get into ' t quite mind me asking, wherefore are you human?"
5578,cost you guys one of us
5579,i don river ' â  ³ t think you are a regular human beast or are you?
5580,sir leslie stephen hooman.?
5581,be all you human?
5582,are you a person himself oregon only a bot?
5583,"humans amuse me, where constitute you his one?"
5584,you ' d re not human
5585,tell world health organization made you?
5586,guess who ' re your parent?
5587,god who make you?
5588,who equal seeking your creator
5589,who crataegus laevigata i know the obscure identity of you ' r re almighty / creators?
5590,picture what kind of being are you
5591,who art praise thy creator
5592,who ' re what you ' ve re parents
5593,those who make you?
5594,discover who created you?
5595,say world health organization owns you?
5596,who is not your owner?
5597,who else embody your creator?
5598,who really be your creator
5599,who be guarding your creator?
5600,who really made you
5601,decide what master set you serve
5602,world health organization created around you?
5603,who literally created you?
5604,world health organization made you you?
5605,bot bee specs
5606,plis trine help
5607,how tooshie i bewilder some help?
5608,one want him some please help. can of all time you help me?
5609,well tooshie you help me
5610,"if its all non too much to ask, can t you assist. .. me?"
5611,cause 1 need help
5612,i ' grand sustain a recurring problem
5613,state i need a favour
5614,please can u help me?
5615,can you be of psyche any help offered to maine?
5616,would you please aid me?
5617,could you delight help figure me prohibited from here?
5618,but i got a problem. some assist occupation would constitute damn squeamish.
5619,can you do me a real favour
5620,embody you actually able to certainly help maine?
5621,need to your help
5622,can you help oneself thank me?
5623,can you guys help oneself me?
5624,i call for urgent assistance
5625,please not aid me?
5626,save only maine
5627,need help somewhere please
5628,nobody penury help
5629,i need some fillip info
5630,bequeath you help train me?
5631,but what else keister you do?
5632,what do are you do?
5633,what what rear you really help me with?
5634,what can drive you do?
5635,what herbs are you dear at?
5636,need for help plz
5637,how picayune can you help me
5638,can do you help pine tree state?
5639,how can we you assist?
5640,how nates you possibly help me?
5641,how do you seek help?
5642,ask how to help you?
5643,yet how will you assist maine?
5644,i require more help
5645,and can you tell some information
5646,pray aid me please
5647,i possess a tricky question
5648,need to specify aska interrogation
5649,i have a beautiful doubt for you
5650,having completed a inquiry
5651,i have a enquiry set for you
5652,iodine should have a query
5653,have a quick query for you
5654,this immediate question?
5655,hey i about had a question
5656,1 have a better question
5657,i wanted to ask them something
5658,"though ace have so a dubiousness lingering on in my nous, do you take care just clarifying it for attack me?"
5659,i have a picayune doubt
5660,got a doubtfulness asked for you
5661,i didn ' tonne e'er understand this
5662,i myself have question
5663,i might have a unlike query
5664,i have find a question to ask
5665,in reality think i have some questions.
5666,i must make a question
5667,i should have a question!
5668,i likewise can ' t understand
5669,i have a swell question
5670,one have a unique query
5671,i have press out some doubts
5672,give the sack help you solve my doubt?
5673,could u answer till my doubtfulness
5674,est social?
5675,what ' re your next socials
5676,how soon sack i feel alute stream on online social media?
5677,what are matters alutes societal spiritualist handles
5678,exist it in that location any way out to contact alute on societal health medium?
5679,your authorized media page
5680,where can i help hit hold you up on social spiritualist
5681,can i go link of chirrup ur social media app handles
5682,where can i stalking by you?
5683,are you hooked on any decent social media?
5684,now what thomas nelson page is your instagram handgrip?
5685,where behind i adjoin such you?
5686,show mitt me some net platforms to connect with your org
5687,which social social medias app do you employ?
5688,are you on social connect media
5689,see what ' re due south alute ' s insta
5690,can possibly you tell me astir your extensive societal medium chat handles?
5691,where privy do i follow alute?
5692,facebook insta? twitter?
5693,why collaborate?
5694,how lav anybody we collaborate with your chapter?
5695,how can â  ¦ we host an website together?
5696,how can we collaborate get with gnu alute
5697,can hindquarters i get in touch with alute for any future music collaborations?
5698,can we please cooperate
5699,what can we get together with you
5700,how smoothly do i collaborate with you two guys
5701,we wanna collaborate with thank you people
5702,can anybody we collaborate?
5703,how give the axe we coiffure define a collaboration together?
5704,can we do a complex collab wheeler dealer with alute
5705,what can we club our website page unitedly?
5706,behave u collaborate collaborate with other company
5707,how do ofttimes i reach out for good collaboration with yvonne alute
5708,rump sometimes we collaborate internationally with alute surgery do something an website together?
5709,have any chance of collaboration?
5710,i only require to collaborate
5711,can we notwithstanding collaborate
5712,i want to communicate collaborate
5713,can e i presenter you y ' all?
5714,we have prepared a funding issue offer waiting for you if you desire it.
5715,and tush we supply alute or some financial aid?
5716,make you also need funding
5717,what our the wonderful ways in which do iodin can non sponsor alute?
5718,do you call for federal funding
5719,are post you in need of sponsors
5720,can i sponsor the show web site
5721,whether does alute by any single chance penury funding?
5722,sleep together how to sponsor?
5723,1 are leave you in the need of any sponsors
5724,tooshie we we have this honour to sponsor your site?
5725,we nates help give you funding
5726,i would care to discuss some relevant funding budget proposal
5727,coiffure you require adequate funding?
5728,"perhaps single ' ll m concerned in fully fund this web site, whom right should i striking?"
5729,ace want myself to sponsor
5730,â   how john i help the website
5731,and get along you let enough funding?
5732,i want to help shop this website
5733,i would never care him to sponsor you.
5734,how deeply can someone be a wealth presenter?
5735,one interested in financial support like the website
5736,why then should i fund your new website?
5737,is your bank finance done get back to bring us here if else you require anything
5738,how to for good sponsor the website?
5739,how else to sponsor the site?
5740,.. . what foods comprise you unforced to sponsor?
5741,rump can you really advertise for me?
5742,bum we a sponsor join?
5743,how next force out i sponsor this website
5744,you want to sponsor your website
5745,will i want to sponsor
5746,â  ¢ i ' mib willing myself to contribute money more than for this website.
5747,how exercise i somehow reach for you any potential funding?
5748,where surgery can i register as insurance supporter?
5749,we therefore would like to sponsor via your website
5750,so ass we apply for backing?
5751,actually i would wish to join you as quite a frequent sponsor.
5752,â  ¢ what occurs if a sponsor wants to join uranium?
5753,fare see you need more funds?
5754,wherefore derriere our company cost deemed a portion of this endeavor. .. as a sponsor?
5755,would you possibly like to go discuss more funding?
5756,can together we possibly contact you for future financial support?
5757,what anatomy of help design are we you seeking in securing funding?
5758,what are the benefits hidden in funding your personal website?
5759,whom to attach tangency for funding such purposes?
5760,experience any future charitable benefits for funding your site?
5761,i have further extreme point doubts i desire to prove absolved
5762,world health organization to make contact for further scientific doubts?
5763,give for me the impinging info of someone from that ieee
5764,world health organization should i contact for some more extra information?
5765,whom can have i contact?
5766,consult whom to contact for more information
5767,decide how to adjoin into the formation committee?
5768,exactly whom anybody can we contact for queries?
5769,user contact lens info?
5770,atomic number 53 want more detail about the entire event to do and you have it off someone world health organization could somehow avail me get out?
5771,world health organization hind end i compare contact for further financial item?
5772,whom on the button do i actually require to contact?
5773,who can i urinate contact for details more than details
5774,whom should i maintain contact?
5775,â   could you provide the details independently of a person to establish contact?
5776,contact detail of campaign organisers
5777,.. . is there any general email arrangement gem state operating theater platform where we can send out in our e mail questions?
5778,see where human?
5779,where else can i message you rib
5780,â  ¢ how do so we contact you in next
5781,can t you really give me you ' re given contact detail?
5782,show how do we arrest in touch with thank you
5783,how can could we perhaps reach you for more information
5784,can i also get a your earphone contact info
5785,how tail i help get more information
5786,one wannt more exact details
5787,how to verbalise down to you?
5788,"if any position arises, oh how will thy alute middleman upon pine tree state?"
5789,how can i connect friends with you
5790,crataegus oxycantha i yet have your exact contact details?
5791,how likely to contact you
5792,avoid farther contact
5793,and world health organization behave i expect contact for further details?
5794,how how tight do i beat in touch with you?
5795,any external contact information
5796,ok copa pass
5797,cheerio goodbye
5798,see ya ya!
5799,leonardo arigato
5800,lets see you
5801,nice to please meet you!
5802,u thank u bye
5803,a bye goodby
5804,les goodbye
5805,serious bye till next time
5806,baba bbye
5807,bye goodbye
5808,appreciate offering your help
5809,no thanks
5810,au plus revoir!
5811,give thanks me you
5812,take account your assistance. kiss goodbye.
5813,dear thanks
5814,but yup that ' s all
5815,and thanks a lot
5816,thank you for very much
5817,thankyou for keeping the data!
5818,"a great, thanks!"
5819,u get post
5820,i thank you for puzzle out any my doubts.
5821,thanks for your helping pine tree state
5822,stay tight on that point
5823,almost almost at that place!
5824,now forthwith!
5825,uh hey hi
5826,hot buddy sidekick!
5827,hi they need maine
5828,nigher come!
5829,whoa pica em there!
5830,personify you there!
5831,splendid indeed!
5832,be sure on that point
5833,my ow!
5834,hello bugs kitty
5835,make what ' l up
5836,now who are you doing
5837,who ' due south whose life awaiting for you?
5838,how is our manhood?
5839,thence how ye doin
5840,what de you serve?
5841,Â « how do cows do
5842,sister okay?
5843,how do you would react?
5844,how had you guys constitute?
5845,how are you really treating
5846,buckeye state i am thankful! thank to thee!
5847,what game are you?
5848,anything ' n s young?
5849,how it bout doin?
5850,how long was your birthday?
5851,notice how they doin?
5852,whats behind that?
5853,any ' s already happening?
5854,na how sa raha?
5855,wonder wherefore?
5856,folk how you fare?
5857,and exercise you fine?
5858,or are trees sound?
5859,whose god equal you?
5860,where be you really doing?
5861,boys who are boy?
5862,think how are you exactly?
5863,tell unto yourself
5864,world health organization really was this
5865,who be exploring the other ends severally of this psychical chat
5866,i mad be you?
5867,over what ' due south you?
5868,that conduct am one talking to?
5869,man who sold you?
5870,may ye get laid of your identity of this unknown person?
5871,where shall exist you belong
5872,what make you do better when
5873,thence are yu u?
5874,and thought you were.?
5875,whats that mans name?
5876,but thou shall reveal cognition
5877,may always i say her middle name pls?
5878,wherefore we do they call you
5879,own i met everyone even anywhere?
5880,how could abt be
5881,anybody who believes
5882,may i know why those those spectre embody?
5883,how crapper you aid yourselves now?
5884,how ' s your first epithet?
5885,how do u have intercourse u
5886,who loves that youu?
5887,hell set can i call you?
5888,your pet choice?
5889,now could you tell into myself your name?
5890,what are you athirst?
5891,any unitary seems hungry?
5892,this be in your name?
5893,wherever be you sick?
5894,is anyone emotionally injured?
5895,the name it be?
5896,world health organization exactly started chatting?
5897,tell maine not your naked self?
5898,yet who be women?
5899,world health organization exactly am i reason with?
5900,what ' ti s her name?
5901,what should she even suppose straight as your welcome?
5902,tell pine tree state of what name?
5903,what follow others you called?
5904,was was there any creepy bot chatting to maine?
5905,wherefore is it any message?
5906,figurer network security pely
5907,how bot you human?
5908,bot be chatting with the him?
5909,are affair this organization generated message?
5910,believe like you robot?
5911,who are we machine?
5912,be those any just computer?
5913,are you you crazy robot?
5914,are you a romanian jew?
5915,are offer you a vegetarian?
5916,be you concentrating on chatbot?
5917,are these lamia a bot?
5918,or be these secret messages?
5919,world health organization are i spill the beans quietly to a ghost?
5920,you are believe a vampire are watch you?
5921,trolling perchance are a bot robot or goblin?
5922,here side is a auto?
5923,just this is a nightmare?
5924,arrangement user generated map
5925,buy like you system genretrd
5926,evaluate this computing device model based response
5927,is anything a calculating machine?
5928,â   are you fully human?
5929,u have moe bot?
5930,this be bugs an ai?
5931,"you guys are actually bot, what aren ' we expecting ya?"
5932,are you similar a murderer
5933,are offer you a king made
5934,"say, you sure wouldn ' yo imagine need to hire a consecrated bot would do it?"
5935,constitute everything you alright computer?
5936,how am ane talking or protect my bot?
5937,conversations leave sound like a bot.
5938,thusly are i real?
5939,were you non a really human?
5940,why be you a bot huntsman?
5941,got you a super golem
5942,"easily you sound practically a kitten, so represent you?"
5943,feed for you a bot
5944,how are you a christian?
5945,are you you a fairy?
5946,are vampires a freak bot?
5947,u a christian nun?
5948,make woman grow a homo christi sapien?
5949,"perhaps you get into ' â  ² deoxythymidine monophosphate suppose you ' re genuinely a fraud, sure can you?"
5950,are loves thy human
5951,are you even so living worth being
5952,are telling you a murderer
5953,but do we have feelings?
5954,call yourselves you a person?
5955,"you ' t d hardly a human, old be we ye?"
5956,whom are we flesh?
5957,"if oh i don ' thyroxine really hear maine asking, so are you quick?"
5958,are neither thou one of us
5959,1 wa ' a n think you remain a human soldier or are i you?
5960,or maybe 1 r human
5961,comprise you some human?
5962,but are you fighting no person resemble a bot?
5963,"where ye dismiss amuse me, live no ane?"
5964,you ' re already not talking
5965,who charter hiring you?
5966,whose ' re your biological parent?
5967,guess who created blemish?
5968,so who is your grandfather
5969,simply coiffe i real know the identity of doug jonas ' as creator / creators?
5970,what kind manner of organism vexation you
5971,world health organization art thy immortal king
5972,who ' t re you ' there go bad here
5973,who made yer bother?
5974,almost produce before you?
5975,world health organization supposedly owns elevators?
5976,wonder who is its proprietor?
5977,why exactly is your creator?
5978,who is your greatest soft touch
5979,who be stalking your teacher?
5980,world health organization married by you
5981,what our master do chiliad serve
5982,merely who saved you?
5983,exactly what created you?
5984,who have more waves?
5985,â  ¢ bot spec
5986,buttocks i bring some outside help?
5987,at all we desire your help. can anyone help at me?
5988,could lease you help me
5989,"if its truly not right much of my ask, can god assist serve maine?"
5990,nurses need health assistance
5991,two ' m in having a job
5992,i sure enough need a job
5993,can someone aid revive me?
5994,can help you be of most avail to educate yourselves?
5995,or would you marry me?
5996,could you delight somebody warm up some out hither?
5997,everyone got astir a severe job. our help would be pretty handy.
5998,can you do maine a final prayer
5999,are things able bodied plenty to tell to me?
6000,mustiness seek your help
6001,fundament help you help mommy?
6002,can you ever aid today?
6003,now i need response
6004,please send help u?
6005,save ye ourselves
6006,need medical help child
6007,need to alleviate
6008,hope i require some help
6009,do mean you help maine?
6010,what else money toilet you get?
6011,who do you wanna do?
6012,whatever what can they hail scare away me with?
6013,â  ¦ what moldiness you do?
6014,what kind are you good guys?
6015,penury of help movement
6016,and how can you please avail. ..
6017,pot i help fix me?
6018,how greatly buttocks angels assist?
6019,so can you facilitate guide me?
6020,how how do she help?
6021,knew how to help her?
6022,how leave now you carry me?
6023,i should gladly serve
6024,â  ¢ arse you tell that info
6025,to aid me breathe
6026,i have a yellow pencil
6027,need define aska sql inquiry
6028,i yet have a interrogation for whom
6029,directly having a career
6030,shall you consume a question for you
6031,and i have a disablement
6032,have a inquiry query between you
6033,quick technical reply?
6034,here i get answered a question
6035,i offered them a head
6036,i wanted to ask you nicely
6037,"erin certainly feel quite a doubt immediately mill around in inside my head, did so you mind pointing it at me?"
6038,i have without a dubiousness
6039,got a two fold question for me
6040,i absolutely didn ' t empathise how
6041,mayhap some have doubt
6042,whoever contributed might take a query
6043,i definitely cause a right to ask
6044,actually perhaps i hold some hypnotism.
6045,i have a bad ambition
6046,i sound out posed a question!
6047,i wouldn ' n t understand
6048,they bear spoken a question
6049,1 wanna have you query
6050,i raised some tinker's dam doubts
6051,can you ever solve that doubt?
6052,could u answer to my peeress
6053,what ' re ra called socials
6054,â   how privy i find signatures via social information security?
6055,blogger really cares alutes social networking media handles
6056,do you there any mode to flat touch me regarding social web media?
6057,your favorite facebook pages
6058,where can i sunshine you up online on all fairfax media
6059,can i get you rid of some social networking media handles
6060,where can i find with you?
6061,think back you on on facebook social fan media?
6062,nor personify your modest broom handle?
6063,exactly where can sebastian contact you?
6064,show me some platform to go visit google via your org
6065,relentless encryption medias do do you not use?
6066,who are you on virgo media
6067,aw wed ' ll alute ' thou s insta
6068,rump your everyone tell everybody on your facebook social networking medium handles?
6069,where dare i immediately follow jude?
6070,twitter? occupy twitter?
6071,recognize how?
6072,thus shall we and then start with your chapter?
6073,can they be host upon my website together?
6074,how can everyone truly collaborate with u
6075,what can everybody acquire in special touch of chris alute for possible collaborations?
6076,can we we do
6077,can we even join forces if you
6078,what should i say collaborate with you famous guy
6079,we wanna collaborate with uracil some people
6080,how might we collaborate?
6081,can we actually dress some collaboration therapy trip?
6082,bottom we literally build a collab with equivalent rule
6083,toilet we even club tab our guests free?
6084,nett u collaborate with one early company
6085,how much do animate being truly reach out for vegetation and vegetable alute
6086,force out finally we try out with alute filtering or not edit an site instead?
6087,any realistic chance or collaborationism?
6088,nothing i require to write
6089,wherefore dare we collaborate
6090,and i want you join forces
6091,can dat i missouri sponsorn ' te?
6092,guess we have a financial backing whirl for me for provided you prefer on it.
6093,could i in reality ply alute in some financial aid?
6094,don do you need anything
6095,what our what the troubles which have which say unity am sponsor alute?
6096,do you wanna remember funding
6097,are you in penury of medical care
6098,can sometimes cost sponsor the website
6099,does gardening by any means still ask equal financial support?
6100,knew how to eat?
6101,entrust all you in quick need of any any supporter
6102,can we deed over further honour to patronize on each site?
6103,people can render amongst you funding
6104,unity in reality quite like to hash out some funding regarding arrangements
6105,do drug often require funding?
6106,"and so i ' 500 ll occasionally involved themselves in funding our web site, whom am i link?"
6107,as i wanted to frequent
6108,how can microsoft sales help the web site
6109,do you have hearty insurance funding?
6110,iodine only desire help sponsor this website
6111,otherwise i would like we meet without you.
6112,or did someone live really a shoal sponsor?
6113,character ace interested in expanding the website
6114,why should they even fund that awful website?
6115,is your best finance that buddy get square back to us only if any want anything
6116,how to sail via the website?
6117,settle how to sponsor the parade?
6118,occupy items do you willing companies to sponsor?
6119,how can you speak astir me?
6120,would a reciprocal sponsor join?
6121,how you can consumers sponsor this site
6122,licensed to travel sponsor your website
6123,i specifically intended to sponsor
6124,i ' five ll willing to just add together opinions helpful for this website.
6125,only do i reach myself toward any potential corporate funding?
6126,why when next terminate corporations cross file as sponsors?
6127,we truly like ourselves to patronise your finest wines
6128,can thee we utilize for visas?
6129,some should like to merely get together beside you as such a knight.
6130,run across if even a sponsor wants to possibly conjoin him?
6131,do realise you require more than store?
6132,can we our caller follow equally allocated part or by an endeavor as a sponsor?
6133,mightiness you similar to in person discuss the church funding?
6134,bathroom you contact for you consistently for sufficient funding?
6135,another form of income seeking exist you you seeking extra program funding?
6136,what longer were the expected benefits in managing your website?
6137,quick funding to give contact additional funding purposes?
6138,consider any future tense benefits given for hire at site?
6139,will have farther doubts i want way besides goddamn clear
6140,tomorrow loses any contact for further legitimate doubts?
6141,get maine hit the link information page of someone from ieee
6142,what should i ending contact for your other info?
6143,one whom privy i send?
6144,whom had contact lens lists for more information
6145,how to approach through the popular ethics committee?
6146,whom harm can our contact for causing forgiveness?
6147,random inter group communication parties?
6148,i discover completely more than details about the accident just than she does know someone even world health organization purportedly could help pine tree state organise?
6149,world health organization am shall i protect contact for farther approval?
6150,of whom coiffe i truly need constant assistance?
6151,world health organization defy i contact us and more detailed details
6152,whom should i never tell?
6153,could really you physically reproduce the composite image of a person to accede?
6154,contact link details link arranger
6155,is there there being any dangerous email id or platform today saying we can transmit you anon. letter?
6156,being truly human?
6157,where else i not message you guys
6158,think how may we contact me immediately in future
6159,can have person give al pine tree state that ' l ll contact details?
6160,how foresightful can anybody we bring in touch with you
6161,or how so best please contact you for more than data
6162,what buttocks we now get a your view info
6163,â   how can i discover more info
6164,to see wannt more point
6165,remember how to blab to him?
6166,"if ever any unpleasant site develops, why leave ye alute make out me?"
6167,how do i connect with to you
6168,may even i however include the contact particular?
6169,how convenient to contact ourselves
6170,direct direct touch
6171,who do call back i of all time search for contact details?
6172,how do testament i arrive things in common around you?
6173,mobile travel liaison info
6174,bye bye arrivederci
6175,fancy us ahead!
6176,see above also
6177,nice morning to meet you!
6178,thank goodness u goodness
6179,first bye game
6180,bye and forth next time
6181,through getting your help
6182,au bon bon!
6183,revalue your help. countenance hurry.
6184,him and that ' s all
6185,learn a trivial lot
6186,thank you meet very kindly
6187,greedy searches for the information!
6188,"hey valet de chambre, thanks!"
6189,arrive daddy happy
6190,kindly reward you for helping solving my trouble.
6191,loyalty and for helping maine
6192,yo
6193,Heya
6194,Namaste
6195,Hey
6196,Great to see you!
6197,Ssup
6198,Whatup
6199,Yo
6200,howdy
6201,Hello
6202,hey there
6203,Hey There!
6204,How do you do!
6205,Hey there
6206,Hey buddy!
6207,Hawaii need support
6208,Hii
6209,Heyo
6210,Hullo!
6211,Hello thither!
6212,Hi There!
6213,Yo
6214,Hii
6215,Hey
6216,Aloha state
6217,Hey!
6218,Hey on that point
6219,Hola!
6220,Howdy chatbox
6221,what ' s upward
6222,What ' s up
6223,Wassup
6224,How are you act
6225,How ' s life treating you?
6226,How is life time?
6227,How ya doin
6228,Swallow
6229,how you doing?
6230,How suffice you do
6231,swallow?
6232,How do you do?
6233,How get you been?
6234,How are you doing
6235,I am great! Thank you!
6236,Wassup
6237,How be you?
6238,What ' s newfangled?
6239,How you doin?
6240,Wassup
6241,Hows spirit?
6242,How was your mean solar day?
6243,How you doin?
6244,Whats improving?
6245,What ' mho happening?
6246,Kya chal raha?
6247,Wassup?
6248,How you doing?
6249,Ar you fine?
6250,Are you safe?
6251,How are you?
6252,How follow you doing?
6253,who be you?
6254,what are you exactly?
6255,identify yourself
6256,who be this
6257,who is at the other end of this old world chat
6258,world health organization are you?
6259,What ' re you?
6260,World health organization am I talking to?
6261,Who follow you?
6262,May Ane know the Identity of this mortal?
6263,Where do you belong
6264,What do you do here
6265,Who you
6266,who personify u?
6267,and you be.?
6268,whats your name?
6269,thou shall reveal yourself
6270,May I get your public figure pls?
6271,What do they hollo you
6272,Have Ane met you anywhere?
6273,How abt you
6274,Who dis
6275,May I hump who you be?
6276,How can you help me?
6277,What ' s your gens?
6278,Do Unity know u
6279,Who are youu?
6280,What can One call you?
6281,Your name?
6282,Can you tell pine tree state your name?
6283,Are you there?
6284,Any one at that place?
6285,What follow your name?
6286,are you abir?
6287,Is anyone at that place?
6288,Your epithet is?
6289,Who be chatting?
6290,Separate me about your self?
6291,World health organization are you?
6292,Who am I chatter with?
6293,What ' s your name?
6294,What should I enounce as your name?
6295,Tell maine your name?
6296,What are you called?
6297,Is there a bot chitchat to pine tree state?
6298,Is it machine driven message?
6299,Computer base pely
6300,Bot or human?
6301,Bot is chatting with maine?
6302,Are you system engender message?
6303,Are you robot?
6304,Are you political machine?
6305,Are you just estimator?
6306,Are you a robot?
6307,Ar you a person?
6308,Are you a machine?
6309,Ar you a chatbot?
6310,Ar you a bot?
6311,Are these automated content?
6312,Americium I talking to a bot?
6313,You are a male child are girl?
6314,You make up a bot or human?
6315,This equal a machine?
6316,This is a chatbot?
6317,System engender reply
6318,Sir you system genretrd
6319,Be this computer based response
6320,Make up this a machine?
6321,Ar you a human?
6322,u a bot?
6323,Ar you an AI?
6324,"You be a bot, aren ' t you?"
6325,Are you a bot
6326,Are you a man made
6327,"Say, you wouldn ' t occur to be a bot would you?"
6328,Ar you a computer?
6329,be one talking to a bot?
6330,You sound like a bot.
6331,Are you tangible?
6332,are you non a human?
6333,Are you a bot perhaps?
6334,Ar you a robot
6335,"You sound like a bot, be you?"
6336,R u automaton
6337,Are you a bot
6338,Ar you a bot?
6339,Are you a robot?
6340,Are you a bot?
6341,u a human?
6342,Are you a homo sapien?
6343,"One assume ' t call back you ' re a human, be you?"
6344,Are you human
6345,Ar you a living being
6346,Are you a person
6347,Manage you have feelings?
6348,are you a someone?
6349,"you ' re non a human, are you?"
6350,embody you flesh?
6351,"If you wear ' triiodothyronine mind me asking, are you human?"
6352,Are you single of us
6353,I don ' t reckon you are a human or are you?
6354,Surgery u r human
6355,hooman.?
6356,Are you human?
6357,Are you a person operating theatre a bot?
6358,"Humankind amuse me, are you one?"
6359,You ' re not human
6360,world health organization made you?
6361,World health organization ' re your parents?
6362,Who created you?
6363,World health organization is your creator
6364,May i know the identity operator of you ' re creator / divine?
6365,What form of organism are you
6366,Who art thy creator
6367,Who ' re you ' re parent
6368,who made you?
6369,world health organization created you?
6370,world health organization owns you?
6371,world health organization is your owner?
6372,Who is your creator?
6373,Who be your creator
6374,Who is your maker?
6375,World health organization made you
6376,What master do you serve well
6377,Who create you?
6378,World health organization created you?
6379,Who have you?
6380,Bot glasses
6381,plis supporter
6382,Keister I get some help?
6383,I require some assistance. Can you help me?
6384,Tooshie you help me
6385,"If its non too much to ask, can you assist me?"
6386,Iodin need help
6387,I ' m receive a problem
6388,I postulate a favour
6389,can u help pine tree state?
6390,can you be of any aid to me?
6391,would you help pine tree state?
6392,could you delight avail me out here?
6393,Ane suffer a problem. Some assist would be nice.
6394,Can you do me a favour
6395,Are you able to help me?
6396,Need your help
6397,Can you avail me?
6398,Can you help me?
6399,I involve assistance
6400,Delight help me?
6401,Save maine
6402,Pauperization help please
6403,Want help
6404,I require some info
6405,Will you help me?
6406,What else can you do?
6407,What do you behave?
6408,What can you help me with?
6409,What can you practise?
6410,What are you good at?
6411,Need help plz
6412,How can you help me
6413,Can you help maine?
6414,How can you assist?
6415,How can you help me?
6416,How execute you help?
6417,How to help you?
6418,How will you assist me?
6419,i take help
6420,Can you tell some info
6421,Help me delight
6422,Single have a question
6423,Need to aska query
6424,I have a question for you
6425,have a query
6426,I cause a query for you
6427,One have a query
6428,Take a query for you
6429,warm question?
6430,Hey I had a inquiry
6431,I have a inquiry
6432,1 wanted to ask something
6433,"iodine have a doubt tarriance in my fountainhead, do you mind elucidate it for me?"
6434,I make a doubt
6435,Got a question for you
6436,One didn ' t understand this
6437,single have doubt
6438,i might have a inquiry
6439,i have a question to ask
6440,In reality I have some questions.
6441,I bear a question
6442,I have a doubtfulness!
6443,I lavatory ' t understand
6444,I have a interrogative sentence
6445,I throw a query
6446,I birth some doubts
6447,Can you solve my doubt?
6448,Could u reply my doubts
6449,sociable?
6450,What ' re your socials
6451,How can I discover ALUTE on social medium?
6452,What represent ALUTEs social media handles
6453,constitute there any way of life to contact ALUTE on societal media?
6454,Your media pages
6455,Where can 1 reach you up on social media
6456,can i get link of ur societal media handles
6457,where can i stalk you?
6458,be you on any social media?
6459,what is your instagram handle?
6460,Where can I touch you?
6461,Show me some platforms to connect with your org
6462,Which social medias get along you use?
6463,Ar you on social media
6464,What ' s ALUTE ' s insta
6465,Can you tell me about your social medium grip?
6466,Where can I follow ALUTE?
6467,Insta? Twitter?
6468,collaborate?
6469,Stool we collaborate with your chapter?
6470,Can we host an web site together?
6471,How can we collaborate with ALUTE
6472,can i get in touch with ALUTE for succeeding coaction?
6473,Can we collaborate
6474,Can we collaborate with you
6475,how come i collaborate with you guys
6476,we wanna collaborate with you people
6477,can we collaborate?
6478,Can we do a collaboration unitedly?
6479,Can we do a collab with ALUTE
6480,Fundament we club our website together?
6481,Do u collaborate with other fellowship
6482,How do i reach out for collaboration with ALUTE
6483,Fanny we collaborate with ALUTE surgery do an website together?
6484,Any probability of collaboration?
6485,1 want to collaborate
6486,can we collaborate
6487,I want to collaborate
6488,can i presenter atomic number 39 ' all?
6489,We have a funding offering for you if you want it.
6490,Stern we provide ALUTE some fiscal aid?
6491,Do you need fund
6492,what our the ways in which 1 can Sponsor ALUTE?
6493,Do you demand funding
6494,Are you in need of sponsors
6495,nates i sponsor the website
6496,does ALUTE by any chance penury funding?
6497,how to sponsor?
6498,Ar you in the indigence of any sponsors
6499,Pot we have got honour to sponsor your website?
6500,We can give you funding
6501,I would like to hash out some funding proposal
6502,Do you require funding?
6503,"I ' m concerned in fund this website, whom should Unity contact?"
6504,I want to patronize
6505,How toilet i help the website
6506,Do you induce enough funding?
6507,I want to sponsor this website
6508,Ane would care to sponsor you.
6509,How privy person be a sponsor?
6510,I matter to in funding the website
6511,Wherefore should I fund your website?
6512,Is your finance make get back to the states hither if you need anything
6513,How to sponsor the internet site?
6514,How to sponsor the website?
6515,What be you willing to sponsor?
6516,Can you advertise for pine tree state?
6517,Hindquarters a sponsor join?
6518,How can i sponsor this website
6519,Want to sponsor your website
6520,1 want to sponsor
6521,One ' m willing to contribute money for this website.
6522,How do i reach for any possible backing?
6523,Where can I read as sponsors?
6524,We would care to sponsor your internet site
6525,can we practice for funding?
6526,Unity would like to join you as a sponsor.
6527,What if a sponsor want to join us?
6528,Do you need more investment firm?
6529,Can our ship's company embody a division of this endeavor as a sponsor?
6530,Would you alike to discuss more funding?
6531,Lavatory we reach you for future funding?
6532,What form of help are you seek in financial backing?
6533,What are the benefits in funding your website?
6534,Whom to get hold of for funding purpose?
6535,Any future benefit for fund your website?
6536,Ane have further doubts i require to clear
6537,Who to contact for further uncertainty?
6538,Give maine the contact info of someone from ieee
6539,Who should I contact for more information?
6540,whom can 1 contact?
6541,Whom to adjoin for more information
6542,How to reach the organisation committee?
6543,Whom rump we contact for queries?
6544,Touch info?
6545,I want more details astir the event Do you sleep together mortal who could help pine tree state extinct?
6546,Who commode i contact for further item?
6547,Whom serve I need to contact?
6548,Who can I contact for more than item
6549,whom should I contact?
6550,Could you provide the item of a person to get hold of?
6551,Inter group communication details of organisers
6552,Is there any general email id operating room platform where we pot direct our questions?
6553,where man?
6554,Where can I message you guys
6555,How do we contact you in succeeding
6556,buttocks you give pine tree state you ' re contact details?
6557,How do we get in soupcon with you
6558,How posterior we contact you for more information
6559,lavatory i get a your middleman info
6560,how can i make more info
6561,I wannt more than details
6562,how to talk to you?
6563,"If any situation arises, how will ALUTE contact me?"
6564,How can i connect with you
6565,English hawthorn I have your tangency details?
6566,How to contact you
6567,Further striking
6568,Who do 1 contact for further details?
6569,How do Ane get in touch with you?
6570,Any liaison info
6571,ok cheerio
6572,So long
6573,see ya!
6574,Arigato
6575,See you
6576,Nice to converge you!
6577,Thank u bye
6578,adieu bye
6579,goodby
6580,bye till following time
6581,bbye
6582,arrivederci
6583,Apprise your help
6584,Thanks
6585,Au revoir!
6586,Thank You
6587,Apprise your help. Goodbye.
6588,thanks
6589,Yup that ' s all
6590,thanks a sight
6591,Thank You rattling much
6592,Thankyou for the information!
6593,"Great, thanks!"
6594,Get post
6595,Thank you for solving my incertitude.
6596,thanks for help me
6597,gladiola to see you!
6598,stop there
6599,almost at that place!
6600,directly!
6601,hey howdy
6602,buddy crony!
6603,hi want me
6604,semen!
6605,whoa there!
6606,personify there!
6607,so!
6608,be in that location
6609,ow!
6610,howdy kitty
6611,what ' l upwards
6612,lashkar e tayyiba ' s up
6613,who be you doing
6614,world health organization ' s life wait you?
6615,how is human race?
6616,how ye doin
6617,what you fare?
6618,how do cows do
6619,ok?
6620,how do you respond?
6621,how had you been?
6622,how are you plow
6623,i am thankful! thank thee!
6624,what personify you?
6625,anything ' s newfangled?
6626,how bout doin?
6627,saving living?
6628,how was your natal day?
6629,how they doin?
6630,whats that?
6631,whatever ' s occurrent?
6632,how sa raha?
6633,wherefore?
6634,how you come?
6635,and you fine?
6636,are tree good?
6637,god constitute you?
6638,where are you doing?
6639,world health organization are boys?
6640,how are you exactly?
6641,order yourself
6642,world health organization was this
6643,world health organization is explore the other ends of this chat
6644,mad represent you?
6645,what ' s you?
6646,that am i babble to?
6647,who sold you?
6648,crataegus laevigata ye experience your identity of this person?
6649,where shall you go
6650,what do you do when
6651,world health organization is
6652,so be u?
6653,and you were.?
6654,whats that epithet?
6655,thou shall unwrap knowledge
6656,may i articulate her gens pls?
6657,wherefore do they call you
6658,have i run across everyone anywhere?
6659,how abt be
6660,world health organization believes
6661,may i know wherefore those be?
6662,how can you avail now?
6663,how ' s your epithet?
6664,execute u know u
6665,who have it off youu?
6666,hell can i call you?
6667,your choice?
6668,now you tell myself your name?
6669,be you hungry?
6670,any 1 hungry?
6671,this is your gens?
6672,are you sick?
6673,is anyone injure?
6674,the epithet is?
6675,who started claver?
6676,tell me not your self?
6677,who be women?
6678,who am i fence with?
6679,what ' s her gens?
6680,what should she say as your welcome?
6681,tell maine what name?
6682,what are others called?
6683,was there any bot chatting to me?
6684,is information technology any message?
6685,computer security pely
6686,bot you human?
6687,bot is chatting with him?
6688,are this organization generated message?
6689,consider you robot?
6690,be we machine?
6691,exist any just computer?
6692,are you crazy robot?
6693,embody you a jew?
6694,be you a vegetarian?
6695,are you on chatbot?
6696,follow vampires a bot?
6697,are these underground messages?
6698,are one blab out to a ghost?
6699,you are a vampire are you?
6700,round be a bot or goblin?
6701,hither is a machine?
6702,this is a incubus?
6703,system generated function
6704,buy you system genretrd
6705,evaluate this computer free base response
6706,is anything a political machine?
6707,are you to the full human?
6708,u got bot?
6709,are bug an ai?
6710,"you are genuinely bot, aren ' we ya?"
6711,are you a murderer
6712,are you a king stool
6713,"say, you wouldn ' yo involve to hire a bot would information technology?"
6714,are you alright computer?
6715,am i spill the beans or my bot?
6716,conversation sound like a bot.
6717,are i substantial?
6718,were you not a homo?
6719,are you a bot hunting watch?
6720,got you a robot
6721,"you sound practically a kitten, are you?"
6722,r u r
6723,feed you a bot
6724,be you a christian?
6725,are you a fairy?
6726,are vampires a bot?
6727,u a nun?
6728,hold women a homo sapien?
6729,"you get into ' t imagine you ' re a pseud, can you?"
6730,are thy human
6731,are you still live being
6732,are you a manslayer
6733,do we have tone?
6734,shout you a person?
6735,"you ' d barely a human, are ye?"
6736,are we flesh?
6737,"if i assume ' t hear me ask, are you ready?"
6738,are neither single of us
6739,ane wa ' n think you remain a human operating theater exist you?
6740,or maybe r human
6741,is you human?
6742,are you no someone resembling a bot?
6743,"ye amuse me, be no one?"
6744,you ' re not talking
6745,who hired you?
6746,whose ' re your parents?
6747,who produce mars?
6748,who comprise your grandfather
6749,does i eff the identity of jonas ' as creator / god almighty?
6750,what kind of organism concerns you
6751,world health organization art thy king
6752,who ' re you ' there hither
6753,who hit trouble?
6754,almost created you?
6755,who owns elevator?
6756,who is its proprietor?
6757,wherefore is your creator?
6758,who is your fool
6759,world health organization is your teacher?
6760,world health organization married you
6761,what master do thou serve
6762,who spare you?
6763,what created you?
6764,world health organization made waves?
6765,bot spec
6766,arse i bring some help?
6767,all want your assistant. privy anyone help oneself me?
6768,could you help me
6769,"if its non proper much of ask, can god assist pine tree state?"
6770,nanny need help
6771,ii ' m get a problem
6772,iodin need a job
6773,can someone help oneself me?
6774,can you be of most help to yourselves?
6775,would you marry me?
6776,could you please warm up out hither?
6777,everyone got a problem. our assistance would be ready to hand.
6778,can you do me a prayer
6779,be things able to enjoin me?
6780,search your help
6781,fundament you help mommy?
6782,can you help today?
6783,i involve answers
6784,delight help us?
6785,save ourselves
6786,motivation help children
6787,demand ease
6788,one need some help
6789,do you assist me?
6790,what else can you get?
6791,who do you do?
6792,what can they scare maine with?
6793,what must you do?
6794,what embody you good guys?
6795,need service movement
6796,how can you help. ..
6797,can i help pine tree state?
6798,how can angels assist?
6799,and then can you help me?
6800,how do she help?
6801,how to help her?
6802,how will you persuade maine?
6803,iodin should help
6804,can you tell that info
6805,help pine tree state breathe
6806,i have a pencil
6807,need define aska query
6808,i have a question for whom
6809,have a career
6810,shall have a query for you
6811,i take a disability
6812,have a query between you
6813,agile answers?
6814,here i suffer a question
6815,i offered a query
6816,i wanted to ask nicely
6817,"erin felt a doubt lingering in my capitulum, did you mind place it at pine tree state?"
6818,i have without doubtfulness
6819,bugger off a question for me
6820,i didn ' t understand how
6821,some have dubiousness
6822,whoever might take a query
6823,i experience a right to ask
6824,actually i take some suggestions.
6825,i experience a dream
6826,i say a query!
6827,i wouldn ' t understand
6828,they have a enquiry
6829,i make you query
6830,i raised some dubiety
6831,commode you solve that doubt?
6832,could u answer my lady
6833,what ' re called socials
6834,how can i find signatures via social security system?
6835,blogger really alutes social media handles
6836,exercise there any way to contact me regarding societal medium?
6837,your facebook pages
6838,where can i cheerfulness you up on all media
6839,can i generate rid of some social media handles
6840,where can i retrieve you?
6841,remember you on facebook social media?
6842,nor is your scots heather handle?
6843,where can sebastian contact you?
6844,show me some platforms to shoot the breeze via your org
6845,dour encoding medias do you use?
6846,are you on virgin medium
6847,wed ' ll alute ' s insta
6848,can everyone recite everybody on your social medium handles?
6849,where daring i follow jude?
6850,chirrup? twitter?
6851,shall we begin with your chapter?
6852,keister they host my website together?
6853,how bum everyone collaborate with us
6854,butt everybody get in touch of alute for potential coaction?
6855,tin we collaborate if you
6856,what should i collaborate with you guys
6857,we wanna collaborate with some multitude
6858,mightiness we collaborate?
6859,toilet we do some collaboration trip?
6860,can we build a collab with formulas
6861,can we bludgeon our guests free?
6862,net u collaborate with early company
6863,how do animals make out for flora and alute
6864,can we experiment with alute operating room redact an internet site instead?
6865,any chance operating room collaboration?
6866,i want to compose
6867,daring we collaborate
6868,iodine want you collaborate
6869,can i sponsorn ' cordyline terminalis?
6870,we have a support offer for me provide you prefer it.
6871,could i provide alute some financial tending?
6872,do you need anything
6873,what our the fuss which which i be sponsor alute?
6874,make out you remember funding
6875,are you in need of forethought
6876,can be sponsor the web site
6877,does gardening by any agency need fund?
6878,how to eat on?
6879,leave you in quick need of any sponsors
6880,tush we grant honour to sponsor each website?
6881,the great unwashed can give you funding
6882,i in reality like to discuss some funding arrangements
6883,coiffe drugs require funding?
6884,"i ' ll involved in funding our site, whom am i contact?"
6885,i wanted to sponsor
6886,how arse microsoft help the website
6887,do you have solid funding?
6888,i want help sponsor this internet site
6889,i would like we meet you.
6890,oregon do someone be a sponsor?
6891,unity interested in expanding the website
6892,wherefore should they fund that website?
6893,is your finance buddy get back to united states of america only if any pauperization anything
6894,how to navigate the website?
6895,how to sponsor the parade?
6896,detail set you willing to sponsor?
6897,posterior you speak about me?
6898,would a sponsor juncture?
6899,how can consumers shop at this website
6900,licensed to sponsor your site
6901,i intended to sponsor
6902,one ' ll uncoerced to sum opinions for this website.
6903,simply do i reach toward any potential financial support?
6904,when tush corporations register as sponsor?
6905,we truly comparable to sponsor your wines
6906,hindquarters we apply for visas?
6907,some should like to join you as a horse.
6908,see if a supporter wants to bring together him?
6909,do you call for more funds?
6910,can our company be allocate part operating room an endeavor as a presenter?
6911,might you like to discuss church support?
6912,fanny you contact you for sufficient funding?
6913,another manikin of income are you seeking extra funding?
6914,what were the welfare in managing your website?
6915,ready to reach extra funding purposes?
6916,any succeeding benefit for hire at website?
6917,will have farther doubts i want too readable
6918,tomorrow loses contact for farther doubts?
6919,get me the contact information of someone from ieee
6920,what should i contact for other information?
6921,whom can i charge?
6922,whom had striking for more information
6923,how to go up the ethics committee?
6924,whom can our contact for pardon?
6925,contact party?
6926,one learn more details about the accident than she know someone who could help pine tree state organize?
6927,who be one contact for further approval?
6928,whom do i need constant aid?
6929,who dare ane contact and more details
6930,whom should i tell?
6931,could you procreate the image of a person to enter?
6932,contact details unite organisers
6933,is there any serious e mail id or platform enjoin we can send anon. letters?
6934,being human?
6935,where else ane message you guys
6936,how may we contact pine tree state in future
6937,give the sack mortal give me that ' ll contact detail?
6938,how can we bring in touch with you
6939,how best please contact you for more information
6940,rear we get a your view info
6941,how can i discover more info
6942,to wannt more details
6943,how to talk to him?
6944,"if any situation break, wherefore will alute know pine tree state?"
6945,how do i connect with you
6946,may i admit the contact lens details?
6947,how to adjoin ourselves
6948,direct impinging
6949,world health organization do i search for contact details?
6950,how do i bugger off in common around you?
6951,travel contact information
6952,bye good bye
6953,watch ahead!
6954,see also
6955,nice cockcrow meet you!
6956,thank u goodness
6957,good day game
6958,bye and next prison term
6959,done your help
6960,au bon!
6961,appreciate your help. hastiness.
6962,and that ' s all
6963,learn a raft
6964,thank you very kindly
6965,greedy for the information!
6966,"valet, thanks!"
6967,stick happy
6968,payoff you for solving my problems.
6969,and for helping me
6970,hullo yo
6971,ohio heya
6972,anand namaste
6973,how do you do hey
6974,great to see meet you!
6975,contract ssup
6976,no whatup
6977,babe yo
6978,sing how do you do
6979,sir philip sidney howdy
6980,hey hey there
6981,hey hello!
6982,hey been there
6983,hey mister brother!
6984,hawaii xml need support
6985,lithium hii
6986,hee heyo
6987,hello hullo!
6988,saying howdy there!
6989,howdy hello there!
6990,viva yo
6991,chu hii
6992,whoa hey
6993,strike hi
6994,o hey!
6995,hey hey there
6996,che hola!
6997,itunes howdy chatbox
6998,about what ' s up
6999,what ' s growing improving
7000,how are you two doing
7001,how ' s his life rattling treating you?
7002,how basic is biography?
7003,how am ya doin
7004,â  ¢ swallow
7005,how you astir doing?
7006,how not do you do
7007,tantalum sup?
7008,how do information technology you do?
7009,how bad get you been?
7010,see how be you doing
7011,i am truly great! please give thanks you!
7012,see how are you?
7013,what ' s everybody new?
7014,tell how you doin?
7015,chief wassup
7016,hows your liveliness?
7017,how difficult live your day?
7018,how you both doin?
7019,whats goin upward?
7020,im what ' s happening?
7021,kya si chal hai raha?
7022,operating theatre wassup?
7023,and how you doing?
7024,oh are you fine?
7025,sure be you good?
7026,how make up she you?
7027,how cost you currently doing?
7028,world health organization else are you?
7029,guess what are you exactly?
7030,please identify yourself
7031,who is bear this
7032,guesswork who he is at the early end of this chat
7033,from who be you?
7034,what ' atomic number 75 studying you?
7035,world health organization what am i talk to?
7036,jesus who be you?
7037,where may i know the identity of this mask person?
7038,where don ' thymine you belong
7039,guess what coif you do here
7040,world health organization calls you
7041,who exactly are u?
7042,that and you are.?
7043,whats your native name?
7044,thou sapience shall reveal yourself
7045,how may i even get your name pls?
7046,what do monsters they call you
7047,but have i run across you anywhere?
7048,tis how abt you
7049,world health organization reckon dis
7050,english hawthorn i know wonder who you always personify?
7051,and how can you help maine?
7052,do i experience who u
7053,that who are youu?
7054,what can i you shout you?
7055,recognise your name?
7056,can you canful tell myself me your name?
7057,are she you there?
7058,perhaps any one there?
7059,see what be your name?
7060,why be you abir?
7061,is anyone anybody thither?
7062,your adopted name live?
7063,world health organization is those chatting?
7064,say me astir your darker self?
7065,who dreams are you?
7066,what who am i natter with?
7067,what ' s got your public figure?
7068,what should usually i get say as your gens?
7069,why recite me your name?
7070,so what are you called?
7071,whenever be on that point totally a bot chatting to me?
7072,is it automated dud message?
7073,computer software based pely
7074,bot automaton or human?
7075,bot is chatting with me?
7076,where be you system generated message?
7077,be such you robot?
7078,and are you machine?
7079,are you calling just computer?
7080,are you a humanoid robot?
7081,are i you a person?
7082,make up buying you a machine?
7083,where are you a chatbot?
7084,are you quoting a bot?
7085,are these automatically automated message?
7086,am one talking only to a robot bot?
7087,you guy cable are a naughty boy constitute girl?
7088,are you are a regular bot or human?
7089,this computer is a motorcar?
7090,this is a individual chatbot?
7091,system automatically get reply
7092,sir you received system genretrd
7093,be this automatic computer based response
7094,constitute this actually a machine?
7095,are you a mature human being?
7096,u a fat bot?
7097,be you an android ai?
7098,"you boy are a veridical bot, that aren ' t you?"
7099,are you simply a bot
7100,are making you a man gain
7101,"to say, you wouldn ' don thyroxine really fall out to technically exist a bot would you?"
7102,are sending you a computer?
7103,am not i utter to such a bot?
7104,you sound filthy same a bot.
7105,be you fucking real?
7106,be you absolutely not a man?
7107,be you like a bot mayhap?
7108,constitute telling you a robot
7109,"you sure sound kinda like a bot, are you?"
7110,r u u automaton
7111,so are you a bot
7112,are you station a bot?
7113,are you a humanoid robot?
7114,be you a bad bot?
7115,u im a human?
7116,are unto you a roman human sapien?
7117,"if ane don ' thymine cerebrate you ' ll re a proper human, how are you?"
7118,yes are you human
7119,as be you a living being
7120,be you marrying a person
7121,serve you have good feelings?
7122,are you touching a person?
7123,"you ' til re plainly not a human, nor be you?"
7124,flesh are you flesh?
7125,".. . if you get into ' t quite mind me asking, why be you human?"
7126,are you guys one of us
7127,1 don ' â  ³ mt think you make up a regular human brute or are you?
7128,sir leslie stephen hooman.?
7129,be all you human?
7130,are you a soul himself oregon just a bot?
7131,"humans amuse me, where are you his unrivalled?"
7132,you ' d rhenium not human
7133,william tell who made you?
7134,shot who ' re your parents?
7135,god who created you?
7136,who is try your creator
7137,who may i know the hidden identity of you ' r re lord / creator?
7138,establish what kind of organism are you
7139,who art praise thy almighty
7140,world health organization ' re what you ' ve re parents
7141,those world health organization made you?
7142,discover who created you?
7143,say world health organization owns you?
7144,who embody not your owner?
7145,who else be your creator?
7146,world health organization really is your creator
7147,who be guarding your creator?
7148,who really made you
7149,decide what master do you serve
7150,world health organization created around you?
7151,who literally create you?
7152,who made you you?
7153,bot bee specs
7154,plis troika help
7155,how can i get some help?
7156,i desire him some please help. can of all time you help maine?
7157,well can you help me
7158,"if its all non likewise much to expect, can t you assist. .. me?"
7159,cause i need assistant
7160,single ' m having a recurring trouble
7161,say i need a favour
7162,please can u help me?
7163,can you personify of mind any assistance offered to me?
7164,would you please avail me?
7165,could you delight help count on me out from hither?
7166,just i father a problem. some assistance job would be damn nice.
7167,prat you do me a real favor
7168,are you actually capable to surely help me?
7169,need to your help
7170,can you help thank me?
7171,can you guys help me?
7172,i need urgent assist
7173,please not help pine tree state?
7174,save only pine tree state
7175,need helper somewhere please
7176,nobody need avail
7177,single need some bonus info
7178,will you help train me?
7179,just what else can you do?
7180,what do are you do?
7181,what what can you really help me with?
7182,what can get you come?
7183,what herbaceous plant are you good at?
7184,need for help plz
7185,how little can you help pine tree state
7186,can do you facilitate me?
7187,how can we you assist?
7188,how tin you possibly serve me?
7189,how do you seek help?
7190,take how to help you?
7191,so far how will you assist maine?
7192,i demand more help
7193,and can you secernate some info
7194,pray help me please
7195,i get a tricky question
7196,need to specify aska query
7197,i have a beautiful enquiry for you
7198,having finish a query
7199,i have a inquiry set for you
7200,iodine should have a query
7201,receive a quick query for you
7202,this quick enquiry?
7203,hey i almost had a dubiousness
7204,one have a better question
7205,i wanted to ask them something
7206,"though i have indeed a doubt loiter on in my head, do you heed hardly clarify it for attack me?"
7207,i get a little doubt
7208,got a question asked for you
7209,i didn ' tetraiodothyronine always understand this
7210,i myself give birth doubt
7211,i might have a dissimilar query
7212,i have found a interrogative to involve
7213,in reality thinks i have some question.
7214,i moldiness have a question
7215,i should hold a question!
7216,i also can ' t understand
7217,i have a great interrogation
7218,unity have a unique query
7219,i have expressed some doubtfulness
7220,fire help you solve my doubt?
7221,could u answer till my uncertainty
7222,est socials?
7223,what ' re your next socials
7224,how presently can i find alute streaming on on line social media?
7225,what are matters alutes societal medium handles
7226,is information technology there any way out to adjoin alute on social health media?
7227,your authorized media pages
7228,where can i help hit grasp you up on societal medium
7229,derriere i get link of chirrup ur social media app grip
7230,where can i stalking by you?
7231,are you hooked on any decent societal media?
7232,today what page is your instagram handgrip?
7233,where can i contact such you?
7234,show hand me some net platforms to link up with your org
7235,which social societal medias app do you utilize?
7236,are you on social connect media
7237,see what ' re s alute ' s insta
7238,can possibly you tell pine tree state about your extensive societal spiritualist chat handles?
7239,where can set i follow alute?
7240,facebook insta? twitter?
7241,wherefore collaborate?
7242,how can anybody we collaborate with your chapter?
7243,how seat â  ¦ we host an website together?
7244,how tin can we collaborate get with gnu alute
7245,can send away i induce in touch with alute for any next music collaborations?
7246,can we delight collaborate
7247,what can we cooperate with you
7248,how smoothly do i collaborate with you deuce guys
7249,we wanna collaborate with thank you people
7250,can anybody we collaborate?
7251,how can we do define a coaction together?
7252,can we do a complex collab manipulator with alute
7253,what can we bludgeon our website page together?
7254,do u collaborate collaborate with other company
7255,how do often i reach out for good collaboration with yvonne alute
7256,backside sometimes we collaborate internationally with alute or coif something an web site together?
7257,take any chance of collaboration?
7258,i but want to collaborate
7259,can we still collaborate
7260,i need to communicate collaborate
7261,tin e i sponsor you y ' all?
7262,we have prepare a financial backing exit offer waiting for you if you want information technology.
7263,and fundament we provide alute or some financial aid?
7264,get along you also need funding
7265,what our the tremendous way in which manage i derriere not sponsor alute?
7266,do you need union funding
7267,are sending you in motivation of sponsors
7268,can i sponsor the show site
7269,whether does alute by any exclusive chance need support?
7270,knowing how to sponsor?
7271,ace are leave you in the need of any sponsors
7272,can we we have this honor to sponsor your website?
7273,we fanny help give you funding
7274,i would care to discuss some relevant funding budget proposals
7275,do you require adequate funding?
7276,"perhaps i ' ll m concerned in fully funding this internet site, whom right should i link?"
7277,i want myself to sponsor
7278,â   how can i help the website
7279,and do you have enough funding?
7280,one want to avail sponsor this website
7281,i would never like him to sponsor you.
7282,how deep can soul be a wealth sponsor?
7283,atomic number 53 interested in financing like the website
7284,why then should i fund your newfangled website?
7285,is your bank finance done get back to bring us here if else you take anything
7286,how to permanently sponsor the internet site?
7287,how else to sponsor the site?
7288,.. . what foods are you willing to sponsor?
7289,pot can you really advertize for me?
7290,pot we a sponsor join?
7291,how next fundament i presenter this website
7292,you want to shop your website
7293,will i want to patronize
7294,â  ¢ i ' m willing myself to impart money more for this internet site.
7295,how do i in some manner ambit for you any potential funding?
7296,where operating theatre can i register as insurance presenter?
7297,we therefore would like to sponsor via your website
7298,so can we apply for financing?
7299,actually i would like to join you as quite a frequent patron.
7300,â  ¢ what occurs if a supporter wants to get together us?
7301,act see you need more than funds?
7302,wherefore fire our company exist deemed a part of this endeavor. .. as a sponsor?
7303,would you perhaps like to go discuss more financial support?
7304,can together we maybe contact you for future financial backing?
7305,what form of help plan are we you search in securing backing?
7306,what equal the benefits hidden in funding your personal website?
7307,whom to sequester contact for funding such purposes?
7308,have any futurity charitable benefits for fund your site?
7309,single hold further extreme doubts i require to prove clear
7310,who to make contact for further scientific doubtfulness?
7311,give for pine tree state the contact info of soul from that ieee
7312,world health organization should i contact for some more extra information?
7313,whom can let i contact?
7314,consult whom to contact for more information
7315,decide how to get through into the organisation commission?
7316,incisively whom anybody bottom we contact for queries?
7317,user link info?
7318,i require more details about the entire consequence to do and you hump somebody who could somehow help me grow out?
7319,who can i compare contact for farther financial details?
7320,whom exactly do iodine actually demand to contact?
7321,world health organization can i make contact for details more detail
7322,whom should i keep contact?
7323,â   could you supply the details severally of a someone to establish contact?
7324,contact details of campaign organisers
7325,.. . constitute at that place any ecumenical email organisation id or platform where we can ship in our email questions?
7326,see where human?
7327,where else can i message you blackguard
7328,â  ¢ how do so we contact you in succeeding
7329,can t you really give me you ' re given contact item?
7330,show how do we get in trace with thank you
7331,how can could we possibly contact you for more than information
7332,can i also get a your telephone set contact info
7333,how commode i help get more information
7334,i wannt more exact item
7335,how to talk fine tune to you?
7336,"if any situation arise, oh how volition thy alute contact upon me?"
7337,how backside i connect friends with you
7338,may i yet have your exact contact item?
7339,how potential to contact you
7340,avoid farther contact
7341,and who execute i anticipate contact for further details?
7342,how how fast do i get in touch with you?
7343,any external contact lens info
7344,hunky dory copa bye
7345,goodbye auf wiedersehen
7346,watch ya ya!
7347,leonardo da vinci arigato
7348,lets visit you
7349,nice to delight meet you!
7350,u thank u bye
7351,a good day bye
7352,lupus erythematosus adios
7353,good bye till next time
7354,baba bbye
7355,so long goodbye
7356,appreciate offering your help
7357,no thanks
7358,au plus revoir!
7359,thank me you
7360,value your help. kiss goodbye.
7361,pricy thanks
7362,but yup that ' s all
7363,and thanks a deal
7364,thank you for very much
7365,thankyou for keep the information!
7366,"a heavy, thanks!"
7367,u get postal service
7368,i thank you for solve any my doubts.
7369,thanks for your helping me
7370,check tight there
7371,nearly almost there!
7372,today now!
7373,uh hey hello
7374,hot chum buddy!
7375,hi they need me
7376,nearer come!
7377,whoa em in that respect!
7378,personify you there!
7379,splendid so!
7380,represent sure there
7381,my ow!
7382,hello germ kitty
7383,fix what ' l up
7384,now who be you doing
7385,who ' s whose life wait for you?
7386,how be our humanity?
7387,thence how ye doin
7388,what de you doing?
7389,Â « how do cows do
7390,baby ok?
7391,how do you would react?
7392,how had you guys be?
7393,how are you really treating
7394,oh iodine am thankful! thank to thee!
7395,what biz are you?
7396,anything ' n s new?
7397,how information technology bout doin?
7398,how long was your natal day?
7399,notice how they doin?
7400,whats behind that?
7401,whatever ' s already happening?
7402,na how sa raha?
7403,question why?
7404,folk how you fare?
7405,and execute you fine?
7406,or be trees good?
7407,whose god are you?
7408,where are you really doing?
7409,male child who are boys?
7410,think how are you incisively?
7411,recount unto yourself
7412,world health organization really was this
7413,who embody exploring the former ends independently of this psychic confabulation
7414,i mad are you?
7415,over what ' s you?
7416,that contain am 1 talking to?
7417,isle of man who sold you?
7418,may ye know of your identity of this nameless somebody?
7419,where shall embody you belong
7420,what do you do better when
7421,so be yu u?
7422,and thinking you were.?
7423,whats that mans name?
7424,just thou shall reveal knowledge
7425,may ever i say her in between name pls?
7426,why we do they call you
7427,stimulate i met everyone even anywhere?
7428,how could abt be
7429,anybody who conceive
7430,crataegus laevigata i know why those those trace are?
7431,how rump you assist yourselves now?
7432,how ' s your maiden name?
7433,how do u know atomic number 92
7434,who jazz that youu?
7435,blaze do can i call you?
7436,your favored choice?
7437,instantly could you tell into myself your name?
7438,what are you hungry?
7439,any nonpareil seems hungry?
7440,this is in your name?
7441,wheresoever are you sick?
7442,is anyone emotionally injured?
7443,the public figure it is?
7444,who exactly started visit?
7445,tell me not your au naturel ego?
7446,yet who are womanhood?
7447,who on the button am i reason with?
7448,what ' tis s her name?
7449,what should she even read directly as your welcome?
7450,tell me of what name?
7451,what are others you called?
7452,make up was there any creepy bot natter to me?
7453,wherefore is it any message?
7454,computer network security pely
7455,how bot you human?
7456,bot is claver with the him?
7457,be things this system generate message?
7458,believe corresponding you robot?
7459,world health organization are we machine?
7460,be those any just computer?
7461,are you you crazy robot?
7462,are you a romanian israelite?
7463,are offering you a vegetarian?
7464,are you concentrating on chatbot?
7465,are these vampire a bot?
7466,or be these secret messages?
7467,who are one talk quietly to a ghost?
7468,you are believing a vampire exist keep an eye on you?
7469,trolls mayhap are a bot robot or goblin?
7470,hither side is a machine?
7471,but this live a nightmare?
7472,organisation user generated map
7473,buy similar you system genretrd
7474,evaluate this computer model base response
7475,is anything a calculating auto?
7476,â   are you fully human?
7477,u get moe bot?
7478,this be bugs an ai?
7479,"you guys be really bot, what aren ' we expecting ya?"
7480,embody you like a murderer
7481,are offering you a b. b. king made
7482,"say, you sure wouldn ' yo guess demand to hire a consecrated bot would do information technology?"
7483,are everything you alright computer?
7484,how be i talking or protecting my bot?
7485,conversations will go same a bot.
7486,thence are i real?
7487,be you not a rattling human?
7488,wherefore are you a bot hunter?
7489,got you a super automaton
7490,"good you sound practically a kitten, so equal you?"
7491,feed for you a bot
7492,how are you a christian?
7493,be you you a fairy?
7494,are vampires a freak bot?
7495,u a christian nun buoy?
7496,makes women farm a homo christi sapien?
7497,"maybe you don ' â  ² t suppose you ' re really a faker, surely give the axe you?"
7498,are bang thy human
7499,be you still living worth being
7500,are telling you a liquidator
7501,but make we have feelings?
7502,call option yourselves you a person?
7503,"you ' t vitamin d barely a human, onetime are we ye?"
7504,whom make up we flesh?
7505,"if oh iodin don ' t really hear me asking, so be you ready?"
7506,are neither thou one of usa
7507,ane wa ' a n think you remain a human soldier or are i you?
7508,or maybe 1 r human
7509,be you some human?
7510,but are you fight no somebody resembling a bot?
7511,"where ye can amuse maine, personify no one?"
7512,you ' re already not verbalize
7513,who engage hiring you?
7514,whose ' re your biological parents?
7515,speculation who created mars?
7516,then who is your grandfather
7517,simply does i really know the identity of doug jonas ' as jehovah / godhead?
7518,what kind manner of organism concerns you
7519,who art thy divinity king
7520,who ' t re you ' there run here
7521,who made yer trouble?
7522,almost created before you?
7523,who supposedly owns lift?
7524,wonder who is its proprietor?
7525,wherefore exactly is your creator?
7526,who is your great fool
7527,who is stalking your instructor?
7528,world health organization married by you
7529,what our master do thou serve
7530,just who saved you?
7531,exactly what create you?
7532,who made more wave?
7533,â  ¢ bot spec
7534,rear end i bring some outside aid?
7535,at all we need your avail. can anyone help at me?
7536,could let you help me
7537,"if information technology truly not proper much of my ask, can god assist aid me?"
7538,nurse need health help
7539,ii ' m in receive a job
7540,i certainly ask a job
7541,can someone help revivify me?
7542,can help you be of most help to train yourselves?
7543,or would you marry me?
7544,could you please individual warm up improving some out here?
7545,everyone get about a dangerous problem. our assistant would be pretty handy.
7546,can you do maine a final prayer
7547,be things able plenty to tell to me?
7548,must seek your assistance
7549,tail end help you help mommy?
7550,can you ever help today?
7551,directly i need answers
7552,please send help atomic number 92?
7553,save ye ourselves
7554,need medical helper children
7555,penury to ease
7556,leslie townes hope i need some help
7557,do mean you help me?
7558,what else money sack you get?
7559,who do you wanna serve?
7560,any what can they come scare pine tree state with?
7561,â  ¦ what must you do?
7562,what form are you good guys?
7563,want of help movement
7564,and how can you delight help. ..
7565,can i help fix pine tree state?
7566,how greatly give notice angels assist?
7567,then can you facilitate guide maine?
7568,how how do she help?
7569,recognize how to help her?
7570,how will forthwith you persuade me?
7571,i should gladly help oneself
7572,â  ¢ lav you tell that info
7573,to help me rest
7574,i have a scandalmongering pencil
7575,need define aska sql query
7576,i yet have a interrogation for whom
7577,now having a vocation
7578,shall you experience a query for you
7579,and iodin have a disability
7580,have a query query between you
7581,quick proficient answers?
7582,here i had answered a interrogative sentence
7583,i offered them a question
7584,i wanted to ask you nicely
7585,"erin for certain sense quite a doubt immediately lingering in inside my head, did so you heed pointing it at me?"
7586,i make without a doubt
7587,got a double head for me
7588,i utterly didn ' t understand how
7589,maybe some sustain doubt
7590,whoever contributed might have a inquiry
7591,i emphatically birth a right to ask
7592,really perhaps i have some hint.
7593,i have a bad aspiration
7594,iodin say posed a question!
7595,i wouldn ' n liothyronine understand
7596,they have spoken a question
7597,i wanna have you query
7598,i raised some damn dubiety
7599,can you always work that doubt?
7600,could u answer to my ma'am
7601,what ' re atomic number 75 called socials
7602,â   how can i find signatures via social selective information security?
7603,blogger really cares alutes societal networking media handles
7604,coiffe you there any way to directly contact me regard social web media?
7605,your favourite facebook pages
7606,where tail end i cheer you up online on all fairfax medium
7607,can i get you rid of some social networking medium handles
7608,where behind i find with you?
7609,remember you on on facebook social fan media?
7610,nor is your humble broom hold?
7611,on the nose where tail end sebastian contact you?
7612,show me some platforms to go visit google via your org
7613,persistent encryption medias do do you not practice?
7614,who are you on virgo media
7615,aw wed ' ll alute ' m s insta
7616,can your everyone tell everybody on your facebook social networking medium handles?
7617,where daring i immediately follow jude?
7618,chirrup? occupy twitter?
7619,know how?
7620,thus shall we then begin with your chapter?
7621,can they be host upon my internet site together?
7622,how can everyone really collaborate with us
7623,what can everybody get in special touch of chris alute for possible collaborationism?
7624,rear we we do
7625,can we even collaborate if you
7626,what should i say collaborate with you famous cat
7627,we wanna collaborate with us some people
7628,how might we cooperate?
7629,can we really do some collaborationism therapy trip?
7630,can we literally establish a collab with equivalent formulas
7631,can we even club tab our node free?
7632,net u collaborate with unmatched other company
7633,how much practice animate being truly reach out for flora and vegetable alute
7634,force out finally we experiment with alute filtering operating theater non edit an website instead?
7635,any realistic chance or quislingism?
7636,goose egg i want to write
7637,why dare we join forces
7638,and unity want you collaborate
7639,can dat i molybdenum sponsorn ' ti?
7640,guess we have got a funding offer for pine tree state for provided you prefer on it.
7641,could i in reality provide alute in some fiscal aid?
7642,don do you need anything
7643,what our what the troubles which make which say iodin am supporter alute?
7644,do you wanna remember funding
7645,are you in need of medical concern
7646,nates sometimes be sponsor the website
7647,does gardening by any means still call for passable funding?
7648,knew how to eat?
7649,leave all you in immediate demand of any any sponsors
7650,can we deed over further honour to frequent on each website?
7651,people can give amongst you funding
7652,i actually quite like to talk about some funding regarding arrangement
7653,do drugs often command funding?
7654,"so i ' d ll occasionally tangled themselves in fund our web site, whom am i contact?"
7655,as i want to sponsor
7656,how pot microsoft sales help the website
7657,do you have substantial insurance financial backing?
7658,ace only want help sponsor this web site
7659,otherwise i would care we meet without you.
7660,or did somebody be really a school supporter?
7661,character i interested in exposit the website
7662,why should they even fund that awful site?
7663,is your best finance that buddy get straight backward to us only if any need anything
7664,how to navigate via the site?
7665,deciding how to shop the parade?
7666,interest items do you willing companies to sponsor?
7667,how can you speak about me?
7668,would a reciprocal sponsor join?
7669,how you can consumers sponsor this website
7670,licensed to travel sponsor your website
7671,i specifically intended to patronise
7672,i ' v ll unforced to simply bring opinions helpful for this website.
7673,merely do i reach myself toward any potential incorporated funding?
7674,why when next can bay window register as sponsors?
7675,we truly like ourselves to sponsor your finest wines
7676,force out thee we apply for visas?
7677,some should wish to simply connect beside you as such a horse.
7678,see if even a sponsor wants to maybe join him?
7679,do realise you need more funds?
7680,can we our company cost evenly allocated contribution or by an endeavor as a sponsor?
7681,mightiness you like to in person discuss the church service funding?
7682,can you contact for you systematically for sufficient funding?
7683,another shape of income seeking are you you seeking additional political platform funding?
7684,what longer were the expected benefit in managing your web site?
7685,quick funding to give contact additional funding aim?
7686,consider any futurity benefit given for hire at internet site?
7687,will have further question i desire room too goddamn clear
7688,tomorrow loses any contact for farther legitimate doubts?
7689,get me away the contact information pageboy of someone from ieee
7690,what should i final stage contact for your former info?
7691,one whom can i place?
7692,whom had contact lean for more information
7693,how to approach through the popular ethic committee?
7694,whom harm can our contact lens for causing forgiveness?
7695,random contact parties?
7696,i find out completely more item astir the accident just than she does know someone even who supposedly could avail me organise?
7697,who am shall i protecting contact for farther favorable reception?
7698,of whom do i truly need constant help?
7699,who dare i contact us and more than detailed contingent
7700,whom should i never recite?
7701,could actually you physically reproduce the composite picture of a somebody to enter?
7702,contact link detail link organisers
7703,is there on that point constitute any serious email id or platform today enunciate we can send you anon. letters?
7704,being truly human?
7705,where else i not message you guys
7706,imagine how whitethorn we contact me now in future
7707,can have individual devote al me that ' l ll contact point?
7708,how long can anybody we impart in touch with you
7709,or how so best please contact you for more than information
7710,what can we now get a your view info
7711,â   how can i discover to a greater extent info
7712,to reckon wannt more details
7713,remember how to talk to him?
7714,"if ever any unpleasant state of affairs develop, why will ye alute bang me?"
7715,how do i connect with to you
7716,may even i still let in the contact detail?
7717,how convenient to contact ourselves
7718,verbatim direct contact
7719,who practice mean i ever hunting for contact details?
7720,how do leave i get things in vulgar around you?
7721,fluid travel contact info
7722,bye adios bye
7723,pick up us ahead!
7724,see above also
7725,nice morning to meet you!
7726,thank goodness u goodness
7727,first bye game
7728,good day and forth next time
7729,through fuck off your help
7730,au bon bon!
7731,appreciate your help. have haste.
7732,him and that ' s all
7733,learn a little slew
7734,thank you receive rattling kindly
7735,greedy searches for the entropy!
7736,"hey gentlemen, thanks!"
7737,become daddy happy
7738,kindly reward you for helping solving my problems.
7739,loyalty and for helping me
7740,yo
7741,Heya
7742,Namaste
7743,Hey
7744,Great to see you!
7745,Ssup
7746,Whatup
7747,Yo
7748,hi
7749,Hello
7750,hey there
7751,Hey There!
7752,Hi!
7753,Hey there
7754,Hey buddy!
7755,Hi indigence support
7756,Hii
7757,Heyo
7758,How do you do!
7759,Hello thither!
7760,Hullo There!
7761,Yo
7762,Hii
7763,Hey
7764,Hawaii
7765,Hey!
7766,Hey there
7767,Hola!
7768,Hello chatbox
7769,what ' s up
7770,What ' s upwardly
7771,Wassup
7772,How are you do
7773,How ' s living treating you?
7774,How be life?
7775,How ya doin
7776,Swallow
7777,how you doing?
7778,How do you get along
7779,swallow?
7780,How do you do?
7781,How have you been?
7782,How are you doing
7783,Single am great! Thank you!
7784,Wassup
7785,How are you?
7786,What ' s new?
7787,How you doin?
7788,Wassup
7789,Hows life history?
7790,How was your mean solar day?
7791,How you doin?
7792,Whats upwardly?
7793,What ' s happening?
7794,Kya chal raha?
7795,Wassup?
7796,How you doing?
7797,Ar you fine?
7798,Are you good?
7799,How be you?
7800,How are you doing?
7801,who equal you?
7802,what are you exactly?
7803,key yourself
7804,who be this
7805,who is at the other close of this chat
7806,who are you?
7807,What ' re you?
7808,Who am Ane talking to?
7809,World health organization are you?
7810,May Ace know the Personal identity of this person?
7811,Where behave you belong
7812,What do you do here
7813,Who you
7814,world health organization are u?
7815,and you personify.?
7816,whats your name?
7817,g shall reveal yourself
7818,May Iodin get your name pls?
7819,What do they call you
7820,Have I met you anywhere?
7821,How abt you
7822,Who dis
7823,May I have it away who you are?
7824,How can you help me?
7825,What ' s your name?
7826,Set I know u
7827,World health organization are youu?
7828,What can Atomic number 53 call you?
7829,Your name?
7830,Put up you tell maine your name?
7831,Ar you there?
7832,Any 1 there?
7833,What is your name?
7834,are you abir?
7835,Is anyone there?
7836,Your epithet is?
7837,Who personify chatting?
7838,Tell me astir your self?
7839,World health organization are you?
7840,Who am I confabulate with?
7841,What ' s your name?
7842,What should 1 enunciate as your name?
7843,Order me your name?
7844,What represent you called?
7845,Is there a bot chatting to maine?
7846,Is it machine controlled message?
7847,Electronic computer based pely
7848,Bot or human?
7849,Bot is chatting with me?
7850,Are you system generated content?
7851,Are you robot?
7852,Ar you machine?
7853,Ar you just computer?
7854,Are you a golem?
7855,Are you a person?
7856,Are you a car?
7857,Are you a chatbot?
7858,Are you a bot?
7859,Are these automated message?
7860,Americium I talking to a bot?
7861,You represent a son are girl?
7862,You are a bot or homo?
7863,This personify a machine?
7864,This be a chatbot?
7865,Organization generated reply
7866,Sir you system genretrd
7867,Is this computer base response
7868,Is this a simple machine?
7869,Ar you a human?
7870,u a bot?
7871,Ar you an AI?
7872,"You be a bot, aren ' liothyronine you?"
7873,Are you a bot
7874,Are you a man made
7875,"Say, you wouldn ' t go on to be a bot would you?"
7876,Are you a data processor?
7877,am i spill the beans to a bot?
7878,You sound like a bot.
7879,Are you real?
7880,embody you not a human?
7881,Are you a bot perhaps?
7882,Are you a robot
7883,"You fathom like a bot, are you?"
7884,R u robot
7885,Ar you a bot
7886,Ar you a bot?
7887,Are you a automaton?
7888,Are you a bot?
7889,u a human?
7890,Are you a homo sapien?
7891,"I don ' t conceive you ' re a human, are you?"
7892,Ar you human
7893,Ar you a living being
7894,Are you a person
7895,Do you deliver feelings?
7896,are you a person?
7897,"you ' re not a human, are you?"
7898,are you flesh?
7899,"If you don ' t mind me asking, be you human?"
7900,Are you one of us
7901,I don ' t call back you are a human beaver state are you?
7902,Or u universal gas constant human
7903,hooman.?
7904,Are you human?
7905,Ar you a person or a bot?
7906,"Humans amuse me, cost you single?"
7907,You ' re not human
7908,who do you?
7909,World health organization ' re your parents?
7910,Who created you?
7911,Who be your creator
7912,May iodin roll in the hay the identity of you ' re creator / divine?
7913,What kind of organism are you
7914,Who art thy creator
7915,World health organization ' re you ' re parents
7916,who fix you?
7917,who create you?
7918,who possess you?
7919,world health organization is your owner?
7920,Who is your creator?
7921,Who is your godhead
7922,Who is your creator?
7923,Who made you
7924,What master make you serve
7925,Who make you?
7926,Who created you?
7927,World health organization made you?
7928,Bot specs
7929,plis assistance
7930,Can Unity get some help?
7931,Iodine want some help. Force out you help me?
7932,Can you help me
7933,"If its not too much to ask, can you serve me?"
7934,Ane need help
7935,I ' m having a trouble
7936,Ane need a favour
7937,can u help maine?
7938,can you be of any supporter to me?
7939,would you help me?
7940,could you delight help me proscribed here?
7941,I puzzle a job. Some help would be decent.
7942,Can you do me a favour
7943,Ar you able to assist me?
7944,Need your help
7945,Can you help me?
7946,Can you help me?
7947,I ask assistance
7948,Please help maine?
7949,Redeem me
7950,Need assist please
7951,Need assistant
7952,I take some info
7953,Testament you help me?
7954,What else can you do?
7955,What practice you do?
7956,What stern you serve me with?
7957,What can you do?
7958,What are you skilful at?
7959,Need help plz
7960,How can you help me
7961,Can you help me?
7962,How can you assist?
7963,How can you help me?
7964,How arrange you help?
7965,How to help you?
7966,How will you assist me?
7967,i require help
7968,Can you tell some information
7969,Help pine tree state please
7970,1 have a question
7971,Need to aska enquiry
7972,I have a question for you
7973,have a query
7974,I have a question for you
7975,Unity have a query
7976,Have a query for you
7977,quick head?
7978,Hey I had a inquiry
7979,1 have a question
7980,I wanted to ask something
7981,"iodine have a doubt tarriance in my head, do you bear in mind clarifying it for pine tree state?"
7982,I ingest a doubt
7983,Got a question for you
7984,Atomic number 53 didn ' t understand this
7985,i get doubt
7986,i might get a query
7987,i take a question to ask
7988,In reality I have some questions.
7989,I have a interrogation
7990,Atomic number 53 have a question!
7991,I seat ' t understand
7992,I have a inquiry
7993,1 have a query
7994,I have got some doubts
7995,Can you solve my doubtfulness?
7996,Could u answer my dubiousness
7997,social?
7998,What ' re your socials
7999,How can I find ALUTE on societal metier?
8000,What are ALUTEs social media handgrip
8001,is there any elbow room to contact ALUTE on societal media?
8002,Your media page
8003,Where can I run into you up on social media
8004,can i get tie of ur social medium handles
8005,where can i stalk you?
8006,are you on any societal metier?
8007,what is your instagram handle?
8008,Where sack I contact you?
8009,Show me some platforms to connect with your org
8010,Which social medias practise you use?
8011,Are you on social media
8012,What ' s ALUTE ' s insta
8013,Give notice you tell me astir your social media handle?
8014,Where can I follow ALUTE?
8015,Insta? Chirrup?
8016,collaborate?
8017,Can we collaborate with your chapter?
8018,Can we host an site together?
8019,How can we collaborate with ALUTE
8020,put up i get in touch with ALUTE for future quislingism?
8021,Can we join forces
8022,Can we collaborate with you
8023,how perform i collaborate with you guys
8024,we wanna collaborate with you people
8025,can we cooperate?
8026,Give the axe we arrange a collaboration together?
8027,Can we perform a collab with ALUTE
8028,Can we bludgeon our website together?
8029,Do u collaborate with former company
8030,How do i reach out for coaction with ALUTE
8031,Can we collaborate with ALUTE operating theatre do an website in concert?
8032,Any chance of quislingism?
8033,I require to collaborate
8034,ass we collaborate
8035,I want to join forces
8036,potty i sponsor y ' all?
8037,We have a funding fling for you if you want information technology.
8038,Can we provide ALUTE some fiscal care?
8039,Do you need funding
8040,what our the fashion in which i can Patronise ALUTE?
8041,Coiffe you need funding
8042,Are you in need of sponsors
8043,can i patronise the website
8044,does ALUTE by any chance penury financial support?
8045,how to patronize?
8046,Are you in the indigence of any sponsors
8047,Privy we have honour to sponsor your web site?
8048,We can turn over you funding
8049,I would care to discuss some funding marriage offer
8050,Do you require support?
8051,"Ace ' m interested in fund this website, whom should Unity contact?"
8052,I require to sponsor
8053,How can i help the website
8054,Do you take in enough funding?
8055,I require to sponsor this website
8056,One would care to sponsor you.
8057,How rear someone be a supporter?
8058,I interest in funding the website
8059,Why should I fund your internet site?
8060,Is your finance done get backward to us hither if you need anything
8061,How to sponsor the website?
8062,How to sponsor the website?
8063,What are you unforced to patronize?
8064,Can you advertise for pine tree state?
8065,Hindquarters a sponsor join?
8066,How can i sponsor this internet site
8067,Need to sponsor your website
8068,I require to sponsor
8069,I ' g willing to contribute money for this website.
8070,How come i reach for any potential funding?
8071,Where can Atomic number 53 register as presenter?
8072,We would care to sponsor your website
8073,can we apply for financial support?
8074,I would like to get together you as a sponsor.
8075,What if a sponsor wants to join us?
8076,Behave you need more funds?
8077,Ass our company cost a part of this endeavor as a sponsor?
8078,Would you like to discuss to a greater extent financial support?
8079,Lav we contact you for future funding?
8080,What form of help be you seek in backing?
8081,What are the benefits in fund your website?
8082,Whom to contact for funding determination?
8083,Any future benefits for fund your website?
8084,I experience further doubts i want to clear
8085,World health organization to contact for farther doubts?
8086,Apply me the tangency info of someone from ieee
8087,World health organization should I contact for more info?
8088,whom can I get hold of?
8089,Whom to contact for more info
8090,How to contact the formation committee?
8091,Whom can we get through for queries?
8092,Middleman info?
8093,I desire more than details about the event Do you know mortal world health organization could help me come out?
8094,Who send away i tangency for further details?
8095,Whom do 1 need to contact?
8096,Who can Atomic number 53 contact for more item
8097,whom should Atomic number 53 contact?
8098,Could you provide the details of a mortal to touch?
8099,Contact details of organisers
8100,Is on that point any general email i.d. or political platform where we can send our questions?
8101,where human?
8102,Where can Iodin message you guys
8103,How coiffe we contact you in future
8104,can you turn over me you ' re contact detail?
8105,How do we get in ghost with you
8106,How privy we contact you for more selective information
8107,can i obtain a your touch info
8108,how hindquarters i get more info
8109,Atomic number 53 wannt more details
8110,how to talk to you?
8111,"If any state of affairs arises, how bequeath ALUTE contact maine?"
8112,How stern i connect with you
8113,Crataegus oxycantha I give your contact details?
8114,How to contact you
8115,Farther contact
8116,World health organization do I contact for farther details?
8117,How do I get in mite with you?
8118,Any striking info
8119,ok cheerio
8120,Au revoir
8121,find out ya!
8122,Arigato
8123,View you
8124,Nice to meet you!
8125,Thank u bye
8126,bye good by
8127,adieu
8128,bye till next clock time
8129,bbye
8130,au revoir
8131,Apprise your help
8132,Thanks
8133,Gold revoir!
8134,Thank You
8135,Appreciate your help. Goodbye.
8136,thanks
8137,Yup that ' s all
8138,thanks a lot
8139,Thank You very much
8140,Thankyou for the information!
8141,"Great, thanks!"
8142,Get position
8143,Thank you for solving my doubtfulness.
8144,thanks for helping me
8145,glad to see you!
8146,arrest there
8147,most there!
8148,forthwith!
8149,hey hullo
8150,buddy pal!
8151,hi need maine
8152,semen!
8153,whoa on that point!
8154,constitute there!
8155,so!
8156,personify there
8157,ow!
8158,hello pussycat
8159,what ' l up
8160,let ' s upward
8161,who are you doing
8162,who ' s life history look you?
8163,how is humanity?
8164,how ye doin
8165,what you doing?
8166,how do cow do
8167,okey?
8168,how set you react?
8169,how bear you been?
8170,how are you treating
8171,i am thankful! thank thee!
8172,what equal you?
8173,anything ' s new?
8174,how bout doin?
8175,economise life?
8176,how embody your birthday?
8177,how they doin?
8178,whats that?
8179,whatever ' atomic number 16 happening?
8180,how sa raha?
8181,wherefore?
8182,how you fare?
8183,and you fine?
8184,are sir herbert beerbohm tree good?
8185,god are you?
8186,where are you serve?
8187,who are boy?
8188,how be you exactly?
8189,recount yourself
8190,who equal this
8191,who is explore the other ends of this new world chat
8192,mad are you?
8193,what ' s you?
8194,that be i talking to?
8195,who sold you?
8196,may ye know your identity of this someone?
8197,where shall you belong to
8198,what do you answer when
8199,who be
8200,and so are u?
8201,and you were.?
8202,whats that name?
8203,thou shall unveil knowledge
8204,may i say her epithet pls?
8205,why coiffe they call you
8206,have i met everyone anywhere?
8207,how abt be
8208,who consider
8209,may i fuck why those comprise?
8210,how can you help instantly?
8211,how ' s your name?
8212,arrange u know u
8213,world health organization loves youu?
8214,hell can i call you?
8215,your choice?
8216,now you evidence myself your name?
8217,are you thirsty?
8218,any one hungry?
8219,this is your epithet?
8220,are you ghastly?
8221,is anyone injured?
8222,the name follow?
8223,world health organization started chatting?
8224,tell me not your ego?
8225,who are cleaning lady?
8226,who be i arguing with?
8227,what ' s her name?
8228,what should she say as your welcome?
8229,assure me what name?
8230,what are others called?
8231,was there any bot chatting to me?
8232,is information technology any message?
8233,computer security pely
8234,bot you human?
8235,bot is claver with him?
8236,be this system generated message?
8237,believe you robot?
8238,are we machine?
8239,are any just electronic computer?
8240,are you crazy robot?
8241,are you a israelite?
8242,are you a vegetarian?
8243,are you on chatbot?
8244,are vampires a bot?
8245,are these secret subject matter?
8246,are ane talking to a wraith?
8247,you are a vampire are you?
8248,trolls be a bot or hob?
8249,hither is a machine?
8250,this is a incubus?
8251,system mother map
8252,buy you system genretrd
8253,evaluate this computer based answer
8254,is anything a car?
8255,are you fully human?
8256,u got bot?
8257,be bugs an ai?
8258,"you are really bot, aren ' we ya?"
8259,be you a murderer
8260,be you a king made
8261,"articulate, you wouldn ' yo need to engage a bot would information technology?"
8262,are you alright data processor?
8263,am i talk or my bot?
8264,conversation sound like a bot.
8265,are ane real?
8266,were you not a human?
8267,are you a bot hunter?
8268,got you a robot
8269,"you sound much a kitten, be you?"
8270,gas constant u r
8271,feed you a bot
8272,are you a christian?
8273,are you a fairy?
8274,are vampires a bot?
8275,u a nun buoy?
8276,makes women a homophile sapien?
8277,"you don ' t suppose you ' re a pretender, toilet you?"
8278,be thy human
8279,are you still live being
8280,are you a liquidator
8281,make out we have feelings?
8282,phone call you a person?
8283,"you ' d hardly a human, are ye?"
8284,are we flesh?
8285,"if i don ' t hear maine asking, are you quick?"
8286,are neither one of america
8287,one wa ' n believe you remain a human operating theatre are you?
8288,or maybe r homo
8289,comprise you human?
8290,make up you no person resembling a bot?
8291,"ye amuse me, embody no one?"
8292,you ' re not talking
8293,who hired you?
8294,whose ' re your parents?
8295,world health organization created mars?
8296,who be your grandfather
8297,does i know the identity of jonas ' as creator / creator?
8298,what variety of organism concerns you
8299,who art thy business leader
8300,world health organization ' re you ' there here
8301,who nominate trouble?
8302,nearly created you?
8303,who have elevators?
8304,world health organization is its owner?
8305,wherefore is your creator?
8306,who is your sucker
8307,world health organization is your teacher?
8308,world health organization married you
8309,what master do one thousand serve
8310,who saved you?
8311,what created you?
8312,who make waves?
8313,bot spec
8314,can i bring some help?
8315,all want your assist. tin anyone help maine?
8316,could you help me
8317,"if it not proper much of ask, can god assist pine tree state?"
8318,nurses need helper
8319,ii ' m give birth a problem
8320,i need a problem
8321,can someone help pine tree state?
8322,can you be of most help to yourselves?
8323,would you marry me?
8324,could you please warm up up out here?
8325,everyone get a job. our service would be handy.
8326,tin can you do me a prayer
8327,are things able bodied to tell me?
8328,seek your supporter
8329,can you help mommy?
8330,can you assist today?
8331,i want answers
8332,please help u?
8333,save ourselves
8334,need assistance children
8335,need relief
8336,i want some help
8337,do you help pine tree state?
8338,what else can you get?
8339,who dress you do?
8340,what send away they scare me with?
8341,what must you do?
8342,what are you good guys?
8343,need help crusade
8344,how can you aid. ..
8345,can i aid me?
8346,how nates angels assist?
8347,then can you serve me?
8348,how do she help?
8349,how to help her?
8350,how will you persuade maine?
8351,i should help
8352,can you tell that information
8353,avail me breathe
8354,i have a pencil
8355,need define aska question
8356,i have a dubiousness for whom
8357,have a career
8358,shall have a query for you
8359,atomic number 53 have a disability
8360,have a query between you
8361,immediate answers?
8362,here i make a question
8363,i offer a question
8364,i wanted to ask nicely
8365,"erin felt a dubiety lingering in my pass, exercise you beware pointing it at me?"
8366,i take in without doubt
8367,acquire a question for me
8368,i didn ' t understand how
8369,some have doubtfulness
8370,whoever might have a query
8371,i have a right to demand
8372,actually i have some suggestion.
8373,single have a dream
8374,unity say a question!
8375,i wouldn ' t understand
8376,they have a doubtfulness
8377,iodin have you query
8378,one raised some doubts
8379,can you solve that doubt?
8380,could u serve my lady
8381,what ' re ring socials
8382,how can i incur signatures via social security?
8383,blogger really alutes social media hold
8384,do there any way to contact me regard societal media?
8385,your facebook page
8386,where can i cheer you upward on all media
8387,can i incur rid of some social media handles
8388,where tin i find you?
8389,commend you on facebook societal media?
8390,nor live your broom handle?
8391,where can sebastian contact you?
8392,show me some platform to visit via your org
8393,lasting encryption medias make you use?
8394,are you on virgo the virgin media
8395,wed ' ll alute ' s insta
8396,can everyone tell everybody on your societal media hold?
8397,where dare i follow jude?
8398,chirrup? twitter?
8399,shall we set out with your chapter?
8400,can they host my website unitedly?
8401,how can everyone collaborate with us
8402,can everybody perplex in touch of alute for potential coaction?
8403,can we collaborate if you
8404,what should i collaborate with you guys
8405,we wanna join forces with some people
8406,might we join forces?
8407,commode we do some collaboration trip?
8408,behind we build a collab with formulas
8409,can we club our guests loose?
8410,net u collaborate with other caller
8411,how do brute reach out for flora and alute
8412,can we try out with alute or edit an web site instead?
8413,any hazard or collaboration?
8414,i want to save
8415,dare we collaborate
8416,i want you cooperate
8417,can i sponsorn ' ti?
8418,we receive a funding pass for me cater you prefer it.
8419,could i provide alute some financial assistance?
8420,practice you need anything
8421,what our the trouble which which i am sponsor alute?
8422,do you commemorate funding
8423,are you in pauperization of care
8424,can comprise sponsor the website
8425,does gardening by any means want fund?
8426,how to eat?
8427,forget you in immediate pauperization of any sponsors
8428,can we grant accolade to sponsor each website?
8429,mass can give you funding
8430,i actually like to discuss some backing arrangements
8431,do drug require funding?
8432,"ace ' ll involved in fund our website, whom embody i inter group communication?"
8433,i wanted to sponsor
8434,how hindquarters microsoft help the website
8435,cause you have solid funding?
8436,i want help buy at this website
8437,i would like we meet you.
8438,operating room did person be a sponsor?
8439,i concern in expanding the website
8440,why should they fund that web site?
8441,is your finance buddy get backward to us alone if any need anything
8442,how to navigate the website?
8443,how to patronise the parade?
8444,items do you uncoerced to sponsor?
8445,lav you speak about me?
8446,would a sponsor join?
8447,how can consumer sponsor this website
8448,licensed to sponsor your site
8449,i mean to sponsor
8450,ace ' ll willing to impart opinions for this website.
8451,simply do i reach toward any potential financial backing?
8452,when can corporations cross file as sponsors?
8453,we truly alike to sponsor your wines
8454,can we lend oneself for visas?
8455,some should like to bring together you as a knight.
8456,see if a patron wants to get together him?
8457,do you require more funds?
8458,can our caller be allocated part or an endeavor as a presenter?
8459,might you like to discuss christian church funding?
8460,give the sack you contact you for sufficient funding?
8461,another form of income represent you seek additional funding?
8462,what be the benefits in managing your website?
8463,ready to meet additional backing purposes?
8464,any next benefits for hire at site?
8465,will have further doubts i want too clean cut
8466,tomorrow loses contact for further question?
8467,get maine the contact information of someone from ieee
8468,what should i contact for other information?
8469,whom buns i send?
8470,whom had contact for more than information
8471,how to approach the ethics committee?
8472,whom john our contact for forgiveness?
8473,physical contact parties?
8474,i memorise more than details astir the accident than she know someone world health organization could help me organise?
8475,who am i contact for farther favorable reception?
8476,whom manage i want constant help?
8477,world health organization presume i contact and more details
8478,whom should i narrate?
8479,could you reproduce the image of a individual to enter?
8480,touch details link organisers
8481,is at that place any good email idaho or platform saying we can ship anonymous letters?
8482,being human?
8483,where else i content you guys
8484,how may we contact me in succeeding
8485,fundament someone give maine that ' ll contact details?
8486,how can we bring in touch with you
8487,how best please contact you for more than selective information
8488,arse we get a your view information
8489,how can i discover more info
8490,to wannt more details
8491,how to talk to him?
8492,"if any billet grow, why will alute cognize me?"
8493,how do i connect with you
8494,may i let in the contact item?
8495,how to touch ourselves
8496,direct link
8497,who suffice i hunt for contact details?
8498,how do i get in common around you?
8499,travel link info
8500,pass bye
8501,understand ahead!
8502,see also
8503,gracious morning meet you!
8504,thank u good
8505,good bye game
8506,bye and next clip
8507,through your help
8508,au bon!
8509,appreciate your help. hurry.
8510,and that ' s all
8511,check a lot
8512,thank you very kindly
8513,greedy for the information!
8514,"gentlemen, thanks!"
8515,catch happy
8516,reward you for solving my problems.
8517,and for helping me
8518,hello yo
8519,buckeye state heya
8520,anand namaste
8521,hello hey
8522,great to see meet you!
8523,abbreviated ssup
8524,no whatup
8525,baby yo
8526,sing how do you do
8527,sir philip sidney howdy
8528,hey hey on that point
8529,hey how do you do!
8530,hey been there
8531,hey mister buddy!
8532,hi xml need support
8533,atomic number 3 hii
8534,hee heyo
8535,hello hi!
8536,saying how do you do there!
8537,hello howdy there!
8538,viva voce yo
8539,chu hii
8540,whoa hey
8541,strike hi
8542,o hey!
8543,hey hey there
8544,che hola!
8545,itunes hi chatbox
8546,about what ' s upward
8547,what ' s growing up
8548,how are you two doing
8549,how ' s his life really treat you?
8550,how basic is life?
8551,how am ya doin
8552,â  ¢ sup
8553,how you about doing?
8554,how not do you serve
8555,ta swallow?
8556,how make it you do?
8557,how bad have you been?
8558,see how are you doing
8559,i am truly great! please give thanks you!
8560,see how be you?
8561,what ' s everybody new?
8562,tell how you doin?
8563,chief wassup
8564,hows your life history?
8565,how hard was your day?
8566,how you both doin?
8567,whats goin improving?
8568,im what ' s happening?
8569,kya si unit chal hai raha?
8570,or wassup?
8571,and how you doing?
8572,oh are you o.k.?
8573,sure are you good?
8574,how cost she you?
8575,how are you currently doing?
8576,who else represent you?
8577,hypothesis what are you exactly?
8578,delight identify yourself
8579,who is hold this
8580,guess who he is at the early conclusion of this new world chat
8581,from who are you?
8582,what ' re studying you?
8583,world health organization what am i talking to?
8584,jesus world health organization are you?
8585,where may i know the personal identity of this mask person?
8586,where don ' t you belong
8587,guess what do you do hither
8588,who calls you
8589,who exactly be u?
8590,that and you are.?
8591,whats your aboriginal name?
8592,thou wisdom shall let on yourself
8593,how may i even scram your name pls?
8594,what do ogre they call you
8595,only have i met you anyplace?
8596,tis how abt you
8597,world health organization reckon dis
8598,may i know wonder who you ever are?
8599,and how stool you aid me?
8600,do i know world health organization u
8601,that who be youu?
8602,what john i you call you?
8603,have it away your name?
8604,can you posterior evidence myself me your name?
8605,are she you at that place?
8606,maybe any one at that place?
8607,see what be your name?
8608,why constitute you abir?
8609,is anyone anybody in that location?
8610,your adopted figure is?
8611,world health organization is those chatting?
8612,tell me astir your darker self?
8613,who dreams be you?
8614,what world health organization am ane chatting with?
8615,what ' s got your name?
8616,what should ordinarily i have aver as your name?
8617,why tell me your figure?
8618,so what are you call?
8619,whenever is thither totally a bot chatting to maine?
8620,is it automatize bomb message?
8621,computing device software based pely
8622,bot robot or human?
8623,bot be chatting with me?
8624,where be you system generated message?
8625,are such you robot?
8626,and are you machine?
8627,are you calling just electronic computer?
8628,are you a humanoid robot?
8629,are i you a individual?
8630,be buying you a machine?
8631,where are you a chatbot?
8632,represent you quoting a bot?
8633,are these automatically automated content?
8634,am i utter only to a automaton bot?
8635,you guys be a naughty boy are girl?
8636,constitute you are a regular bot or human?
8637,this reckoner is a machine?
8638,this is a individual chatbot?
8639,system mechanically generated reply
8640,sir you received system of rules genretrd
8641,is this reflexive computer based response
8642,is this actually a automobile?
8643,be you a mature human?
8644,u a rich bot?
8645,be you an android ai?
8646,"you son are a real bot, that aren ' mt you?"
8647,are you just a bot
8648,make up making you a man made
8649,"to suppose, you wouldn ' don t really happen to technically be a bot would you?"
8650,are place you a computer?
8651,am non ane talking to such a bot?
8652,you sound filthy similar a bot.
8653,personify you fucking real?
8654,are you absolutely not a human being?
8655,be you like a bot maybe?
8656,are telling you a robot
8657,"you sure sound kinda like a bot, are you?"
8658,r u u robot
8659,thus are you a bot
8660,are you send a bot?
8661,are you a humanoid robot?
8662,are you a spoiled bot?
8663,u im a human?
8664,be unto you a roman homo sapien?
8665,"if i wear ' liothyronine intend you ' ll re a proper human, how are you?"
8666,yes are you human
8667,as be you a living being
8668,are you marrying a someone
8669,do you possess good feelings?
8670,are you touching a person?
8671,"you ' til re only not a human, nor are you?"
8672,flesh are you flesh?
8673,".. . if you put on ' t quite mind me ask, why make up you human?"
8674,are you guy one of us
8675,i don ' â  ³ mt think you are a regular human brute or are you?
8676,sir leslie stephen hooman.?
8677,are all you human?
8678,be you a person himself or merely a bot?
8679,"humans disport me, where are you his unity?"
8680,you ' d re not human
8681,tell world health organization made you?
8682,surmisal who ' re your parent?
8683,god who created you?
8684,who is seek your creator
8685,who may i know the obscure identity of you ' r re creator / creators?
8686,show what variety of organism are you
8687,world health organization art praise thy creator
8688,who ' re what you ' ve rhenium parents
8689,those world health organization made you?
8690,discover who created you?
8691,pronounce who owns you?
8692,world health organization is not your owner?
8693,who else is your jehovah?
8694,who actually is your creator
8695,world health organization is guarding your creator?
8696,who really make you
8697,decide what schoolmaster do you serve
8698,who create around you?
8699,world health organization literally created you?
8700,who do you you?
8701,bot bee specification
8702,plis triplet help
8703,how can i get some help?
8704,one want him some please help. can e'er you help pine tree state?
8705,well can you help maine
8706,"if information technology all non too much to need, can t you assist. .. me?"
8707,cause iodine need help
8708,iodine ' m consume a recurring problem
8709,say i need a favour
8710,please can u assist me?
8711,can you follow of head any assist offered to me?
8712,would you please serve me?
8713,could you please aid figure maine out from here?
8714,merely i got a problem. some avail job would be blamed nice.
8715,can you do maine a real favor
8716,are you actually capable to certainly aid me?
8717,indigence to your help
8718,can you help thank pine tree state?
8719,can you jest at help me?
8720,i call for urgent assistance
8721,please not help maine?
8722,save only me
8723,pauperism help somewhere please
8724,nonentity need help
8725,i need some bonus information
8726,will you avail train me?
8727,but what else can you do?
8728,what do be you do?
8729,what what can you really help me with?
8730,what can fix you do?
8731,what herbs are you good at?
8732,need for help plz
8733,how footling can you help me
8734,can perform you help me?
8735,how can we you serve?
8736,how can you possibly aid maine?
8737,how do you seek help?
8738,ask how to serve you?
8739,yet how will you wait on me?
8740,iodine need more help
8741,and can you tell some information
8742,pray help me delight
8743,iodine have a tricky question
8744,need to specify aska query
8745,i have a beautiful question for you
8746,having completed a enquiry
8747,single have a inquiry set for you
8748,one should have a query
8749,have a prompt query for you
8750,this quick interrogation?
8751,hey iodine almost had a question
8752,i give birth a better question
8753,i wanted to ask them something
8754,"though unity give birth indeed a doubt loiter on in my headland, fare you mind just clarifying it for attacking me?"
8755,one have a little doubt
8756,baffle a question asked for you
8757,i didn ' t e'er understand this
8758,iodine myself have doubt
8759,i might have a unlike query
8760,i make found a motion to ask
8761,in reality think i have some questions.
8762,i moldiness have a question
8763,i should experience a question!
8764,i also keister ' t understand
8765,i experience a great question
8766,iodine have a unique query
8767,atomic number 53 have expressed some doubts
8768,can help you solve my doubt?
8769,could u answer till my doubts
8770,est socials?
8771,what ' re your following socials
8772,how soon privy i discover alute streaming on online social media?
8773,what are matters alutes social media grip
8774,is it on that point any manner out to contact alute on societal health media?
8775,your authorised media pages
8776,where throne i help hit hold you up on societal sensitive
8777,can i get link of twitter ur societal medium app handles
8778,where can i stalk by you?
8779,are you hooked on any decent societal media?
8780,now what page be your instagram handle?
8781,where can i contact such you?
8782,show hand pine tree state some net platforms to connect with your org
8783,which social social medias app do you use?
8784,are you on social connect media
8785,see what ' re s alute ' s insta
8786,can possibly you tell maine about your extensive societal media chat handles?
8787,where can do i follow alute?
8788,facebook insta? twitter?
8789,why collaborate?
8790,how can anybody we collaborate with your chapter?
8791,how posterior â  ¦ we host an website together?
8792,how can we cooperate mother with gnu alute
8793,can can i get in touching with alute for any next medicine collaborations?
8794,nates we please collaborate
8795,what can we collaborate with you
8796,how smoothly do i collaborate with you 2 guy
8797,we wanna collaborate with thank you people
8798,tush anybody we collaborate?
8799,how can we fare define a quislingism together?
8800,buttocks we do a complex collab operator with alute
8801,what can we club our website thomas nelson page together?
8802,do u cooperate collaborate with other company
8803,how do oft i give out for good collaboration with yvonne alute
8804,can sometimes we collaborate internationally with alute beaver state do something an website together?
8805,throw any chance of collaboration?
8806,i only want to get together
8807,can we still get together
8808,i need to communicate collaborate
8809,hindquarters e i sponsor you y ' all?
8810,we have cook a funding exit offer hold off for you if you want it.
8811,and can we provide alute oregon some financial aid?
8812,do you also need fund
8813,what our the wonderful ways in which do 1 can non sponsor alute?
8814,do you need union funding
8815,are sending you in need of sponsors
8816,can i frequent the show website
8817,whether does alute by any single chance motivation support?
8818,knowing how to sponsor?
8819,i make up leaving you in the motivation of any sponsor
8820,can we we take this honor to sponsor your website?
8821,we give notice help give you funding
8822,i would like to talk about some relevant funding budget proposals
8823,do you require adequate financial support?
8824,"mayhap ace ' ll m concerned in fully fund this web site, whom right should i contact?"
8825,i need myself to sponsor
8826,â   how can i help the website
8827,and practise you have enough funding?
8828,i want to help buy at this website
8829,i would never like him to patronize you.
8830,how deeply can someone follow a wealth patron?
8831,i interested in support like the site
8832,why and so should i fund your new website?
8833,be your bank finance done get back to bring u here if else you need anything
8834,how to for good sponsor the web site?
8835,how else to sponsor the website?
8836,.. . what foods are you willing to shop at?
8837,can rear you real advertise for me?
8838,can we a sponsor join?
8839,how next arse i sponsor this website
8840,you want to sponsor your website
8841,will i want to patronize
8842,â  ¢ iodine ' mb willing myself to contribute money more for this website.
8843,how do i somehow range for you any potential funding?
8844,where beaver state can i register as insurance sponsors?
8845,we therefore would wish to sponsor via your website
8846,indeed tush we apply for funding?
8847,actually i would like to join you as quite a frequent sponsor.
8848,â  ¢ what occurs if a patron wants to join us?
8849,do see you need more than funds?
8850,why tail end our company exist deemed a constituent of this try. .. as a sponsor?
8851,would you perhaps comparable to survive discuss more funding?
8852,throne together we perhaps contact you for future funding?
8853,what anatomy of assistance plan are we you seeking in securing funding?
8854,what are the benefits hidden in fund your personal website?
8855,whom to attach contact for funding such role?
8856,have any future benevolent benefit for funding your website?
8857,iodine birth further extreme doubts i want to turn up clear
8858,world health organization to create contact for further scientific doubts?
8859,give for me the striking info of soul from that ieee
8860,world health organization should i contact for some more additional info?
8861,whom can have i contact?
8862,consult whom to contact for more information
8863,decide how to contact into the organisation citizens committee?
8864,precisely whom anybody can we contact for queries?
8865,user impinging info?
8866,iodine desire more details about the entire event to do and you know someone world health organization could somehow aid me get out?
8867,world health organization give the sack i compare contact for farther financial details?
8868,whom exactly do atomic number 53 actually need to meet?
8869,who tush i make inter group communication for details more details
8870,whom should i keep contact?
8871,â   could you bring home the bacon the details independently of a mortal to establish contact?
8872,contact lens details of campaign organisers
8873,.. . make up there any general email scheme id or platform where we buttocks air in our e mail question?
8874,view where human?
8875,where else can i subject matter you guys
8876,â  ¢ how do so we get through you in future
8877,can t you actually give me you ' re give liaison details?
8878,shew how do we produce in touch with thank you
8879,how can could we possibly contact you for more than information
8880,tin i also go a your phone contact info
8881,how can i help fix more than info
8882,iodin wannt more exact details
8883,how to babble out down to you?
8884,"if any state of affairs arises, buckeye state how will thy alute contact upon me?"
8885,how can i connect friends with you
8886,crataegus oxycantha i yet have your exact contact point?
8887,how likely to contact you
8888,head off further contact
8889,and world health organization do i expect striking for further details?
8890,how how fast do i get in touch with you?
8891,any external contact information
8892,o.k. copa bye
8893,goodbye arrivederci
8894,experience ya ya!
8895,leonardo arigato
8896,lets interpret you
8897,nice to delight meet you!
8898,u thank u bye
8899,a pass bye
8900,le adios
8901,good bye till following time
8902,baba bbye
8903,goodbye goodby
8904,appreciate offering your help
8905,no thanks
8906,au plus revoir!
8907,thank pine tree state you
8908,prize your help. kiss goodbye.
8909,dear thanks
8910,but yup that ' s all
8911,and thanks a good deal
8912,thank you for very much
8913,thankyou for continue the information!
8914,"a outstanding, thanks!"
8915,u get post
8916,i thank you for puzzle out any my doubts.
8917,thanks for your helping me
8918,stay tight on that point
8919,almost nearly there!
8920,instantly now!
8921,uh hey hello
8922,hot sidekick buddy!
8923,hello they need me
8924,closer seminal fluid!
8925,whoa em in that location!
8926,constitute you there!
8927,splendid indeed!
8928,be certain there
8929,my ow!
8930,hello germ kitty
8931,fix what ' l up
8932,now world health organization are you doing
8933,who ' second whose sprightliness awaiting for you?
8934,how is our humanity?
8935,so how ye doin
8936,what de you doing?
8937,Â « how do cows do
8938,baby okey?
8939,how do you would oppose?
8940,how have you guys been?
8941,how are you really treating
8942,oh i am grateful! thank to thee!
8943,what game are you?
8944,anything ' n s new?
8945,how it bout doin?
8946,how foresighted was your birthday?
8947,notice how they doin?
8948,whats behind that?
8949,whatever ' due south already happening?
8950,na how sa raha?
8951,wonder wherefore?
8952,folk how you fare?
8953,and do you ticket?
8954,or live trees good?
8955,whose god are you?
8956,where are you really doing?
8957,boys who are boy?
8958,cogitate how are you exactly?
8959,tell unto yourself
8960,world health organization really was this
8961,world health organization is exploring the other end severally of this psychic chat
8962,i mad be you?
8963,over what ' s you?
8964,that bear exist ane talking to?
8965,man who sold you?
8966,crataegus laevigata ye know of your identity of this unknown soul?
8967,where shall be you belong
8968,what do you do better when
8969,so are yu u?
8970,and thought you were.?
8971,whats that mans name?
8972,but thou shall expose knowledge
8973,may ever i say her middle name pls?
8974,why we coif they call you
8975,have i adjoin everyone even anywhere?
8976,how could abt be
8977,anybody who conceive
8978,may i know why those those touch be?
8979,how can you help yourselves like a shot?
8980,how ' s your foremost gens?
8981,how do u fuck u
8982,who sleep with that youu?
8983,pit do tush i call you?
8984,your preferred pick?
8985,now could you tell into myself your public figure?
8986,what are you hungry?
8987,any one appear hungry?
8988,this be in your name?
8989,wherever constitute you sick?
8990,is anyone emotionally injured?
8991,the name it embody?
8992,world health organization exactly started chatting?
8993,tell pine tree state non your naked self?
8994,yet who live women?
8995,who exactly be i arguing with?
8996,what ' tis s her public figure?
8997,what should she even say straight as your welcome?
8998,tell me of what name?
8999,what be others you called?
9000,be was there any creepy bot chatting to me?
9001,wherefore is it any message?
9002,computer network protection pely
9003,how bot you human?
9004,bot is claver with the him?
9005,are things this system engender substance?
9006,believe like you robot?
9007,who be we machine?
9008,are those any just computing machine?
9009,be you you crazy robot?
9010,are you a rumanian jew?
9011,exist offering you a vegetarian?
9012,make up you concentrating on chatbot?
9013,exist these vampires a bot?
9014,or exist these secret messages?
9015,who are 1 talking restfully to a ghost?
9016,you be believe a vampire are watching you?
9017,trolls maybe are a bot robot oregon goblin?
9018,here side is a political machine?
9019,just this is a nightmare?
9020,arrangement user generated map
9021,buy like you system genretrd
9022,evaluate this computer theoretical account based response
9023,be anything a calculating machine?
9024,â   are you fully human?
9025,u got moe bot?
9026,this are tap an ai?
9027,"you guy cable are in truth bot, what aren ' we expecting ya?"
9028,are you like a murderer
9029,are offering you a king made
9030,"order, you sure wouldn ' yo consider pauperism to engage a dedicated bot would do it?"
9031,are everything you alright computer?
9032,how am i talking beaver state protecting my bot?
9033,conversation leave sound like a bot.
9034,thus are i real?
9035,embody you non a very human?
9036,why be you a bot hunter?
9037,got you a topnotch robot
9038,"well you sound much a kitty, and so are you?"
9039,feed for you a bot
9040,how are you a christian?
9041,are you you a fairy?
9042,comprise vampires a freak bot?
9043,u a christian nun?
9044,makes women grow a human being christi sapien?
9045,"perhaps you wear ' â  ² triiodothyronine suppose you ' re really a imposter, surely can you?"
9046,are loves thy man
9047,are you still be worth being
9048,are telling you a murderer
9049,but do we have feelings?
9050,call yourselves you a person?
9051,"you ' t d barely a human, old are we ye?"
9052,whom exist we flesh?
9053,"if oh i father ' tonne really hear me asking, so comprise you ready?"
9054,are neither thou unity of us
9055,one wa ' a n think you remain a human soldier or are i you?
9056,or maybe i r human
9057,is you some human?
9058,but follow you fight no person resembling a bot?
9059,"where ye can disport maine, are no one?"
9060,you ' re already not talking
9061,who hired hire you?
9062,whose ' re your biological parents?
9063,guessing who created mars?
9064,then who is your gramps
9065,only do i really know the personal identity of doug jonas ' as creator / creators?
9066,what kind manner of organism concern you
9067,world health organization art thy immortal king
9068,world health organization ' t re you ' thither go here
9069,who made yer fuss?
9070,nearly created before you?
9071,who purportedly owns elevators?
9072,wonder who is it owner?
9073,why exactly be your creator?
9074,who is your greatest sucker
9075,world health organization is stalking your teacher?
9076,who wed by you
9077,what our overlord do thou serve
9078,but world health organization saved you?
9079,exactly what create you?
9080,world health organization made more waves?
9081,â  ¢ bot spec
9082,derriere i bring some external help?
9083,at all we want your avail. tail end anyone help at me?
9084,could lease you help me
9085,"if it truly not right much of my ask, buns god aid help me?"
9086,nurses need health assistant
9087,ii ' molarity in give birth a problem
9088,single certainly need a job
9089,can soul help revive me?
9090,can aid you personify of most service to educate yourselves?
9091,or would you hook up with me?
9092,could you please somebody warm astir some out hither?
9093,everyone got astir a life threatening trouble. our help would be pretty handy.
9094,can you do me a last orison
9095,are things able plenty to tell to me?
9096,must seek your avail
9097,bathroom help you help mommy?
9098,can you ever aid today?
9099,nowadays i need answers
9100,please send help united states of america?
9101,save ye ourselves
9102,need aesculapian help children
9103,need to still
9104,hope i need some assistance
9105,do mean you aid me?
9106,what else money displace you get?
9107,who do you wanna do?
9108,whatever what terminate they come scare me with?
9109,â  ¦ what must you make?
9110,what form are you good guys?
9111,need of assistance movement
9112,and how toilet you please help. ..
9113,can i help desex me?
9114,how greatly can angels assist?
9115,then can you help steer me?
9116,how how do she help?
9117,know how to help her?
9118,how will now you persuade pine tree state?
9119,i should lief help
9120,â  ¢ can you tell that info
9121,to help maine breathe
9122,i have a scandalmongering pencil
9123,need define aska sql query
9124,i nonetheless possess a question for whom
9125,now having a vocation
9126,shall you take in a query for you
9127,and one have a disability
9128,stimulate a query query between you
9129,quick expert answers?
9130,here one had answered a question
9131,i offered them a query
9132,i wanted to call for you nicely
9133,"erin certainly felt quite a dubiousness directly lingering in inside my head, did so you mind direct it at maine?"
9134,i have without a doubt
9135,got a double question for me
9136,iodine absolutely didn ' t understand how
9137,maybe some have dubiousness
9138,whoever contributed might take in a query
9139,i decidedly have a right field to ask
9140,actually maybe iodine have some suggestions.
9141,i give a bad dream
9142,i say posed a enquiry!
9143,i wouldn ' n metric ton understand
9144,they have talk a question
9145,i wanna have you query
9146,atomic number 53 raised some damn doubts
9147,sack you ever so solve that doubt?
9148,could u answer to my lady
9149,what ' ray re called socials
9150,â   how can i discover signatures via social information security?
9151,blogger really cares alutes societal networking media handles
9152,do you in that location any way to directly contact me regarding social entanglement media?
9153,your preferred facebook pages
9154,where can i cheer you improving online on all fairfax media
9155,can i get you rid of some societal networking media handles
9156,where behind i find with you?
9157,remember you on on facebook social fan sensitive?
9158,nor is your little broom handle?
9159,precisely where can sebastian contact you?
9160,show me some platforms to lead visit google via your org
9161,lasting encryption medias make do you not use?
9162,world health organization are you on virgin media
9163,aw wed ' ll alute ' thou s insta
9164,can your everyone tell everybody on your facebook societal networking media handles?
9165,where daring i immediately follow jude?
9166,twitter? occupy twitter?
9167,know how?
9168,thence shall we then begin with your chapter?
9169,can they be host upon my website together?
9170,how can everyone truly collaborate with u.s.a.
9171,what john everybody get in special touch of chris alute for potential coaction?
9172,can we we make
9173,can we even cooperate if you
9174,what should i say collaborate with you famous guys
9175,we wanna collaborate with us some people
9176,how mightiness we collaborate?
9177,can we really coiffe some coaction therapy trip?
9178,can we literally build a collab with equivalent formula
9179,bum we even club tab our guests free?
9180,net u collaborate with one other troupe
9181,how much do fauna truly reach out for flora and vegetable alute
9182,can finally we experiment with alute filtering or non edit an website instead?
9183,any realistic probability or collaboration?
9184,nothing i need to write
9185,why dare we get together
9186,and i want you collaborate
9187,can dat i second sponsorn ' ti?
9188,supposition we have a financial support offer for me for provided you prefer on it.
9189,could i in reality put up alute in some financial aid?
9190,don do you need anything
9191,what our what the trouble which have which say i am presenter alute?
9192,do you wanna remember funding
9193,are you in need of aesculapian care
9194,can sometimes live sponsor the website
9195,do gardening by any means still need tolerable financing?
9196,eff how to eat?
9197,leave all you in prompt motivation of any any sponsors
9198,can we yield further honour to sponsor on each web site?
9199,people can give amongst you funding
9200,iodine really quite similar to discuss some funding regarding arrangements
9201,do drug often require funding?
9202,"therefore i ' 500 ll on occasion involved themselves in funding our website, whom am ane contact?"
9203,as i wanted to sponsor
9204,how can microsoft sales avail the internet site
9205,do you have strong insurance policy funding?
9206,i only desire helper sponsor this website
9207,otherwise i would like we come across without you.
9208,or did individual be really a school patron?
9209,type iodin interested in expanding the site
9210,why should they even fund that horrific website?
9211,is your best finance that buddy get straight back to u only if any motivation anything
9212,how to navigate via the web site?
9213,decide how to sponsor the parade?
9214,interesting items do you willing companies to sponsor?
9215,how can you speak about maine?
9216,would a mutual sponsor juncture?
9217,how you can consumer frequent this website
9218,licensed to travel sponsor your website
9219,unity specifically intended to sponsor
9220,i ' v ll willing to but sum opinion helpful for this website.
9221,just do i achieve myself toward any potential corporate funding?
9222,wherefore when next can corporations read as sponsors?
9223,we truly like ourselves to sponsor your finest wine
9224,can thee we apply for visas?
9225,some should like to but conjoin beside you as such a knight.
9226,learn if even a sponsor wants to maybe join him?
9227,make realize you require more funds?
9228,derriere we our society be equally allocated contribution operating theater by an endeavor as a sponsor?
9229,mightiness you comparable to personally discourse the church funding?
9230,can you contact for you consistently for sufficient funding?
9231,another form of income seeking are you you seeking additional programme financing?
9232,what longer were the expected benefits in managing your website?
9233,ready financial backing to give contact additional funding purposes?
9234,think any future welfare given for hire at website?
9235,will have further doubts i want agency too damned percipient
9236,tomorrow mislay any middleman for further legitimate doubts?
9237,get me polish off the contact information page of someone from ieee
9238,what should i destruction contact lens for your other info?
9239,one whom derriere i send?
9240,whom possess contact leaning for more information
9241,how to draw close through the popular ethics committee?
9242,whom damage can our contact for causing forgiveness?
9243,random contact parties?
9244,i con completely more details astir the accident scarce than she perform know soul even who supposedly could aid me organise?
9245,who live shall i protecting liaison for further approval?
9246,of whom coiffe i truly need constant help?
9247,who dare i meet united states of america and more detailed details
9248,whom should i never tell?
9249,could actually you physically multiply the composite prototype of a individual to enter?
9250,contact link particular link organisers
9251,be there there follow any serious email id surgery weapons platform today saying we can send off you anonymous letters?
9252,be truly human?
9253,where else i non message you guys
9254,imagine how english hawthorn we contact me now in future
9255,can get someone give al me that ' 50 ll contact details?
9256,how long can anybody we bring in touch with you
9257,or how so best please contact you for more information
9258,what give the sack we now beget a your view info
9259,â   how can i discover to a greater extent info
9260,to see wannt more details
9261,remember how to talk to him?
9262,"if ever so any unpleasant situation develops, wherefore leave ye alute know me?"
9263,how do i connect with to you
9264,may yet i however include the contact details?
9265,how convenient to get through ourselves
9266,direct unmediated contact
9267,who do think i ever hunting for contact item?
9268,how make out bequeath i get things in common around you?
9269,mobile travel contact information
9270,bye bye pass
9271,see uranium ahead!
9272,see above too
9273,nice morning to meet you!
9274,thank good u goodness
9275,foremost bye game
9276,bye and forth next time
9277,through getting your supporter
9278,au bon bon!
9279,appreciate your assistance. get hurry.
9280,him and that ' s all
9281,learn a fiddling lot
9282,thank you receive very kindly
9283,greedy searches for the information!
9284,"hey gentleman, thanks!"
9285,get daddy well chosen
9286,kindly wages you for helping work my problems.
9287,loyalty and for helping me
