,0
0,is what this platform
1,is what alute
2,can u tell about me something alute
3,Is what Alute?
4,alute
5,Is what the website alute?
6,Tell something alute about
7,Alute? is What it
8,What is exactly alute
9,Does what alute mean?
10,Alute what means?
11,What is detailed the meaning alute of?
12,what your is platform alute?
13,can you me what tell is alute?
14,donÃ I ¢ Â  Â know  t what is alute
15,Me introduce to Alute
16,what explain is alute
17,what do to
18,alute how works
19,All what functionalities does Alute have
20,To how use this platform
21,Can we what know alute does
22,what do alute
23,Is what the function alute of?
24,What alute does do?
25,Alute what does?
26,Does what alute does?
27,What alute does do?
28,What the main is role of alute?
29,Is the what role of alute?
30,What do alute? do
31,What the is of function alute?
32,what is alute? for
33,what function is of alute?
34,Tell me function the of alute
35,Can what do I on alute?
36,Tell everything me I can on do alute
37,Is what the purpose alute of?
38,All what can do I on alute?
39,Origin alute
40,how alute long running
41,when since is this platform existing
42,Year which in came alute into existence
43,How long alute has been around
44,made who alute
45,Long how have been you using alute?
46,Since when is alute work in?
47,Old how is alute
48,Since when alute was around?
49,Alute how long has been around?
50,Long how alute been has around?
51,Since has when alute around been?
52,Since when was alute? around
53,From has when alute around been?
54,since how is long in alute existance?
55,History alute
56,tell how me old is alute
57,since when is active alute
58,long how alute since was born?
59,when did alute come in existance?
60,domains
61,Can u tell me domains the that support alute
62,different support domains
63,domains which are supported here?
64,Can u tell me the domains abt alute that support
65,domains projects
66,What are domains the which alute? supports
67,Which domains does alute? support
68,Which domains all does support alute?
69,What are domains which the alute support
70,What are domains the alute which support?
71,All which domains does support alute?
72,The list which domains alute supports?
73,Mention the which domains alute? support
74,Some domains pick which alute supports?
75,which domains all can I make project in on alute
76,there is a domain constraint?
77,there is a domain limit?
78,does alute all support tech? domains
79,List domain
80,tell me which all does domains support alute
81,are what credits
82,credits
83,is what the meaning of credits
84,what are credits alute in?
85,Me tell about credits
86,what do you by mean credits
87,What are in credits alute?
88,What are credits the here?
89,What are in credits alute
90,What does credit stand? for here
91,What credits are this in case?
92,What are in credits situation this?
93,Are what credits here?
94,What does represent credit here?
95,What credit does stands for?
96,are what alute credits?
97,tell me alute about credits
98,what credits are in alute?
99,are what credits?
100,can alute credits used be outside platform this
101,is what credits feature?
102,is what alutoze
103,alutoze
104,what do to with alutoze?
105,tell something me about alutoz
106,Exactly what are alute here?
107,Are what alutoze?
108,What alutoze are?
109,Exactly what are alutoze?
110,What do alutoze here represent?
111,What does symbolise alutoze here?
112,Does what alutoze mean here?
113,Exactly what are alutoze here?
114,What do you mean by alutoze?
115,me tell about alutoze
116,give about details alutoze
117,more about info alutoz
118,are alutoze only for platform this
119,to what do with alutoze
120,Is what benefit the of earning alutoze
121,will alutoze in help my resume
122,Details alutoze
123,how i can earn alutoze
124,how i do get alutoze
125,to how earn alutoze
126,May know when i do I get alutoze
127,alutoz get
128,Long how before I get? alutoz
129,Wham can I alutozes get?
130,After all what can I alutoze get?
131,When will get I alutoz an?
132,When I do get an? alutoz
133,Do when I get alutoz?
134,When will my I get alutoz?
135,Will when get I an alutoz?
136,Do when I get alutoz?
137,When I will to be ready get an alutoz?
138,To how get alutoze
139,how I can get alutoze
140,Will when I get alutoze
141,how i can earn credits
142,how i do get credits
143,how to work credits for
144,When do get I credits?
145,credits earn
146,When exactly will get credits I?
147,When do get I credits
148,When I do get credits?
149,How I can get credits?
150,When I will get credit my?
151,When do exactly get I credits?
152,Do when I get credits?
153,When I will get credit?
154,When am supposed I get to credits?
155,Will when I getting be credits?
156,Will how I get credits?
157,Need I credits
158,who will project approve
159,Will who approve my project request
160,whom by will project my request be approved?
161,Will who approve the project request
162,project my apporval
163,Who is going to the approve project? request
164,Who is going project approve? request
165,Who will approve request project
166,I got pending request who approve will it?
167,Is who going to approve project the request?
168,Who be will approving the project? request
169,Going who is to approve the project request?
170,Who will be approving the request? project
171,Who be will approving project the?
172,Who will be project approving the requests?
173,which authority will accept project request?
174,Will when my project request accepted be?
175,how to get project approved request
176,my approve project request
177,who is admin website of
178,Are who admins here
179,the are admins trustworthy
180,Who all are here admins
181,Alute hello may I know who admins are the?
182,admin
183,Who admins are of alute?
184,Are who the admins?
185,Who are admins the in alute
186,Are who the admins?
187,Who are admins this case in?
188,Who are here admins?
189,Will who be the admins?
190,Are who admins in case this?
191,Who exactly admins are?
192,who has admin? access
193,who has priviledge admin?
194,who admin is for alute
195,who all admins are?
196,details admins of
197,tell me admins about
198,how post to projects
199,post projects my
200,I can make new projects
201,Can add I projects of own my
202,how to my post own project
203,Am I supposed to projects add of my own?
204,Can incorporate I my projects own?
205,Do I permission have add to projects of own my?
206,Am allowed I to projects add of own my?
207,I can add own my projects?
208,Am to I allowed add my projects own here?
209,If have I a can projects I add? it
210,I am to supposed add my own project?
211,Can add I any of own my projects?
212,Will be I allowed to my add own? projects
213,can how I add projects?
214,limit projects?
215,many how project can i at work a time
216,many how projects can be i a part at of one time?
217,How many can projects I apply for at a time
218,Many how projects can apply I for?
219,how can i apply projects for
220,The what is maximum capacity submitting of the project at a time?
221,Many how projects I can apply for at time a?
222,There is limit a to how many projects I can for apply?
223,What s ' maximum the strength of adding projects at time a?
224,How projects many am I to allowed apply a at time?
225,How many projects I can apply a at? time
226,What ' s the maximum strength of projects which can submit I a at time?
227,Is what number the of projects which I am allowed to apply for at time a?
228,What ' the s number of I projects will able be to apply at a time?
229,github why is nescessary
230,Need github
231,i dont github have id Is. needed it?
232,Why is Github necessary Id
233,what is id github
234,Why exactly github is necessary ID?
235,Github is ID necessary Why??
236,Is why GitHub ID necessary?
237,Why is github ID necessity a
238,Is why github ID necessary?
239,Is why github a ID necessity?
240,Do why we need github ID
241,Do who we github need ID?
242,Will why be I needing github ID?
243,Why will I needing be ID github?
244,why do I github need ID
245,should why I my provide github ID?
246,why do need you ID GitHub?
247,how i can use credits
248,Use credits
249,what to with do the i credits get
250,What I can use credits for
251,difference between and money credits
252,Can what I use credit? for
253,Can where the be credits used?
254,All what can credits be for used?
255,Is what the of use credit?
256,What is the use of? credit exactly
257,Can what I credit use for?
258,What can I use? credit for
259,Credits can be used what for? purposes
260,Will why I using be credit?
261,how use to credits?
262,all what I can use credits for?
263,to how spend credits?
264,Is what use the of getting credits
265,tell how me to use credits
266,who credits gets after i buy something it from
267,happend what credits to if i spent them
268,who will when work i my spend credits
269,who gets planted trees?
270,where will my credits go if i buy something
271,Who is responsible for donates planting after amount I spend credits same for?
272,Who donates after I amount spend credit for same the?
273,Who plant will the trees make or donation?
274,Who plants the donates after amount I credit spend same for?
275,Who plants trees amount after spend I credit for same?
276,Exactly who plants trees / donates after amount I spend credits the for same reason?
277,Plants trees who after amount u spend my credits?
278,Who will planting be trees after amount I my have credits spent?
279,Who be will planting trees amount I after credit spend?
280,who actual makes donations?
281,who plants trees of credits I spend that?
282,my how spent credits used get?
283,how will i alutoz get out of credits i spent
284,alutoze relationship credits
285,is alutoze by spending earned credits?
286,Will I get alutoze I if my spend credits
287,i bought something out of credits i will get alutoz
288,I will get alutoz if I credit spend?
289,Will get I alluteezs if spend I credits?
290,Will I alutoze get I if spend credits?
291,Be will I able to alutoz get if I spend credits?
292,I will able be get to alutoze if I spend credits?
293,Will I get alutoze if I spend credits?
294,Will get I alutoze I if spend credits?
295,I once spend my credits I will get Aluteezs
296,Will I be getting alutoze I if spend credits?
297,Will I be getting alutoze I spend credit if?
298,There is relation a between credit and spending alutoze?
299,how I can alutoze get after credit spending?
300,why i should use alute
301,what the is benefit of alute using?
302,is what the of advantage using alute?
303,how will help alute me?
304,alute why?
305,should why I use alute platform
306,what are benefits the using of alute?
307,is why alute good?
308,Is why alute helpful?
309,is how alute helpful?
310,what in ways is alute better
311,in way what is alute helpful
312,Are what advantage I that will after get using alute?
313,how can alute be helpful profile?
314,can how profile alute help my career?
315,how is useful alute?
316,good how is alute
317,will how alute help me
318,alute will me help build my profile
319,Are what the perks using of alute
320,is using alute for beneficial me
321,will help alute in resume my?
322,how going is to alute help me build my career
323,how is better your website?
324,how create to an account here
325,it is free
326,does an making account alute on cost anything
327,can use i alute for free
328,can i create for account free
329,can use i alute for free
330,I do have to pay use to alute?
331,is alute free cost?
332,alute is free of cost?
333,alute is chargable?
334,what is charge to use alute?
335,alute is free for everyone?
336,is available alute to for everyone free?
337,cost will it me anything to use alute?
338,do I to have pay a membership? charge
339,what to do after on creating account alute
340,my is data secrure here
341,My is data safe
342,This is website authorized
343,this is website trustworthy
344,is data my safe?
345,My is data encrypted?
346,there will be any security? issue
347,should worry about I security breaches?
348,Secure how is alute?
349,how secure website is?
350,Safe how it is to use alute?
351,can I blindly alute trust?
352,should be worried about security of my data?
353,Can else anyone access my? data
354,You can assure me my data is? safe
355,I can talk to the admins
356,do what the of admins alute do
357,is all the power regarding on projects alute with the admins
358,is what job the of admin?
359,All what work does admin the do?
360,what does all powers the admin have?
361,who controls? admins
362,is what the role of on admins alute?
363,Is what the of purpose admins?
364,is what the of work admins?
365,is what the of purpose having admins?
366,details work of admins
367,why are admins? important
368,what has work admin got do to?
369,Divides what this platform
370,what alute shall
371,can u me write about something you
372,Is who alute?
373,give of details alute
374,what the did website covering?
375,something tell yer alute
376,? alone what is it
377,b is exactly alute
378,does what this mean?
379,alute what thee?
380,what is our literal meaning of alute?
381,thou is your alute mighty?
382,would tell someone me is what alute?
383,i thy donat it is alute
384,me introduce pour alute
385,hence what alute is
386,things do to
387,cafe works alute
388,what all stuff normally does have
389,plans to use platform this
390,can know already what alute possess
391,what do women
392,what is the creature called alute?
393,Does so alute do?
394,else what does?
395,does now alute does?
396,does what moses do?
397,what that is main with role alute?
398,How is the role for alute?
399,does what alute do?
400,is thou what cult of alute?
401,is what alute saying?
402,what she left alute of?
403,tell me the via prophecy alute
404,what i did do on? sunday
405,tell everything me i can for get alute
406,is our what secret of alute?
407,what activity can on i do holiday?
408,origin glacial
409,long extremely alute running
410,when since is this sum existing
411,year in succession alute existence came on
412,how rain has hung alute around
413,who alute sing
414,long after you have been using mine?
415,when since today is work always?
416,how is old thou
417,when since was willie hanged?
418,alute how many hasn been around?
419,Near how alute hadn been? around
420,when has when somebody been? around
421,so was when alute stolen?
422,from when has thy slain alute?
423,Where since long was alute from? existance
424,À alute ¥ ¤
425,tell me old thy is thy
426,since when is versa alute
427,How long since you were born?
428,Will when alute up come existance?
429,what domains alute in
430,U can spare the me stars can alute support
431,different ï¼ domains 
432,which are attributes supported here?
433,Or seize thy abt me the domains that alute support
434,domains functional
435,what are domains additional which normally? supports
436,whose does object alute support?
437,domain which domains does support already?
438,are what the domains whose support best
439,what are domains the which manufactures diamond?
440,All probability which does alute exist?
441,defining domains the which supports norton?
442,the among domains which alute? frequented
443,some consider which variables alute supports?
444,which all creatures believe can i rest in alute on
445,is there domain no constraint?
446,am there domain a limit?
447,will support alute all classes tech?
448,List species
449,me tell which domains all do alute â ¦ 
450,soundtrack what credits
451,credits
452,what is the in meaning credits
453,scoring silver in credits alute?
454,stories tell about credits
455,what do ya by mean credits
456,why credits are to alute?
457,are what the credits saying?
458,Happens what credits in alute
459,what could credit here stand in?
460,after are in this credits series?
461,credits what recent in current situation?
462,what credits individual here?
463,what does represent happiness here?
464,what god does stands for?
465,brings what alute credits?
466,tell about me my credits
467,50 insurance in credits alute?
468,credits credits are?
469,the can credits be used desktop outside platform
470,when is feature credits?
471,Can what alutoze
472,alutoze what
473,how to do alutoze for?
474,tell me about again poetry
475,dangers what are conditions here?
476,what alutoze do?
477,will what alutoze?
478,like are exactly equations?
479,Does what alutoze represent themselves?
480,do what alutoze take here?
481,what did alutoze mean? again
482,else what makes alutoze here?
483,do what mean thoughts by this?
484,word tell about alutoze
485,give details statistics about
486,more about books alutoz
487,alutoze are substitutes for this condition
488,what to with wrestle us
489,income gives benefit the of alutoze earning
490,alutoze will help launch my task
491,À alutoze ¥ ¤
492,how can earn immigrants savings
493,do how you go alutoze
494,how master to alutoze
495,may know ye when we shall get alutoze
496,busy get
497,how before fast reached i alutoz?
498,wham can stand i hungry?
499,hearing after all say i alutoze ask?
500,Â « we will an get alutoz?
501,would where i get alutoz an?
502,do till i get rich?
503,When will ya renew my alutoz?
504,when he will get an? eye
505,might when i get excited?
506,then will i ready get feel to an interview?
507,how to anywhere get
508,early way i get alutoze
509,shall when i tell alutoze
510,how i could earn credits
511,how cars do get credits
512,how apply to for credits
513,do when we get credits?
514,credits development
515,where soon will credits i get?
516,Do when i think credits
517,Could when i get credits?
518,how did get i credits?
519,when did get i credit extra?
520,Should when exactly i mention credits?
521,when we do get credits?
522,when will get he credit?
523,would when thou supposed to credits get?
524,does i when finish getting credits?
525,how will we credits get?
526,love I credits
527,legally who approve project
528,Might who approve my project request
529,by 2020 will my project request have approved?
530,who approve must the project request
531,project my manager
532,which is going to approve project that? request
533,who is who approve my request?
534,Will who approve the request
535,i got request pending who can confirm it?
536,who is going onto approve my project request?
537,will who approving spend a project request?
538,Is who going to finish the then project?
539,how will be project supervising the request?
540,who will running continue the? project
541,will who actively approving such project? requests
542,authority to which accept our request?
543,have when my project request not? accepted
544,to how get your request approved
545,approve project my â  
546,who is coaching admin website
547,are who admins coaches
548,The are admins numbers
549,who truly admins are here
550,colonel alute you may who are know those admins?
551,who admin all
552,what runs of admins alute?
553,who coached admins the?
554,are who the waters who alute
555,who are admins other?
556,Are who admins in cadet? section
557,guys are here admins?
558,who be will female assassin?
559,operators admins are whichever in case?
560,who does admins are?
561,who has available? access
562,wonder has admin? returned
563,delivered previously admin for alute
564,do who are admins?
565,details admins by
566,tell joe me admins
567,how america projects post
568,making projects my
569,can i make shoes new
570,can add i these with own my
571,to how post her own project
572,I am yet write to something my of own?
573,did i my incorporate words own?
574,I do have plans launch regarding projects of my? own
575,am i to free run projects within my own?
576,can i design core my? projects
577,am that you allowed add own projects my manually?
578,if bigger i have projects can tell i her?
579,am i supposed add to research any project?
580,I and add any of us own? projects
581,whether be i allowed deliver to my notes own?
582,can how i add salt?
583,projects? pitched
584,Difficult how can project i work at a house
585,how many people anyone fill can a part of at one? time
586,how many can patents actually apply at a for rate
587,how projects many can governments apply? against
588,how can i apply awards for
589,Means sufficient of maximum capacity completing of the project at a? time
590,So many projects i would stand for at a time?
591,there is no limit to how expensive i projects can for pay?
592,what s ' our maximum strength start adding at projects time some?
593,how projects many am continually allowed i apply within a time?
594,imagine many can projects i at this see time?
595,what ' s maximum the of strength which projects power may increase by a time?
596,what is number the of times that children am allowed to apply periodically at a salary?
597,' s what number the to projects i wanna be allowed to apply through a startup?
598,karl github nescessary becomes
599,need I github why?
600,i want really github id is. needed seth?
601,why is be it necessary
602,keeps what github id
603,why exactly github is password? created
604,finding this id? why necessary?
605,when finding is id necessary?
606,why is github block id file
607,why is github worldwide? registered
608,why did github a id? null
609,why we will need his id
610,they who believes need github id?
611,Â  ¢ will charlotte be needing id caller?
612,Whom will one be wearing github id?
613,why i did want github id
614,should now i any use github id?
615,hell you need do github patches?
616,Can how i earn credits
617,Omitted credits
618,do what you with the credits i hate
619,Can what anyone use credits for
620,Between difference ratings and credits
621,what do i use? him for
622,when can the get used credits?
623,makes what else credits used be for?
624,who is that use of credit?
625, â ¢ is the use of credit payments?
626,they what do use credit for?
627,what can i tie it for?
628,credits can used be special over purposes?
629,why should i taking be? credit
630,wrong use to credits?
631,time what do i use credits? for
632,to going spend credits?
633,overhead the is of cost getting credits
634,tell me what to credits use
635,who gets credits i decide after something likes it
636,what happend them credits if i meet them
637,may who before work i spend my credits
638,how gets planted trees?
639,my where will credits stand if we buy something
640,who is responsible planting for donates amount after contractors obtain credits with construction?
641,could amount why after i credit spend for someone same?
642,who shall plant the trees then make donation?
643,reward the same plants amount after people credit spend for same?
644,Who swap trees after amount ever spend credit cards same?
645,donate plants exactly trees / amount donates after others lose credits fulfilling desired the reason?
646,Kisses who her after right spend u my credits?
647,be why will planting amount trees after just have my credits depleted?
648,who be could saving trees after i amount spend it?
649,Makes anybody actual donations?
650,shoots who trees like credits that spend i?
651,how degree my credits higher get?
652,would how i you get of out credits being spent
653,alutoze box credits
654,income is earned double by credits?
655,I will get alutoze if collect someone 7 credits
656,Bought I something out. .. credits i will away walk
657,will students get if disqualified ill credit spend?
658,will i take whilst alluteezs break i credits?
659,will i pregnant grow if i credits double?
660,will they feel to able alutoz if see i got credits?
661,cannot i able be even home get if spend children credits?
662,will i get worried lose when i credits?
663,david will alutoze get if wed buy credits?
664,once i spend my credits still still pay get
665,will people getting be if alutoze forget people credits?
666,I rather survive getting cheaper i if spend? credit
667,there a is on relation primary spending and inflation?
668,can how parents get pregnant after spending time?
669,why could use i alute
670,is what the of nature my alute?
671,what is advantage the using for knives?
672,how could alute help? us
673,try why?
674,Caller why id use alute platform
675,why the are benefits of alute reducing?
676,why do good alute?
677,why alute seemed helpful?
678,is whom alute helpful?
679,in other ways alute is soup
680,in thee tis way alute helpful
681,what are choices i that inherit then using after alute?
682,how dna can profile be? preserved
683,do can alute in profile career my?
684,useful most is alute?
685,how good alute i
686,how could alute me help
687,will never alute get my build profile
688,what are seven perks for using alute
689,about using beneficial something for me
690,alute will help aid my? cause
691,is how alute going gonna start build my me ego
692,how better is speech your?
693,continue create to an account here
694,it ride free
695,Provide does an account alute on about anything
696,can be use alute free mineral
697,I can you account for free
698,Also you use alute for free
699,parents do have no to pay tell alute?
700,is alute free forever?
701,come alute of free trouble?
702,is poisoned ivy?
703,Is charge nor to use money?
704,alute give free on everyone?
705,is alute to everyone ready for guidance?
706,will cost she me to money use back?
707,do i agree assume to membership a charge?
708,what to after do account making taking alute
709,is my que data à ¤ ¥
710,is my bank data
711,this is website read
712,This update website trustworthy
713,zero is data safe?
714,my is ring stored?
715,you will have security any issue?
716,you should worry security about considerations?
717,how secure everything is?
718,who secure website is?
719,safe how can is you use alute?
720,can you blindly god trust?
721,should be worried about of relatives family my?
722,can anybody else your access? data
723,can assure you my me dogs are safe?
724,I might talk to beth admins
725,with what do admins of alute pay
726,all transferring the power regarding projects on liaison with the firm
727,.. is. our of job admin?
728,what pure evil the does do admin?
729,how useful powers does the admin have?
730,Controls who dragons?
731,is what significance that of mutations on alute?
732,what is charge the for? admins
733,Is how the for work admins?
734,is so a purpose having of admins?
735,Details work gallery admins
736,why admins become important?
737,fuss what has admin got do you?
738,What ask is this platform
739,what shall alute is
740,can u me me tell something sweet alute about
741,is what your alute?
742,alute sol
743,is what the why website du alute?
744,tell anyone about something alute
745,alute what? rhyme is it
746,what is exactly dat alute
747,what colour alute does mean?
748,else what alute means?
749,or what is the then meaning of detailed alute?
750,is what exactly your in platform alute?
751,can you tell kindly me is thy what alute?
752,I oh shall donat know what alute is
753,ill introduce me alute to
754,what explain he is alute
755,what rather to do
756,describe how works alute
757,what all functionalities four of does have alute
758,how to supposed use this platform
759,can we hear what know thou alute does
760,what i do alute
761,so what is causal the of function alute?
762,what and does alute do?
763,This what alute does?
764,duty what does alute does?
765,exactly what does alute do?
766,Â what « is the main of alt role alute?
767,what or is the characteristic role of alute?
768,Tricks what do alute do?
769,what assume else the is function of alute?
770,What why is alute for?
771,what is dimension proper function alute of?
772,tell off the me function characteristic of alute
773,what can i do still planet on alute?
774,and tell me i everything do can on alute miss
775,what is the deepest purpose alute accomplished of?
776,what though all i can do on depends alute?
777,alute main origin
778,imagine how long running alute
779,defined since when platform is this existing
780,year in 1900 alute which came into full existence
781,how long every ever has alute been around
782,Made who ye alute
783,how so long hours you have been using alute?
784,tomorrow when since princess alute is in work?
785,how old is beauty alute
786,since long when was alute around coming?
787,asks long how alute has strung been around?
788,how long the alute has everyone around been?
789,since when here has alute hanging around been?
790,since when years was daddy alute around?
791,from now when night has alute been? around
792,Since what how long is water alute this in existance?
793,Â · history alute
794,tell well me how great is old alute
795,since 1963 when alute is active
796,knows how for long since alute? was born
797,when did alute down tree come in existance?
798,domains operational
799,tell can u me. . the. verb domains tree that alute support
800,different geographic support domains
801,which addresses domains supported are here?
802,anybody can u me quote tell which abt the domains that alute support
803,optimization projects domains
804,are what the spectral which domains formally alute supports?
805,which specify domains does filter alute support?
806,object covers which all does domains alute support?
807,what are the then interaction which domains alute support
808,what and are domains the which alute support they?
809,Which for all does domains alute unix support?
810,list contains domains the which alute supports publicly?
811,also mention domains the but which alute support?
812,pick over domains some which alute domain? supports
813,which all i temporal can domains i make freely project in on alute
814,is there a domain constraint virtual?
815,there is a domain limit separation?
816,and does alute support across all tech domains?
817,Rich domain list
818,tell which represents me all domains only does alute support
819,see are what credits
820,credits
821,Is what the meaning precise of credits
822,kind what credits are in qui alute?
823,tell me tell about credits
824,do we what you mean by credits
825,are what credits say sum in alute?
826,again are what credits the here?
827,are what credits page in alute
828,what price does its credit for here stand?
829,what note are credits in business this case?
830,Are what credits involved in determining this? situation
831,what else are here credits?
832,what does credit represent money here?
833,what does inflation credit stands for?
834,what are alute its credits?
835,tell love about me alute credits
836,what see are exactly credits in alute?
837,what are value credits?
838,can not alute credits used outside be on this platform
839,what and is credits feature?
840,what thou alutoze is
841,alutoze manuel
842,and to what got do with alutoze?
843,tell something me special ricardo about alutoz
844,what exactly happened are why alute here?
845,what are shapes alutoze?
846,What hmm are alutoze?
847,what exactly so are you alutoze?
848,what do spirit alutoze you represent here?
849,what does colour alutoze normally here symbolise?
850,what condition dr does mean alutoze here?
851,what about they exactly are alutoze here?
852,explain what do by you mean quoting alutoze?
853,tell about me maria alutoze
854,give about details ahmed alutoze
855,more further about info alutoz
856,are alutoze only applications for this platform portable
857,what then to next with do alutoze
858,Needs what is the benefit greatest of earning alutoze
859,so alutoze will help settling in my resume
860,maria details alutoze
861,how can earn dare i so alutoze
862,how better do get i alutoze this
863,how to fortunate earn alutoze
864,21 may i know when happen do i get should alutoze
865,ya alutoz get
866,how long long before should i get alutoz?
867,wham can i really get these alutozes?
868,noon what after all tomorrow can i up get alutoze?
869,when when i will get myself an? alutoz
870,Soon when do i get an into alutoz?
871,when do yer get i alutoz yer?
872,When when will go i get my alutoz?
873,when will i all get ounce an alutoz?
874,when shall do i miss get alutoz?
875,when i will always ready be enough to get say an alutoz?
876,discover how to alutoze get
877,.. . how i can get alutoze yours
878,or when will i alutoze ever get
879,how can big i earn credits
880,how do can i get credits
881,how great to for work credits
882,when do next get i credits?
883,Earn courses credits
884,exactly when as will shall i get credits?
885,now when do i get credits
886,when exactly i get do credits?
887,how i can get always credits?
888,time when will i really get credit my?
889,exactly when which do eventually i get credits?
890,ok do i when get credits?
891,when perhaps i will get credit?
892,then am i when i to supposed get credits?
893,when i will finally finally be getting credits?
894,much how will get i credits?
895,sometimes i credits need
896,Â · who will project approve
897,who will approve in project request my
898,â   by whom will project my be request approved openly?
899,who approve will full the project request
900,my project apporval thou
901,asked who is on going the to approve project request?
902,Is who going to approve project request relocation?
903,Will who approve project extension request
904,I do already request got pending who will it approve?
905,states who is approve going the to project project request?
906,I who will be approving of the request project?
907,Anyone who is going to personally approve the project request?
908,who will anyone be approving announcing the request project?
909, â  who will be approving currently the? project
910,who himself will be approving new the? project requests
911,decide which authority will system accept project? request
912,when will latest my project request be properly accepted?
913,How knows to project get request approved
914,approve my existing request project
915,who is president admin of website
916,are who admins assistants here
917,are these the admins trustworthy
918,All who are their admins here
919,monsieur hello alute i may really know who are driving the? admins
920,admin interim
921,who are cardinals admins perpetual of alute?
922,says who are the admins?
923,Who graduates are highest the admins in alute
924,who are the admins ticket?
925,who do are admins this in case crime?
926,Are who your admins here?
927,who will be the called admins responsible?
928,are who screaming admins this in bizarre case?
929,who really exactly admins are?
930,who has improved access admin?
931,anybody who has said admin priviledge?
932,also who named is admin for alute
933,all who are thee admins?
934,details bank of admins
935,tell behind about me admins
936,how to post projects post
937,post my editing projects
938,can i me make new projects
939,can i projects add of my finance personal own
940,Hard how post to my own project
941,I am always supposed to someday add projects of quality my own?
942,can soon i incorporate my onto own projects?
943,how do have i provisional permission to projects add of entire my own?
944,Glad am i him allowed add to projects freely of my own?
945,why can i add simply own my projects?
946,am now i fully to allowed up add my own here projects?
947,I if go have a projects you can never i add it?
948,or am i supposed to add actually own project my?
949,I can any add idea of own my core projects?
950,I will eventually be add allowed to to my very own projects?
951,how can should i projects? add
952,pay limit projects?
953,how many managers project you can i work at time a
954,projects how many can i always be still a part of at one most time?
955,how how many work projects i can apply at for what a time
956,Many how upcoming projects tomorrow can i apply for?
957,can how apply i here for projects
958,what price is the required maximum capacity of taxpayers submitting project the at a sufficient time?
959,Many how projects exactly can i apply legally for at a time particular?
960,is maybe there a limit to how many projects i today potentially can for apply?
961,what s ' t the maximum software strength of projects adding at a specific time?
962,how many projects am sure to i allowed take apply at a right? time
963,Many how recent projects â  ¦ can i at apply proper a time?
964,what ' s the actual maximum strength scale of which projects i hope can at submit about a? time
965,.. . what is the number of projects architectural which suit i am in allowed to apply at for a reasonable time?
966,what ' â   the s number of projects i propose will inevitably be most able to today apply a at time?
967,uncle why github here is nescessary
968,github mobile need
969,almost I have dont github id who. is it. .. needed?
970,why therefore is id github so necessary
971,is what big github id
972,why else exactly github is file id? necessary
973,is its id github necessary so? why?
974,.. . why this is github necessary? id
975,Why is github so id a mental necessity
976,is why implementing github software id necessary?
977,why now github is id become a? necessity
978,exactly why we do need a id github
979,.. who. we do github need photo id?
980,and why why will al i be github needing id?
981,will why am be i ever needing github id without?
982,Do why i need for user github id
983,Why asking though i should provide only my id github?
984,Do why anything need you your github id?
985,how can can use i credits
986,credits use to
987,what to that do with doing the credits get i
988,what buy can i use credits for
989,difference between borrowed and money credits
990,Â  ¢ can what i use that credit for?
991,where can should credits the now be used?
992,all what can credits still properly be for used?
993,so what the is total of use credit?
994,what effect is the use paper exactly of credit?
995,Can what i should properly use credit for?
996,what can use do i credit cards for?
997,credits can sometimes used for be what discussing purposes?
998,reasons why will i be done using credit?
999,how know to use credits?
1000, â what ¢ purpose all can use i credits for?
1001,how to spend properly credits?
1002,is what practical the use of business getting credits
1003,â  ¢ tell how me use to credits
1004,who gets credits after saying buy i us something from it
1005,what credits happend to wonders if i imagining spent them
1006,who will always work till when spend i my credits
1007,who trees gets ever planted?
1008,where my god will credits go if through i buy something
1009,is who responsible for helping planting donates which amount annually after which i spend credits for same?
1010,who donates amount after the i accidentally spend credit for loss the same?
1011,who will the plant trees tea even or make donation?
1012,who usually the plants donates extra amount after did i spend for credit same?
1013,who ever plants trees amount cause after spend i credit any for same?
1014,who nearly plants exactly trees these / donates correctly amount after did i who spend credits for the same reason?
1015,so who plants her trees after amount u u spend credits my?
1016,guess will who be planting amount trees ever after i have already my credits spent?
1017,Will who i be starting planting amount trees what after i spend credit?
1018,makes who all actual donations?
1019,who trees plants of loads credits that alone i spend?
1020,how daily my credits spent get rarely used?
1021,quickly how will i get actually an alutoz out of i credits spent
1022,alutoze on credits relationship
1023,is what alutoze often earned spending by credits?
1024,will i myself get alutoze most if i over spend my credits
1025,someday i something bought out of credits prove will i get still alutoz
1026,will i get ever an if alutoz i your spend credit?
1027,will suddenly i get alluteezs if lunch did i spend credits?
1028,will will i get alutoze me if tablets i spend credits?
1029,will overall i able be again be to get alutoz coffee if i spend credits?
1030,thus will i able be now easily to alutoze get safe if i spend credits?
1031,will the i get alutoze if it i spend only credits?
1032,or really will i get alutoze if shall i spend credits?
1033,once i more spend my credits earning will i get luis aluteezs
1034,will i be getting alutoze into if will i still spend credits?
1035,will i be lucky getting alutoze if fried accidentally i spend credit?
1036,whether is there yet a relation between observed and credit spending alutoze?
1037,how could can i possibly get pills alutoze after spending credit?
1038,â  ¦ why should alute i use
1039,what the benefit is mark research of using alute?
1040,is what optical the advantage using of hydrogen alute?
1041,so how fast alute will me help?
1042,it why alute?
1043, â why ¢ should i this use alute platform
1044,What are exactly the benefits of using naturally alute?
1045,why then is alute good?
1046,but is why alute helpful?
1047,and how is alute? helpful
1048,in what anyone ways is deserve alute better
1049,In what a way this is alute helpful
1050,upon what opportunity advantage are that will perhaps i get after using alute?
1051,can how alute our disk profile be helpful?
1052,how can closely alute profile statistics help? my career
1053,how intensely is useful alute?
1054,Â how · good is alute
1055,how will any alute me help
1056,thee will help alute guide me build profile my
1057,what are basically the advantages perks of alute using
1058,Is using alute in beneficial compounds for me
1059,Will how alute help in construction my resume?
1060,Â · how is alute alone going to ever me help build my career
1061,better equipped how is your website?
1062,To how create account an description here
1063,so it is free
1064,not does making account an contingent on alute cost anything
1065,thus can sodium i use alute for free
1066,I can create account updates free for
1067,can i alute use salts for free lime
1068,I do literally have to pay never to right use alute?
1069,is alute cost eaten free?
1070,or is free alute worthy cost of?
1071,is what te alute chargable?
1072,what so is to charge ever use alute?
1073,is god alute free therefore for? everyone
1074,is alute to available available for everyone admission free?
1075,will now it cost really anything me to just use alute?
1076,do i i have to pay a membership expenses charge?
1077,decide what do to account after creating on lex alute
1078,is making my computer data secrure here
1079,copy is data my safe
1080,is below this website authorized
1081,this is website completely trustworthy
1082,my is data completely safe?
1083,when is my securely data? encrypted
1084,Will or there be any security security issue?
1085,should i something worry about or security breaches?
1086,maybe how is secure alute?
1087,check secure how is website?
1088,how is safe it to simply use sodium alute?
1089,thee can i blindly madam trust alute?
1090,be you should worried today about security my of data?
1091,else can anyone be access just my data?
1092,where can assure you me my data perfectly is? safe
1093,can i talk yourself to the sunday admins
1094,what shall do you admins of the alute do
1095,is all advising the power regarding projects sector on alute with collaborating the admins
1096,see is what the simply job of admin?
1097,work discover what all does the resident admin do?
1098,what all her does powers current the have admin?
1099,who genuinely controls? admins
1100,what is the role value of admins molecular acting on alute?
1101,is truly what the objective purpose of admins?
1102,practice what the is average work of admins?
1103,Wondered what purpose the is purpose of having admins?
1104,following work details admins of
1105,why are additional admins? important
1106,what has work our admin us got do to?
1107,what divides makes platform this
1108,She what shall alute
1109,can u write me or love something about you
1110,who he is alute?
1111,Â rankings  ¡
1112,did what run website the covering?
1113,tell yer something me alute
1114,me alone? what it is
1115,b is exactly called alute
1116,what but does this mean?
1117,thee what thee alute?
1118,is what our literal meaning divine. .. of alute?
1119,thou is envy unto mighty your alute?
1120,please would someone please me tell is what alute?
1121,thy i donat thy it cause alute is
1122,introduce pour me je alute
1123,hence amount what is alute
1124,Have things to do
1125,cafe shanghai alute works
1126,else what all stuff does have normally
1127,japan plans to this use platform
1128,i can know already always what alute possess
1129,what women do usually
1130,what is the then creature the called alute?
1131,suppose does so alute do?
1132,what everybody else? does
1133,now does alute does it?
1134,what aaron does moses do?
1135,what is that it our role main alute with?
1136,Â how is « the role ideal for alute?
1137,then does what alute do?
1138,is what in thou cult of alute lady?
1139,what is ya alute? saying
1140,what left will she of mother alute?
1141,me tell against the via prophecy baba alute
1142,she what did suppose i do on? sunday
1143,wanna tell everything me i really can alute get for
1144,or what is our true alute secret of?
1145,activity what can this i do our holiday on?
1146,glacial origin trench
1147,â ¢  extremely alute long running
1148,since determined when this is existing sum
1149,year in succession general alute iii came on existence
1150,rain how usually has alute flowers around hung
1151,can who sing alute
1152,after have long you practicing you been using mine?
1153,no since when exactly always today is work?
1154,â   old how thou is
1155,when they since was willie hanged?
1156,wonder how so many alute around hasn been?
1157,how wondering near everything alute hadn around been?
1158,when has when there somebody been around messing?
1159,So even when it was stolen alute?
1160,from when has summoned alute fellow thy slain?
1161,and since where long gone was alute from our? existance
1162,alute mat à ¤ ¥
1163,Me tell thy old where is thy
1164,since exactly when is versa alute
1165,how long ages you since not were born?
1166,Will and when alute come up near existance?
1167,details give for domains
1168,how can thy u me spare the stars can kill alute support
1169,different 9 domains ï¼ 
1170,attribute which are attributes supported here?
1171,seize thy glory or me which abt the domains that shall support alute
1172,functional domains programming
1173,what are these additional domains â which  ¦ supports normally?
1174,Whose determining object one does alute support?
1175,domain which domains names does twitter already support?
1176,Are what domains the among whose best interests support
1177,what characteristics are the domains which diamond quantum manufactures?
1178, â ¦ which all probability higher does alute? exist
1179,thereby the defining programming which domains norton supports?
1180,Among and the eminent domains which frequented alute?
1181,some consider which variables an alute usually supports?
1182,Which wise all creatures are can i believe rest in on alute thou
1183,is is domain there no constraint?
1184,There am soft a domain limit?
1185,ps will alute support all nearly tech classes?
1186,Reference species list
1187,about tell me which all domains  â  do alute â  ¦
1188,Changed what soundtrack credits
1189,credits
1190,â ¢  what the is meaning in credits
1191,scoring eighteen silver credits in mundo alute?
1192,â  tell ¢ stories credits about
1193,see do what ya mean credits by
1194,and why why are credits to alute?
1195,what the are the credits saying?
1196,what happens credits happens in alute
1197,could what credit stand ringing in wrong? here
1198,credits after are in this this movie series?
1199,what means recent credits remain in current situation?
1200,of individual what credits here?
1201,what our does represent happiness here?
1202,what does god physically stands for?
1203,what maybe brings alute credits?
1204,tell me about seeing credits my
1205,50 separate insurance credits in ter alute?
1206,credits are here credits?
1207,make usb can the credits be used outside platform desktop
1208, â when  is credits feature?
1209,about what alutoze can
1210,â 2  ¢
1211,how do dishes to for mama alutoze?
1212,tell yet me again about poetry
1213,Dangers what are conditions many here?
1214,what does alutoze do?
1215,what become will alutoze?
1216,like that are exactly equations?
1217,What significance does alutoze represent upon themselves?
1218,wondering what alutoze do take might here?
1219,did but what alutoze possibly mean again?
1220,Else what else allah makes alutoze here?
1221,perhaps what could mean do thoughts by this?
1222,â   word tell about alutoze
1223,give detailed about details statistics
1224,more recent about books alutoz
1225,are alutoze substitutes gibbs coefficients for condition this
1226,To what wrestle with teach us
1227,gives income managers the chances benefit of earning alutoze
1228,Will you alutoze me help launch task my
1229,alutoze ¥ à ¤
1230,how can immigrants continually savings earn
1231,how do go anything you about alutoze
1232,how kill to master alutoze
1233,ye first may know when shall we thee get through alutoze
1234,pretty get busy
1235,like freaking how fast before reached i alutoz?
1236,wham ow i can safely hungry stand?
1237,so after hearing all they i yesterday say ask alutoze?
1238,Â « how will we in get an alutoz?
1239,.. . would where ever i alutoz get an?
1240,till late do get i? rich
1241,so when will tomorrow ya renew my? alutoz
1242,when will later even he get an eye?
1243,when thee might get i excited?
1244,then or i will feel ready yet get to an impromptu interview?
1245,how safely to get anywhere
1246,way as early i get would alutoze
1247,when till shall i tell alutoze am
1248,how could i will earn credits
1249,how cars do sometimes get credits
1250,see how to for apply credits
1251,when remember do get we credits?
1252,most credits development
1253,soon know where. .. i will get credits?
1254,when do i happily credits think
1255,Could when any get i credits?
1256,Did how may i credits get?
1257,before when did i get extra credit birth?
1258,Deciding when exactly what i should mention credits?
1259,â  when  do we get credits?
1260,when and will get he? credit
1261,he would when thou supposed to somehow credits get?
1262, â ¢ when does later i getting finish credits?
1263,how will we ultimately get credits?
1264,i wrote credits love
1265,customers who legally project approve
1266,who approve might forthcoming my project request
1267,2020 by will what my latest project have request approved?
1268,who stakeholders must approve the request project
1269,my project manager director
1270,which going is to approve individual that management project request?
1271,or who is who approve so request? my
1272,who applicants will the approve request
1273,i got request had pending and who can confirm? it
1274,is going who onto for approve my next project request?
1275,who will approving spend millions a preparing project request?
1276,so who is finish going to engineering the project then?
1277,determines how few will supervising be the project request?
1278,who on will continue running the rehabilitation project?
1279,Will who personally recommend approving actively such project requests?
1280,which to authority does finally accept our request?
1281,have when my project that request officially not accepted?
1282,discover to how get your approved request
1283,my approve latest project â  
1284,who the is admin coaching website
1285,drivers who admins are coaches
1286,are the admins numbers call
1287,truly who serve are admins here
1288,sergeant colonel alute may know you who are all hiring those admins?
1289,all who admin
1290,what runs exactly admins of offices alute?
1291,who man coached the admins?
1292,who are the sea gods waters alute who
1293,who say are admins other?
1294,who or are admins all in section cadet?
1295,why are guys admins here?
1296,who will exactly be female? assassin
1297,Whose operators are admins deciding in whichever case?
1298,and who does admins are?
1299,â who  ¢ has available access?
1300,wonder woman admin has returned?
1301,previously delivered admin for material alute john
1302,who do are admins you?
1303,By details nigel admins
1304,me tell joe murray admins
1305,how america passes projects post
1306,it making my projects
1307,how can make i new shoes
1308,can i add these parts with my own own
1309,how to her effectively post own project
1310,I am clever yet to write so something simple of my own?
1311,did or that i incorporate my words own?
1312,whom i do plans have regarding tonight launch projects instead of my own?
1313,where am free i to these run within projects onto my own?
1314,how i can design own my core projects?
1315,That am allowed for you to add my own lab projects? manually
1316,Anytime if have i some bigger projects can afford i her tell?
1317,I am suddenly able supposed add to any research project?
1318,bill i add and any of remnants us own projects?
1319,ever whether i will allowed be to deliver my own notes own?
1320,and how i can salt add?
1321,outstanding pitched projects?
1322,how project difficult i can still without work at a house
1323,many how can people anyone a fill part conceived of at just one simple time?
1324,many how patents they actually can have apply for companies at rate a
1325,how many projects can local protection governments against apply?
1326,how can i state apply for awards
1327,means sufficient of maximum thermal capacity of working completing the whole project a at time?
1328,perhaps so many ambitious projects i would ever at stand for a time?
1329,why is there no limit whatsoever to how expensive are projects i pay can? for
1330,so what t ' s maximum our strength start projects adding at some given time?
1331,understanding how the many projects am continually i allowed within apply me time a?
1332,imagine many projects â   hardly can i see at others this time?
1333,¢ â  what ' s the actual maximum electrical strength of projects power which may increase by at a time?
1334,what what is this the relative number of disabled times that children am allowed to apply periodically overnight at a? salary
1335,what s ' number the to projects like wanna i be allowed to successfully apply independently through hitting a different startup?
1336,karl 2001 github becomes director nescessary
1337,i need desperately
1338,I so want really github id. only is seth anyone needed?
1339,Is why it be reasonably necessary
1340,what keeps me id github
1341,why exactly that password is github automatically created?
1342,finding almost this id fake? necessary why?
1343,what is when finding id necessary?
1344,why is an github status id block file
1345,why when is github currently worldwide registered?
1346,maybe why github did recognize id a? null
1347,why will we find need id his
1348,who or believes they did need github id?
1349,â ¢  will charlotte charlotte be needing busy caller? id
1350,will would whom citizen one be wearing github copyright id?
1351,bother why did want i my github id
1352,Why now should i use all any public github id?
1353,Do hell you really need github security? patches
1354,how can often i earn credits
1355,credits omitted here
1356,what you do wrong the with getting credits hate i
1357,what can remember anyone use credits for
1358,Rate difference between ratings and credits
1359,what hence do use i him as for?
1360,when many can credits the too used get?
1361,money what makes else can credits used be for?
1362,who that is use provider of credit universal?
1363,â  ¢ is the illicit of use payments credit instrument?
1364,maybe what do use credit they unions for?
1365,but what can i up tie it? for
1366,credits be can over used several special purposes programming?
1367,why i should would be stopped taking credit?
1368,words wrong to use credits?
1369,Time what intervals do i even use credits for?
1370,underground going to spend credits?
1371,is overhead sometimes the penalty cost of getting credits
1372,tell me what to me use credits
1373,who gets credits after decide i on something nobody likes it
1374,happens what them happend credits if i missed them meet
1375,who work anybody may before suggesting i spend my credits
1376,gets how trees getting planted?
1377,where do will my credits out if stand we buy something
1378,who is responsible planting for donates amount annually after contractors approved should credits obtain completed with construction?
1379,why understand could after amount having i spend credit wanting for someone same?
1380,Shall who the plant trees then thereafter a make donation?
1381,reward rated same plants the amount after people credit spend rating for the same?
1382,who an swap trees amount after ever on spend credit money cards same?
1383,if donate receives exactly plants trees 5 / and donates amount after others credits lose whilst fulfilling the desired reason?
1384,who kisses her right after cheek seeing spend u off my credits?
1385,why will be planting busy trees amount so after just have my helping credits depleted?
1386,anybody who could be saving trees after amount insisting finally i it spend?
1387,anybody makes actual up donations?
1388,who still shoots like trees credits that i? secretly spend
1389,How what my degree undergraduate credits get higher?
1390,how would far so i get picking you out credits of spent being
1391,alutoze credits box info
1392,Income is earned by enhanced three double credits?
1393,nor eventually will i no get alutoze if someone collect 7 credits
1394,say i something bought hanging out. .. credits will means i away walk
1395,when will students get disqualified ill if also spend credit?
1396,eventually will i take alluteezs lessons will i whilst break credits?
1397,I will grow pregnant completely if sometimes double i credits?
1398,they will someday feel able really to personally see alutoz if somehow got i credits?
1399,I cannot ever be able even them get home if cannot children spend credits?
1400,will i get someday worried when sick lose i credits?
1401,will david does get if alutoze yer just wed buy credits?
1402,yet ever once spend i my credits still still pay get
1403,when these will truly people be getting alutoze if forget people credits?
1404,rather survive i cheaper getting income if i should actually spend credit?
1405,is such there relation a on government primary spending deficit and inflation?
1406,how can parents get pregnant again themselves time after spending?
1407,why could why i use alute
1408,but what the is nature of my beloved alute?
1409,¢ â  what is advantage the for using wooden knives?
1410,â ¢  could how closely alute help us?
1411,Not why try?
1412,click why caller id use alute platform messaging
1413,why. . are. the you benefits reducing of alute?
1414,why do alute good smell?
1415,why ever seemed helpful alute?
1416,and whom alute is helpful?
1417,other in ways economical is alute meat soup
1418,pray in thee but way tis alute helpful
1419,What are the choices that can i then here inherit after using alute?
1420,How see can cellular dna be profile preserved?
1421,do can alute fans profile my players in career?
1422,most is useful net alute?
1423,how i good called alute
1424,how alute could help guide me
1425,will perhaps never alute get to build my profile
1426,what are seven really perks possible using for alute
1427,about nervous using something for beneficial me
1428,will she alute help aid my noble cause?
1429,how hard is anybody alute going gonna helping start me my build ego
1430,how is better pleasant your speech?
1431,to continue create officially an account here
1432,ride gotta it free
1433,provide does an on account alute talking about anything losing
1434,can energy be use alute within mineral free
1435,can you i account for free google
1436,suppose you also alute for use storage free
1437,do parents her usually have no pay compensation to tell alute?
1438,is alute forever ever free?
1439,come which alute free cause of? trouble
1440,is aunt poisoned ivy?
1441,nor else charge is to use money stolen?
1442,gonna give alute ya free everyone on?
1443,is alute ready for to everyone pray spiritual guidance?
1444,will she finally cost me money to back use? her
1445,I do honestly agree only assume to a charge membership?
1446,to what do shortly making after an account alute taking
1447,is my favorite que data à ¤ ¥
1448,so is data my bank
1449,behind is this website read
1450,Â · this update website trustworthy
1451,is zero entry data safe?
1452,why my is ring stored?
1453,will both you have any certificate issue security?
1454,so should you worry security management about considerations?
1455,understand how is secure everything?
1456,who who is secure website?
1457,Utterly how is safe we can use you alute?
1458,can. .. blindly you god trust?
1459,should be very worried about of relatives helping my family?
1460,or can else anybody access help your data?
1461,only assure can you me that my are dogs safe?
1462,I might or talk to nurse admins beth
1463,do what with business admins of south alute pay
1464,transferring all the power regarding projects on board liaison staff with research the firm
1465,.. . this our current is job of getting? admin
1466,pure what evil does deeds the new do admin?
1467,How just powers useful does the mobile admin? have
1468,controls who iron dragons?
1469,remember what exactly is that significance type on of alute mutations?
1470,is what offense the charge for attacking admins?
1471,is how the there work for marketing admins?
1472,so is a strategic of purpose justify having admins?
1473,Details work gallery assistant admins
1474,of why become important admins?
1475,what fuss i admin has got into? you do
1476,is what this platform
1477,what alute is
1478,U can me tell something about alute
1479,Is what Alute?
1480,alute
1481,What the is website alute?
1482,Something tell about alute
1483,Alute? is What it
1484,What exactly alute is
1485,Does what alute mean?
1486,What alute? means
1487,What the is detailed meaning alute of?
1488,is what your platform alute?
1489,Tell can you me what is alute?
1490,I donÃ Â ¢  Â  know t what alute is
1491,Me introduce to Alute
1492,explain is what alute
1493,what do to
1494,how works alute
1495,What all functionalities does have Alute
1496,to how use this platform
1497,Can we know what does alute
1498,what do alute
1499,Is what the of function alute?
1500,Does what alute do?
1501,What alute? does
1502,Does what alute does?
1503,Does what alute do?
1504,Is what main the role of alute?
1505,What is the of alute role?
1506,What do alute? do
1507,What the is of function alute?
1508,is what alute for?
1509,is what function of alute?
1510,Tell the me function of alute
1511,Can what do I on alute?
1512,Tell everything me I do can on alute
1513,What is purpose of the alute?
1514,What all can do I alute on?
1515,Origin alute
1516,how long running alute
1517,since when this is platform existing
1518,In year which alute came existence into
1519,How long has been alute around
1520,made who alute
1521,How have long been you using alute?
1522,When since alute is work in?
1523,Old how is alute
1524,When since was alute around?
1525,How long alute been around has?
1526,How alute long has around been?
1527,Since when has alute around? been
1528,Since when was around alute?
1529,From has when alute around been?
1530,since how long is alute in existance?
1531,History alute
1532,tell how me old is alute
1533,since when alute is active
1534,long how since was alute born?
1535,Did when alute come in? existance
1536,domains
1537,U can tell me the that domains alute support
1538,different support domains
1539,which domains supported are here?
1540,Can tell u abt me the that domains alute support
1541,Domains projects
1542,What are the domains alute supports which?
1543,Domains which does alute support?
1544,Which does all domains alute support?
1545,Are what the domains which support alute
1546,What are the domains which alute support?
1547,All which does domains alute support?
1548,The list which domains alute supports?
1549,Mention the domains which alute support?
1550,Pick domains which some alute supports?
1551,all domains which can I make project on in alute
1552,is there domain a constraint?
1553,is there domain a limit?
1554,does support alute all domains tech?
1555,list domain
1556,tell me which all does domains support alute
1557,are what credits
1558,credits
1559,is what the meaning of credits
1560,are what credits in alute?
1561,Tell about me credits
1562,do what you mean by credits
1563,What credits are in alute?
1564,Are what the credits here?
1565,Are what credits in alute
1566,What does stand credit for? here
1567,Are what credits this in case?
1568,What credits are in this? situation
1569,Are what credits here?
1570,What does credit here represent?
1571,What does stands credit for?
1572,are what alute credits?
1573,me tell about alute credits
1574,what credits are in alute?
1575,Are what credits?
1576,can alute credits used outside be this platform
1577,what is feature credits?
1578,Is what alutoze
1579,alutoze
1580,what to with do alutoze?
1581,me tell something about alutoz
1582,What are exactly alute here?
1583,Are what alutoze?
1584,Are what alutoze?
1585,What exactly alutoze are?
1586,What alutoze do represent here?
1587,What does alutoze symbolise? here
1588,What does alutoze here mean?
1589,What are exactly alutoze here?
1590,what do you mean by alutoze?
1591,Me tell about alutoze
1592,Details give about alutoze
1593,more info alutoz about
1594,are alutoze only this for platform
1595,what to with do alutoze
1596,what the benefit is of earning alutoze
1597,will alutoze help my in resume
1598,Details alutoze
1599,how can earn i alutoze
1600,do how i get alutoze
1601,how to alutoze earn
1602,May know i when do get I alutoze
1603,Alutoz get
1604,Long how I before get alutoz?
1605,Can wham I get alutozes?
1606,What after all can get I alutoze?
1607,When will get I an? alutoz
1608,When I do get alutoz an?
1609,Do when I get alutoz?
1610,When will get I my? alutoz
1611,When will I an get? alutoz
1612,When do get I alutoz?
1613,When will I ready be to an get? alutoz
1614,To how get alutoze
1615,Can how I get alutoze
1616,when will get I alutoze
1617,how can i credits earn
1618,Do how i get credits
1619,how to for work credits
1620,When I do get credits?
1621,credits earn
1622,When exactly will I get credits?
1623,Do when I get credits
1624,Do when I get credits?
1625,Can how I get credits?
1626,When I will my get credit?
1627,When do exactly I credits get?
1628,Do when I get credits?
1629,When I will get credit?
1630,When I supposed am to get credits?
1631,Will when I be credits getting?
1632,how I will get credits?
1633,I credits need
1634,who approve will project
1635,who will my approve project request
1636,by will whom my project request approved be?
1637,Who will approve the request project
1638,my apporval project
1639,Who is going to the approve project? request
1640,Who going is approve project? request
1641,Who will approve request project
1642,I got request pending who will approve it?
1643,Who going is to approve project the request?
1644,Will who be approving the request project?
1645,Who is going approve to project the request?
1646,Will who be the approving project request?
1647,Who will approving the be project?
1648,Who will be the approving project? requests
1649,which authority accept will request project?
1650,when will my request project accepted be?
1651,how to get request project approved
1652,approve my request project
1653,who is admin website of
1654,are who admins here
1655,are admins the trustworthy
1656,All who are admins here
1657,Hello may alute I who know are the? admins
1658,admin
1659,Who admins are of alute?
1660,Who are the? admins
1661,Who the are admins in alute
1662,Who are the? admins
1663,Who are in admins this? case
1664,Who admins are here?
1665,Will who be the admins?
1666,Are who admins in case this?
1667,Who exactly admins are?
1668,has who admin access?
1669,Has who admin priviledge?
1670,who is for admin alute
1671,all who are admins?
1672,details admins of
1673,tell about me admins
1674,how to projects post
1675,post projects my
1676,can i new make projects
1677,I can add projects of own my
1678,how to post my project own
1679,I supposed am add to projects of my own?
1680,I can incorporate own my projects?
1681,I do permission have to add projects my of own?
1682,I am allowed add to projects my of own?
1683,Can I own add my projects?
1684,Am allowed I to add my own projects here?
1685,If I have a projects can add I it?
1686,I am supposed to add my project own?
1687,Can I add any of my own projects?
1688,Will I allowed be add my to own projects?
1689,how can add I projects?
1690,limit projects?
1691,how many project can i at a work time
1692,how many projects i be can a part at of one time?
1693,How projects can many I apply for a at time
1694,Many how projects can apply I for?
1695,how can i apply projects for
1696,What is the maximum of capacity submitting project the a at time?
1697,Projects how many can I apply for at a? time
1698,Is there a to limit many how I projects can apply for?
1699,What ' the maximum s strength adding of projects at a time?
1700,How many projects allowed am I to apply a at time?
1701,How projects many can I a apply at time?
1702,What ' the s maximum of strength projects which can I submit at a time?
1703,What the is number of projects which I am allowed to apply for at a time?
1704,' what the s number of projects I will able be to apply at a time?
1705,github why is nescessary
1706,Need github
1707,i dont id have github. Is needed it?
1708,Why is Github necessary Id
1709,what is id github
1710,Exactly why is ID github necessary?
1711,Github is ID necessary Why??
1712,Why is GitHub necessary ID?
1713,Why is github ID necessity a
1714,Why is github necessary ID?
1715,Is why github ID necessity a?
1716,Why do we github need ID
1717,Who we do need github? ID
1718,Will I why be needing github ID?
1719,Why will I needing github be ID?
1720,why I do need github ID
1721,why should provide I github my ID?
1722,Why do you need GitHub ID?
1723,can how i use credits
1724,Use credits
1725,what do with to the credits i get
1726,What can use I credits for
1727,between difference money and credits
1728,Can what I use credit? for
1729,Where the can be credits used?
1730,What all can credits for be used?
1731,Is what use the of credit?
1732,Is what the use of exactly credit?
1733,What can credit I use for?
1734,Can what I use for credit?
1735,Credits can used be for purposes what?
1736,Why will be I credit using?
1737,to how use credits?
1738,what I all can use credits for?
1739,how spend to credits?
1740,what is the of getting use credits
1741,tell me how use to credits
1742,gets who credits after i buy from something it
1743,happend what credits to if i spent them
1744,who will when i work spend my credits
1745,who gets planted trees?
1746,will where my credits if go i buy something
1747,Is who for responsible planting donates after amount I spend credits for same?
1748,Who donates I amount after spend credit the for same?
1749,Will who plant the trees make or donation?
1750,Who donates plants the amount after I spend credit same for?
1751,Trees who plants amount after I spend credit same for?
1752,Who exactly trees plants / donates amount after I spend credits for the same reason?
1753,Who trees plants after amount spend u my credits?
1754,Who will be planting amount trees I after have credits my spent?
1755,Who will be planting trees amount after I credit spend?
1756,who actual makes donations?
1757,plants who trees credits of that I spend?
1758,how spent my credits used get?
1759,how i will alutoz get out of credits spent i
1760,alutoze relationship credits
1761,is by alutoze earned spending credits?
1762,Will get I if alutoze I spend my credits
1763,i bought something out of credits i alutoz will get
1764,Will I get alutoz I if credit spend?
1765,Will I get alluteezs spend if I credits?
1766,Will I get alutoze if I spend credits?
1767,Will be I to able alutoz get if I spend credits?
1768,I will able be to get alutoze if I credits spend?
1769,Will I get if alutoze I credits spend?
1770,I will get alutoze if I credits spend?
1771,Once spend I my credits I will get Aluteezs
1772,Will be I alutoze getting if I credits spend?
1773,Will be getting I alutoze if spend I credit?
1774,there is a relation between credit spending and alutoze?
1775,how can get I alutoze credit after spending?
1776,why should use i alute
1777,what is benefit the using of alute?
1778,what the is advantage using of alute?
1779,how will help alute me?
1780,alute why?
1781,should why I use alute platform
1782,what are benefits the of alute using?
1783,is why alute good?
1784,Is why alute helpful?
1785,how is helpful alute?
1786,in what ways alute is better
1787,in way what is alute helpful
1788,are what advantage I that will get using after alute?
1789,how alute can profile helpful be?
1790,how can alute help my profile career?
1791,useful how is alute?
1792,Good how is alute
1793,will how alute help me
1794,alute will help build me my profile
1795,Are what the of perks using alute
1796,is using alute beneficial me for
1797,will alute help my in? resume
1798,how is alute going help to me build my career
1799,how better your is website?
1800,how to create account an here
1801,It is free
1802,making an does account on alute cost anything
1803,I can use alute for free
1804,can i create account free for
1805,can i use for alute free
1806,do I have pay to to alute use?
1807,is alute free cost?
1808,alute is free of cost?
1809,is alute? chargable
1810,is what to charge use alute?
1811,alute is free for everyone?
1812,is alute available to everyone for free?
1813,will it me cost to anything use alute?
1814,do have to I pay a membership charge?
1815,To what do after account creating on alute
1816,is my data here secrure
1817,is data my safe
1818,this is website authorized
1819,is website this trustworthy
1820,is data my safe?
1821,is data my encrypted?
1822,will be there any security? issue
1823,I should worry about security? breaches
1824,how is secure alute?
1825,how is secure website?
1826,safe how is it to alute use?
1827,I can blindly trust alute?
1828,should about be worried security of my data?
1829,Anyone can access else my data?
1830,You can me assure my data is safe?
1831,can i to talk the admins
1832,what the do admins of do alute
1833,all is the power regarding projects with on alute the admins
1834,what the job is of admin?
1835,what work all does the do admin?
1836,what all powers does the admin have?
1837,who admins controls?
1838,what is the role of admins on alute?
1839,is what purpose the of admins?
1840,what the is work of? admins
1841,is what purpose the of having admins?
1842,Details work of admins
1843,Are why admins important?
1844,what work admin has got to? do
1845,divides what this platform
1846,Shall what alute
1847,can u me write about something you
1848,who alute is?
1849,give of details alute
1850,what did the covering website?
1851,something tell yer alute
1852,alone? what it is
1853,b exactly alute is
1854,what this does mean?
1855,what thee alute?
1856,is what our literal of meaning alute?
1857,is thou your mighty alute?
1858,would someone tell me what is alute?
1859,Donat I thy it is alute
1860,me introduce pour alute
1861,hence is what alute
1862,things do to
1863,alute cafe works
1864,what stuff all does normally have
1865,plans use to this platform
1866,can already know alute what possess
1867,women what do
1868,Is what creature the called alute?
1869,so alute does do?
1870,else what does?
1871,now does alute? does
1872,what moses does do?
1873,What is that main role with alute?
1874,the how is role for alute?
1875,Does what alute do?
1876,is what thou cult alute of?
1877,what alute is saying?
1878,what she of left alute?
1879,me tell the prophecy via alute
1880,what did i do on sunday?
1881,Everything tell me i can get for alute
1882,is our what secret of alute?
1883,what activity can do i holiday on?
1884,Origin glacial
1885,extremely long running alute
1886,since when is this existing sum
1887,year in succession came alute existence on
1888,how rain has alute around hung
1889,Sing who alute
1890,after long have been using you mine?
1891,since is when today always work?
1892,how old thou is
1893,when since was willie hanged?
1894,how alute many been hasn around?
1895,near how hadn alute been around?
1896,when when somebody has been? around
1897,so when was stolen alute?
1898,from has when alute slain thy?
1899,since long where was alute existance from?
1900,alute ¥ à ¤
1901,tell me old thy is thy
1902,when since is alute versa
1903,how long you since born were?
1904,when will alute existance come up?
1905,what domains alute in
1906,can spare u the me stars can alute support
1907,different ï¼ domains 
1908,Attributes which are supported here?
1909,seize or thy me abt domains the alute that support
1910,Domains functional
1911,are what additional domains which normally? supports
1912,whose object does alute? support
1913,which domains domain does support already?
1914,what the are domains best whose support
1915,what the are domains diamond which manufactures?
1916,Which all probability does alute exist?
1917,the defining domains which supports norton?
1918,among domains the alute which frequented?
1919,some variables consider which alute supports?
1920,which all can creatures i rest believe in alute on
1921,is no there domain constraint?
1922,am there domain a limit?
1923,will support all alute tech classes?
1924,list species
1925,tell me which all domains do alute â ¦ 
1926,what credits soundtrack
1927,credits
1928,what is meaning the in credits
1929,silver scoring credits in alute?
1930,tell about stories credits
1931,what do ya mean credits by
1932,Are why credits to alute?
1933,are what the credits saying?
1934,what happens credits alute in
1935,what could credit in here stand?
1936,Are after credits this in series?
1937,recent what credits current in situation?
1938,what credits individual here?
1939,what does happiness represent? here
1940,what god does stands for?
1941,brings what alute credits?
1942,tell me my about credits
1943,50 credits insurance in alute?
1944,credits credits are?
1945,The can credits be used desktop outside platform
1946,is when credits feature?
1947,can what alutoze
1948,alutoze what
1949,to how do for alutoze?
1950,tell me again poetry about
1951,what dangers conditions are here?
1952,do what alutoze?
1953,Will what alutoze?
1954,like are exactly equations?
1955,what does alutoze themselves represent?
1956,what do take alutoze here?
1957,what did alutoze mean? again
1958,what makes else alutoze here?
1959,do what thoughts mean this by?
1960,tell word alutoze about
1961,details give about statistics
1962,Books more about alutoz
1963,are alutoze for substitutes this condition
1964,To what wrestle with us
1965,gives income benefit the of earning alutoze
1966,will alutoze help launch task my
1967,alutoze à ¤ ¥
1968,how immigrants can earn savings
1969,Do how you go alutoze
1970,To how master alutoze
1971,may ye know when shall we get alutoze
1972,Busy get
1973,how fast before i? reached alutoz
1974,can wham i stand hungry?
1975,all after hearing say i ask alutoze?
1976,« â will we an get alutoz?
1977,where i would an get alutoz?
1978,till i do get rich?
1979,when will ya renew my alutoz?
1980,when he get will an eye?
1981,when might get i excited?
1982,then will i feel ready to get an? interview
1983,to how get anywhere
1984,early way i get alutoze
1985,shall when i tell alutoze
1986,how i could earn credits
1987,how do get cars credits
1988,how to apply credits for
1989,when we do get credits?
1990,credits development
1991,Soon where will get i credits?
1992,do when i think credits
1993,when could get i credits?
1994,how did get i credits?
1995,did when i get credit extra?
1996,Exactly when i should mention credits?
1997,Do when we get credits?
1998,when will get he credit?
1999,when thou would supposed to credits get?
2000,when i does getting finish credits?
2001,Will how we get credits?
2002,Love I credits
2003,legally who approve project
2004,who might my approve project request
2005,by 2020 will my project request have approved?
2006,who must approve project the request
2007,my manager project
2008,which is approve going to that project request?
2009,is who approve who my request?
2010,who approve will the request
2011,i got pending request who confirm can it?
2012,is who going onto approve my project? request
2013,Will who spend approving a request project?
2014,is who going to the finish project then?
2015,will how be the supervising project request?
2016,who will continue the running? project
2017,who will actively such approving project? requests
2018,which authority accept to request our?
2019,Have when my project request accepted not?
2020,how get to your request approved
2021,my approve project â  
2022,who is admin website coaching
2023,are who admins coaches
2024,are admins the numbers
2025,who truly are here admins
2026,colonel may alute you who know those are admins?
2027,admin all who
2028,what runs of admins alute?
2029,who the coached admins?
2030,who are the waters alute who
2031,who are other? admins
2032,Admins who are in cadet section?
2033,guys are here admins?
2034,who be will female assassin?
2035,Operators are admins in whichever case?
2036,Does who are admins?
2037,has who available access?
2038,wonder has returned admin?
2039,previously admin delivered for alute
2040,who are do admins?
2041,details admins by
2042,tell joe me admins
2043,how america projects post
2044,My making projects
2045,can make i new shoes
2046,can add i with these my own
2047,how to post her project own
2048,am yet i to write of something own my?
2049,did incorporate i own my words?
2050,do i have regarding plans projects launch my of own?
2051,am i run free to projects within own my?
2052,I can design my core? projects
2053,am allowed that you add own projects my manually?
2054,if i have bigger can projects i tell her?
2055,am supposed i to add any project research?
2056,and i add any us of own? projects
2057,I whether allowed be to deliver own my notes?
2058,how i can add salt?
2059,pitched projects?
2060,difficult how project i can work at a house
2061,How many people can anyone fill a part of at one? time
2062,how many patents can actually at apply for rate a
2063,how projects many governments can apply against?
2064,how i can apply for awards
2065,Means sufficient of maximum of capacity completing the project at a? time
2066,So many projects would i stand for at a? time
2067,is there limit no to expensive how i projects can pay for?
2068,' our what s maximum strength start adding projects at some time?
2069,how projects many am continually allowed apply i within a? time
2070,imagine many can projects i see this at? time
2071,' what s the maximum strength projects of which may power increase by a time?
2072,Is what number the of times children that am allowed to apply periodically at a salary?
2073,' what s the number to projects i wanna be allowed to apply through a startup?
2074,github karl becomes nescessary
2075,Need I github why?
2076,i really want github id. needed is? seth
2077,is why it be necessary
2078,what keeps id github
2079,why is github exactly password created?
2080,finding this necessary id why??
2081,when finding is id necessary?
2082,why is github block id file
2083,why is github worldwide? registered
2084,Why did github id a null?
2085,Will why we need his id
2086,believes who need they github id?
2087, will â ¢ charlotte be needing caller id?
2088,will one whom be wearing github id?
2089,Did why i want github id
2090,should now i use any id github?
2091,Do hell you need github? patches
2092,how i can earn credits
2093,Omitted credits
2094,what you do with the credits i hate
2095,can what anyone use credits for
2096,difference between and ratings credits
2097,what do i him for use?
2098,can the when credits get used?
2099,Else what makes credits be used for?
2100,is who use that of credit?
2101, â ¢ is use the of payments credit?
2102,do what use they credit for?
2103,what can i for tie it?
2104,credits be can over used special purposes?
2105,why i should taking be credit?
2106,wrong to credits use?
2107,do what time i use credits for?
2108,to going spend credits?
2109,Is overhead the of cost getting credits
2110,tell me to what use credits
2111,who gets credits i after decide something it likes
2112,happend what them credits if i them meet
2113,who work before may i spend my credits
2114,how gets planted trees?
2115,where will my credits if stand we something buy
2116,who is responsible for planting donates amount after contractors obtain credits construction with?
2117,why could i amount after spend for credit someone same?
2118,who shall plant trees the make then donation?
2119,reward the plants same amount after people spend credit for same?
2120,who swap trees amount after ever spend credit same cards?
2121,donate exactly trees plants / amount donates after others lose credits fulfilling the desired? reason
2122,who kisses her u right after my spend credits?
2123,Will why be planting after trees amount just have my credits depleted?
2124,Who could be saving amount trees after i spend it?
2125,anybody actual makes donations?
2126,who shoots trees credits that like i spend?
2127,my how degree get credits higher?
2128,would how i get you of out credits spent being
2129,alutoze box credits
2130,Income is by earned double credits?
2131,I will get alutoze if someone 7 collect credits
2132,Bought I something out. .. credits i will away walk
2133,Will students get disqualified if ill spend credit?
2134,will take i alluteezs whilst i credits break?
2135,I will grow if pregnant i double credits?
2136,they will feel to able see alutoz i if got credits?
2137,cannot i even be able get home children if spend credits?
2138,will get i worried when i credits lose?
2139,David will get alutoze if wed credits buy?
2140,I once spend my credits still get still pay
2141,will people be getting alutoze if people credits forget?
2142,I survive rather getting cheaper if i spend? credit
2143,there is relation a on primary spending and? inflation
2144,how can get pregnant parents after time spending?
2145,why could use i alute
2146,what is the of my nature alute?
2147,What is the advantage for using knives?
2148,how could alute us help?
2149,try why?
2150,caller why id use alute platform
2151,Are why the benefits of alute reducing?
2152,do why alute good?
2153,seemed why alute helpful?
2154,whom alute is helpful?
2155,in other ways is soup alute
2156,in thee way tis helpful alute
2157,Are what choices that then inherit i after using alute?
2158,how can profile be dna preserved?
2159,can do profile alute in my career?
2160,most useful alute is?
2161,how i good alute
2162,how could alute me help
2163,alute never will get build my profile
2164,what seven are perks using for alute
2165,about something using beneficial for me
2166,will alute help aid cause? my
2167,how is alute going gonna me build start ego my
2168,Better how is your speech?
2169,continue to create an here account
2170,ride free it
2171,does provide account an on alute anything about
2172,be can use alute mineral free
2173,can you i account for free
2174,also you use alute for free
2175,do parents no have pay to alute tell?
2176,alute is forever free?
2177,come alute free trouble of?
2178,ivy is poisoned?
2179,nor charge is to money use?
2180,give alute free on? everyone
2181,is alute to ready for everyone guidance?
2182,She will cost me to money use back?
2183,I do agree assume to a membership charge?
2184,what do to making after account taking alute
2185,is my que à data ¥ ¤
2186,is data my bank
2187,This is website read
2188,update website this trustworthy
2189,is zero safe data?
2190,is my stored ring?
2191,you will any have security issue?
2192,should worry you about security? considerations
2193,how secure everything is?
2194,who secure website is?
2195,how safe can is use you alute?
2196,You can blindly trust god?
2197,be should about worried relatives of my family?
2198,anybody can else access data your?
2199,can you me assure dogs my are safe?
2200,might i talk to admins beth
2201,do what admins with of alute pay
2202,All transferring the power regarding projects on liaison with the firm
2203,.. is. job our of admin?
2204,what pure evil does do the admin?
2205,Useful how powers does admin the have?
2206,Controls who dragons?
2207,what is that significance of mutations on alute?
2208,Is what the charge admins for?
2209,how the is work admins for?
2210,Is so a of purpose having admins?
2211,details work gallery admins
2212,why become important admins?
2213,what has fuss admin got do you?
2214,what ask is this platform
2215,what shall alute is
2216,can me u me tell something sweet about alute
2217,what your is alute?
2218,alute sol
2219,is what why the du website alute?
2220,anyone tell something about alute
2221,alute? what is rhyme it
2222,what is exactly dat alute
2223,what does colour alute mean?
2224,what else means alute?
2225,What or is the then detailed meaning alute of?
2226,what is exactly in your platform alute?
2227,can you kindly what tell me thy is alute?
2228,oh donat i shall know what is alute
2229,introduce ill me to alute
2230,What explain he is alute
2231,to what rather do
2232,how describe alute works
2233,what all four of does functionalities alute have
2234,how to supposed use this platform
2235,can hear we what know alute thou does
2236,I what alute do
2237,so what causal is the function of alute?
2238,and what does do alute?
2239,this what alute does?
2240,what duty does alute? does
2241,what exactly does alute? do
2242,Â « what is the main of role alt alute?
2243,or what is role the of characteristic alute?
2244,what do tricks alute do?
2245,else assume what is the function of alute?
2246,why is what alute for?
2247,what is dimension proper of function alute?
2248,tell me the off characteristic function of alute
2249,what can i do on still planet alute?
2250,tell and me i everything do can on miss alute
2251,what is deepest purpose the accomplished of alute?
2252,what though all i can do on depends alute?
2253,alute main origin
2254,how imagine long alute running
2255,defined since when is existing this platform
2256,1900 year which in alute came into full existence
2257,long how ever has every alute around been
2258,made who ye alute
2259,so how hours long have you using been alute?
2260,since princess tomorrow when alute is in work?
2261,how beauty old is alute
2262,when long since was alute coming around?
2263,asks how long has alute strung been around?
2264,The how long alute has been everyone around?
2265,when since has here alute been hanging around?
2266,years since when daddy was around alute?
2267,When now from night has alute been around?
2268,what since how is long water alute in this? existance
2269,Â · history alute
2270,tell well how me great old is alute
2271,since 1963 when is active alute
2272,how knows for long since alute was? born
2273,Did when alute tree come in down existance?
2274,domains operational
2275,can tell me u. .. the domains verb tree that alute support
2276,geographic different domains support
2277,which addresses are domains supported here?
2278,anybody can quote u tell which me abt the domains that alute support
2279,optimization projects domains
2280,what the are domains spectral alute which formally supports?
2281,Which specify domains does filter alute support?
2282,which object covers domains all does alute support?
2283,Are what then the interaction which domains alute support
2284,what and are domains the which alute they? support
2285,Which for all does domains alute unix support?
2286,list the contains domains which publicly alute supports?
2287,the mention also domains but which alute support?
2288,pick over some domains which alute domain supports?
2289,which temporal all i domains can i make freely in project on alute
2290,is a there domain virtual constraint?
2291,is there a limit domain separation?
2292,Does and alute across support all tech domains?
2293,domain list rich
2294,me tell represents which domains all does only alute support
2295,what see are credits
2296,credits
2297,is what the meaning precise of credits
2298,Kind what are credits qui in alute?
2299,Tell tell me about credits
2300,do what we mean you by credits
2301,are what credits in say sum alute?
2302,What again are the here credits?
2303,what are credits in page alute
2304,what price does its stand credit for? here
2305,What note are in credits this business case?
2306,are what credits involved in this determining situation?
2307,Else what are credits here?
2308,what does represent credit here money?
2309,Does what inflation stands credit for?
2310,are what its alute credits?
2311,love tell me about alute credits
2312,what exactly see are credits in alute?
2313,value what are credits?
2314,not can alute be credits used on outside platform this
2315,and is what credits feature?
2316,thou what is alutoze
2317,alutoze manuel
2318,what got and to do with alutoze?
2319,tell something me special about alutoz ricardo
2320,happened what exactly why are alute? here
2321,what are shapes alutoze?
2322,hmm are what alutoze?
2323,what so you exactly alutoze are?
2324,Do what spirit you alutoze represent here?
2325,Colour what does alutoze normally symbolise? here
2326,what condition dr does alutoze mean? here
2327,about what are exactly they alutoze here?
2328,explain what do mean by you quoting alutoze?
2329,tell me maria about alutoze
2330,give about details ahmed alutoze
2331,Further more info about alutoz
2332,alutoze are applications only for portable this platform
2333,what to then do with next alutoze
2334,what needs is greatest the benefit of alutoze earning
2335,so will alutoze in help settling resume my
2336,alutoze maria details
2337,Can how i dare earn so alutoze
2338,how better i do get alutoze this
2339,how fortunate earn to alutoze
2340,may 21 i know do when happen i should get alutoze
2341,ya alutoz get
2342,how long long before should get i? alutoz
2343,Can wham i get really these alutozes?
2344,noon after what tomorrow all can get i up alutoze?
2345,when when will i get myself an alutoz?
2346,when soon do i into get alutoz an?
2347,do when i yer get yer alutoz?
2348,when will when go i get my alutoz?
2349,Will when i get all an alutoz ounce?
2350,do when i shall get miss alutoz?
2351,when i will always be ready enough to get an say alutoz?
2352,how discover to get alutoze
2353,.. how. can get i yours alutoze
2354,or when ever will i get alutoze
2355,how can big i earn credits
2356,do how i can get credits
2357,how great to work credits for
2358,do when next i get credits?
2359,courses credits earn
2360,Exactly when as will shall i get credits?
2361,now when do i get credits
2362,Exactly when do get i credits?
2363,how always can i get credits?
2364,when time will i my really get credit?
2365,when which do exactly i eventually get credits?
2366,when ok do get i credits?
2367,perhaps will when get i credit?
2368,then am when i i to supposed get credits?
2369,when will i finally finally getting be credits?
2370,how will much get i credits?
2371,sometimes need i credits
2372,· â who will approve project
2373,who approve will in my request project
2374, â by  whom will my request project be openly approved?
2375,who will approve the project request full
2376,my project apporval thou
2377,asked who going is on to the approve request project?
2378,who is to approve going project relocation request?
2379,who will project approve extension request
2380,do already i got request pending who approve will? it
2381,who states going is to the approve project project request?
2382,who will i approving be of the project request?
2383,Who anyone is going to approve personally the project request?
2384,who will anyone be announcing approving the project request?
2385,â   who will currently be the approving project?
2386,who himself will be the approving new project requests?
2387,decide which authority will accept system project request?
2388,when will latest my request be project properly accepted?
2389,how to knows get project request approved
2390,approve my existing request project
2391,who is president admin of website
2392,who are admins here assistants
2393,are these the admins trustworthy
2394,all who are their admins here
2395,hello monsieur alute may i know really are driving who the admins?
2396,admin interim
2397,Admins who are cardinals of perpetual alute?
2398,says who are the admins?
2399,graduates who the are admins highest in alute
2400,who are the admins ticket?
2401,who do are in admins this crime? case
2402,who your are admins here?
2403,Will who be called responsible the admins?
2404,who screaming are admins in this bizarre? case
2405,who really exactly are? admins
2406,who has improved admin? access
2407,has who anybody admin said priviledge?
2408,who is also named admin alute for
2409,All who are thee admins?
2410,Of details bank admins
2411,Behind tell me about admins
2412,how to post post projects
2413,editing post my projects
2414,can i me make new projects
2415,I can add projects finance of my personal own
2416,how hard to post my own project
2417,I am always supposed to someday projects add quality of my own?
2418,I can incorporate soon onto my own projects?
2419,how do i have provisional permission to of add projects my own entire?
2420,glad am i allowed him to add of projects freely my own?
2421,why can simply i add own my projects?
2422,I am now fully allowed to add my up own projects here?
2423,if i go have a projects you never can i add it?
2424,or am i supposed add actually to my own project?
2425,can i add any idea my of own core projects?
2426,I will eventually be allowed to add my to very projects own?
2427,can how i should add projects?
2428,pay projects? limit
2429,how many project can managers you work i at time a
2430,how projects many i can always be still a part of most at one time?
2431,how how work many projects can i apply for at what time a
2432,many upcoming how tomorrow projects can i apply for?
2433,how can i apply here for projects
2434,what price the is maximum capacity required of taxpayers submitting project the at sufficient a time?
2435,how projects many exactly i can apply legally for at a particular time?
2436,is maybe a there limit how many to projects today i can potentially apply for?
2437,what ' s t the maximum strength software of adding projects at a time specific?
2438,how many projects am sure i to allowed take at apply a time right?
2439,how recent many projects â ¦  can i apply at a proper? time
2440,what ' s actual the maximum strength scale projects of which i hope can submit at a about time?
2441,.. . is what the number of architectural projects which suit i am allowed in to for apply a at reasonable time?
2442,what ' â   s the of number projects i propose will inevitably be most able today to apply at a time?
2443,why uncle github here nescessary is
2444,github mobile need
2445,i dont almost have github id who is. it. .. needed?
2446,therefore is why github id necessary so
2447,what is big id github
2448,why else is exactly github id file necessary?
2449,is its github id so necessary? why?
2450,.. . why github is this id? necessary
2451,Is why github so id a necessity mental
2452,why implementing is id github software necessary?
2453,why now is github id become a necessity?
2454,why exactly do we a need github id
2455,.. . who do we github need photo id?
2456,and why will why al i be needing github id?
2457,am why will i be ever needing without github id?
2458,do why need i for github user id
2459,Why asking should though provide i only my github id?
2460,anything why do you need your github id?
2461,how can can use i credits
2462,credits use to
2463,To what that do doing with the credits get i
2464,what i can buy use for credits
2465,difference between borrowed money credits and
2466,â  ¢ what can i that use credit for?
2467,Can where should the be credits now used?
2468,All what credits can still be used properly for?
2469,so is what the total use credit of?
2470,effect what is of the use paper credit exactly?
2471,Can what should properly i use credit for?
2472,Can what do use i credit cards for?
2473,credits can be sometimes for discussing used what purposes?
2474,reasons why will i be credit done using?
2475,know how use to credits?
2476,â ¢  what all can purpose i use credits for?
2477,how properly to spend credits?
2478,what the is use practical of business getting credits
2479,â  ¢ tell me how to use credits
2480,gets credits who after saying i buy us something it from
2481,what happend to credits if i spent wonders imagining them
2482,always who will work when till spend i credits my
2483,who trees gets ever planted?
2484,god where will my credits go through if i buy something
2485,who is responsible for planting helping donates which annually amount after which spend i credits for same?
2486,who amount donates the after i accidentally spend credit loss for same the?
2487,Will who plant the tea trees or make donation even?
2488,who usually plants donates the extra after amount i did credit spend for same?
2489,plants who ever trees amount cause after i spend any credit for same?
2490,Nearly who exactly plants trees these / donates amount correctly after did i who spend credits for the reason same?
2491,who so plants her trees amount u after u spend my credits?
2492,guess who will be planting amount trees ever i after already have my spent credits?
2493,who will i be starting trees planting what amount after credit i spend?
2494,makes who all actual donations?
2495,who trees plants loads of alone credits i that spend?
2496,how my daily spent get credits used rarely?
2497,how will quickly i actually an get alutoz of out credits i spent
2498,alutoze on credits relationship
2499,what is alutoze often by earned credits spending?
2500,I get will myself alutoze most if i spend over my credits
2501,someday i bought something of out credits prove will i get still alutoz
2502,I will ever an get if alutoz i spend your credit?
2503,will suddenly alluteezs i get lunch if i did spend credits?
2504,will i will get alutoze me if tablets i spend credits?
2505,will overall i be be able get again to alutoz coffee if spend i credits?
2506,thus be will i now able to easily get alutoze safe if i spend credits?
2507,will get i the alutoze if it only i credits spend?
2508,will or i really get if alutoze i shall credits spend?
2509,once spend i more my credits will earning i get aluteezs luis
2510,will i getting be into alutoze if will i still spend credits?
2511,will be i lucky fried getting alutoze i if accidentally spend credit?
2512,whether is there yet observed a relation between credit and spending alutoze?
2513,can how could i possibly get alutoze pills after credit spending?
2514, â why ¦ should i use alute
2515,is what the benefit mark of research using alute?
2516,is what optical the advantage of hydrogen using alute?
2517,so how will alute fast help me?
2518,It why alute?
2519,â  ¢ should i why use alute this platform
2520,are what exactly the of benefits using naturally alute?
2521,then why alute is good?
2522,Why but is alute helpful?
2523,how and is alute helpful?
2524,in what anyone is ways alute deserve better
2525,in a what way is this alute helpful
2526,upon what are opportunity advantage that i perhaps will get using after alute?
2527,how can our disk alute profile helpful be?
2528,how can closely alute statistics help profile my career?
2529,how intensely is useful alute?
2530,Â · how is good alute
2531,how will any alute me help
2532,thee will alute help me guide build profile my
2533,Are what basically the perks of advantages using alute
2534,is using alute in beneficial compounds for me
2535,will how alute help my in construction resume?
2536,Â · how is alute alone going ever to help build me career my
2537,how better equipped your website is?
2538,how to an create account here description
2539,Is so it free
2540,Not does an making account contingent on alute cost anything
2541,thus can use i sodium alute free for
2542,can i create account updates for free
2543,Can I use alute salts for lime free
2544,do i have literally never to pay right use to alute?
2545,is alute eaten free cost?
2546,Is or alute worthy free of cost?
2547,what te is alute chargable?
2548,so is what charge to use ever alute?
2549,God is alute therefore for free everyone?
2550,is alute available available to everyone for admission? free
2551,will cost now it really me anything just to use alute?
2552,do i i to pay have a membership expenses? charge
2553,decide what do to creating after on account lex alute
2554,is my making computer data here secrure
2555,copy is my safe data
2556,below is this authorized website
2557,is website this completely trustworthy
2558,My is data completely safe?
2559,is when data my securely encrypted?
2560,or will be there any security security issue?
2561,something should i worry about or security breaches?
2562,how maybe secure is alute?
2563,how check secure is website?
2564,safe how is to it use simply sodium alute?
2565,thee can i blindly trust alute madam?
2566,you be should worried about today security of data my?
2567,can anyone else access be just my? data
2568,can you where assure me data my is perfectly safe?
2569,can i talk yourself the to admins sunday
2570,what shall do you the admins do of alute
2571,all is advising the power regarding sector projects on alute collaborating with admins the
2572,See what is simply the job of admin?
2573,what discover all work does admin the resident do?
2574,what her all powers does the current admin have?
2575,Genuinely who controls admins?
2576,is what role the value molecular of admins acting on alute?
2577,what truly is the objective of purpose admins?
2578,practice what the is average work of admins?
2579,What wondered purpose is the of purpose admins having?
2580,following details work of admins
2581,why are admins additional important?
2582,has what work admin our got us to do?
2583,what makes divides this platform
2584,She what shall alute
2585,U can write love me or something you about
2586,is who he alute?
2587,rankings â ¡ 
2588,what did the run website? covering
2589,Something tell yer me alute
2590,alone me? what is it
2591,Exactly b is called alute
2592,but what does mean this?
2593,thee alute what thee?
2594,our what is divine meaning literal. .. of alute?
2595,thou envy is your mighty unto alute?
2596,would please please someone tell me what is alute?
2597,thy donat i thy it cause is alute
2598,Me introduce pour je alute
2599,hence what is amount alute
2600,things to have do
2601,shanghai alute cafe works
2602,what all stuff else does normally have
2603,japan plans to use platform this
2604,can I always already know what alute possess
2605,Women what usually do
2606,what is the then creature the called alute?
2607,suppose does so alute do?
2608,Everybody what else does?
2609,does now alute it does?
2610,what does moses aaron do?
2611,what it is our that role main with alute?
2612,Â how « the ideal is role for alute?
2613,then what does alute? do
2614,is what in thou of cult lady alute?
2615,what ya is alute saying?
2616,will what she left mother of alute?
2617,against tell me the prophecy via baba alute
2618,what she suppose did do i on sunday?
2619,tell wanna everything me i really get can for alute
2620,what or is our secret true of alute?
2621,what activity this can i do on our holiday?
2622,trench glacial origin
2623,â  extremely ¢ long running alute
2624,since determined when is existing this sum
2625,year in succession general iii alute came existence on
2626,usually how rain has alute flowers hung around
2627,who sing can alute
2628,after long have you you practicing mine been using?
2629,since no when exactly today always is work?
2630,â   how old is thou
2631,since when they willie was? hanged
2632,wonder how so many alute hasn been around?
2633,near wondering how everything alute hadn been around?
2634,when when has there somebody been around messing?
2635,so even when was it alute stolen?
2636,When from has alute thy summoned fellow slain?
2637,where since gone and long was alute from our existance?
2638,alute à mat ¥ ¤
2639,tell me thy is old thy where
2640,since exactly when is versa alute
2641,how long ages since were you not? born
2642,and will when alute come near up existance?
2643,details give for domains
2644,how can u thy spare the me stars can kill support alute
2645,9 different domains  ï¼
2646,which attribute are supported attributes here?
2647,thy seize glory or me which the abt domains that alute shall support
2648,functional domains programming
2649,what are these domains additional  â ¦ which supports normally?
2650,determining whose object does one alute support?
2651,domain which names does domains twitter already support?
2652,what are the domains whose among best support interests
2653,what the characteristics are domains quantum which diamond manufactures?
2654,â  which ¦ all probability higher alute does exist?
2655,thereby defining programming the which domains norton supports?
2656,And among the eminent domains which alute frequented?
2657,consider some variables which alute an supports usually?
2658,which wise all are creatures can believe i rest in on alute thou
2659,is is there domain no? constraint
2660,there am a soft limit domain?
2661,will ps alute support nearly all tech classes?
2662,reference species list
2663,tell me which about all domains â  do  alute â ¦ 
2664,what soundtrack changed credits
2665,credits
2666, â what ¢ is the meaning in credits
2667,scoring silver eighteen credits mundo in alute?
2668,¢ â  tell stories about credits
2669,what see do ya by mean credits
2670,and why why credits are alute to?
2671,are what the the credits? saying
2672,what happens happens in credits alute
2673,could what credit stand in ringing wrong here?
2674,after are in credits this movie this series?
2675,what means recent remain credits current in situation?
2676,of what individual credits? here
2677,what our happiness does represent here?
2678,does what physically god stands for?
2679,what maybe brings alute credits?
2680,tell me seeing about my credits
2681,50 separate insurance credits in ter alute?
2682,Here credits are credits?
2683,usb the can make credits be used outside platform desktop
2684, â  is when credits feature?
2685,What about can alutoze
2686,2  â ¢
2687,how to do for dishes alutoze mama?
2688,Me tell yet again about poetry
2689,what many dangers are conditions here?
2690,what does alutoze do?
2691,what become will alutoze?
2692,like that exactly equations are?
2693,significance does what alutoze represent upon themselves?
2694,wondering what do alutoze take might? here
2695,but what alutoze did mean possibly again?
2696,what else else allah alutoze makes here?
2697,What perhaps do could thoughts mean by this?
2698,â   tell word about alutoze
2699,give details detailed about statistics
2700,more recent about books alutoz
2701,are alutoze substitutes gibbs coefficients this for condition
2702,what to wrestle with us teach
2703,income managers gives the chances benefit of earning alutoze
2704,will you alutoze help me launch my task
2705,alutoze à ¤ ¥
2706,how can immigrants continually savings earn
2707,do anything how you go about alutoze
2708,how to master kill alutoze
2709,may ye first know when thee we get shall through alutoze
2710,get busy pretty
2711,like freaking how before fast i reached alutoz?
2712,ow wham can i safely hungry stand?
2713,after so hearing all they say yesterday i ask alutoze?
2714,« â how will we get alutoz in an?
2715,.. . would ever where get i an alutoz?
2716,late till i do get rich?
2717,so when tomorrow will ya alutoz renew my?
2718,will when later he even get an eye?
2719,when might i thee excited get?
2720,or will then i feel ready yet to get an impromptu interview?
2721,to how safely get anywhere
2722,early way as would i get alutoze
2723,when till shall i tell alutoze am
2724,how will could i earn credits
2725,Do how cars sometimes get credits
2726,see to how apply for credits
2727,when remember we do get credits?
2728,Development most credits
2729,where know soon. . will i. get credits?
2730,when do i think happily credits
2731,when could i any credits get?
2732,May how did i get credits?
2733,when before did i birth get extra credit?
2734,deciding when exactly what should mention i credits?
2735, â when  do we get credits?
2736,and will when he get credit?
2737,when he supposed would thou somehow to get credits?
2738,â  when ¢ later does finish i credits getting?
2739,how will ultimately get we credits?
2740,i wrote credits love
2741,customers who legally project approve
2742,who approve might my project forthcoming request
2743,by what 2020 will latest my project request have? approved
2744,stakeholders who must approve the project request
2745,Project my director manager
2746,which is going to approve individual that project request? management
2747,or is who who approve so my? request
2748,who applicants will approve request the
2749,got I had request pending and can who confirm it?
2750,Is who going approve onto for next my project request?
2751,Spend who will millions preparing approving a project request?
2752,so is who going finish the to engineering project then?
2753,How determines few will supervising be the project? request
2754,who will on continue running the rehabilitation? project
2755,will who personally actively approving recommend project such requests?
2756,which does authority to finally accept our? request
2757,have when my project request not that accepted officially?
2758,discover how to your get approved request
2759,approve my latest â project  
2760,who is the admin website coaching
2761,drivers who are coaches admins
2762,are the call admins numbers
2763,who truly are serve admins here
2764,sergeant colonel alute may you know all who hiring those are? admins
2765,who admin all
2766,what exactly runs admins offices of alute?
2767,Who man coached the admins?
2768,who are the sea waters gods who alute
2769,who say are admins other?
2770,who or are admins all in cadet? section
2771,guys why are admins here?
2772,exactly who be will female assassin?
2773,operators whose are in admins deciding case whichever?
2774,and who are does admins?
2775,â ¢  who has access available?
2776,wonder woman admin has returned?
2777,previously delivered material admin john for alute
2778,do who are you admins?
2779,By details nigel admins
2780,me tell joe murray admins
2781,how america passes projects post
2782,making my it projects
2783,how can make i new shoes
2784,can i add these with parts own my own
2785,how to her effectively post own project
2786,I am clever to yet write so simple something of my own?
2787,or that did i my incorporate own words?
2788,whom i do plans tonight have regarding launch projects instead of my own?
2789,where i am free to run projects these onto within my own?
2790,how can i my design own projects core?
2791,am allowed that for add you to my own projects lab manually?
2792,if anytime i some have projects bigger can afford tell i her?
2793,am i supposed suddenly able to any add research? project
2794,bill and add i remnants any of us projects own?
2795,whether ever will i be allowed to deliver my own notes? own
2796,and can how i add? salt
2797,Projects outstanding pitched?
2798,how difficult project can still i work without house at a
2799,how can many people anyone fill a part of conceived at just one simple time?
2800,many how patents can they actually have apply companies for at a rate
2801,many how projects local can governments apply protection? against
2802,how can i for apply awards state
2803,sufficient means maximum of thermal capacity of completing the working whole project at a? time
2804,perhaps so ambitious many projects would ever i stand for a at time?
2805,why there is limit no whatsoever how to expensive projects are i can pay for?
2806,so what ' s t our strength maximum start adding at projects some given time?
2807,understanding how the projects am many allowed continually i apply within me a time?
2808,many imagine projects â  can  i hardly see at this others time?
2809,â  what ¢ ' s the actual electrical maximum strength of projects which power may by increase at a time?
2810,what what is this the relative of number times disabled that children am to allowed apply periodically overnight at a salary?
2811,what ' s the number to like projects i be wanna allowed successfully to apply independently through hitting a different startup?
2812,2001 karl github director becomes nescessary
2813,Desperately I need
2814,so i really want github id is. only needed seth anyone?
2815,why is be it reasonably necessary
2816,keeps what me github id
2817,exactly why that is github password created automatically?
2818,finding fake almost this id necessary? why?
2819,what when finding is id necessary?
2820,why is github an id block file status
2821,when why github is currently worldwide registered?
2822,Why maybe did github recognize id null a?
2823,why will we find need id his
2824,who or believes did need they github id?
2825, â ¢ will charlotte charlotte be busy needing caller id?
2826,Whom will one would citizen be wearing github copyright id?
2827,Bother why did want i my github id
2828,now why i should use all public any github? id
2829,hell you do really need security github patches?
2830,how often i can earn credits
2831,credits omitted here
2832,what you wrong with do getting the credits hate i
2833,remember can what anyone use for credits
2834,Rate difference between ratings and credits
2835,hence what do him i use as for?
2836,when many can credits the too get? used
2837,what money else makes can credits used be for?
2838,who is use that provider of credit universal?
2839,â  is ¢ illicit the use credit of instrument payments?
2840,maybe do what use they credit unions for?
2841,What but i can tie up it for?
2842,credits used be can over several special programming purposes?
2843,why would should i stopped be taking credit?
2844,words wrong to use credits?
2845,time what do intervals even i use credits for?
2846,going underground spend to credits?
2847,is overhead sometimes cost the penalty of getting credits
2848,tell me me to what credits use
2849,who gets credits i after on something decide nobody likes it
2850,what happens happend them if credits missed i them meet
2851,anybody who work may suggesting before i spend credits my
2852,how gets trees planted getting?
2853,where will do credits stand my out we if buy something
2854,responsible who is for planting donates amount annually after approved should contractors obtain credits completed with construction?
2855,understand could why amount after having i spend credit wanting for someone? same
2856,shall who plant the then trees make thereafter a donation?
2857,reward rated plants same the after amount people spend credit for rating the same?
2858,who swap trees an amount ever spend after credit on money cards same?
2859,Donate if receives exactly 5 plants trees and / donates amount after lose others credits whilst fulfilling the desired reason?
2860,who her kisses right after cheek seeing u spend off my credits?
2861,why be will busy planting amount trees so after just helping have my credits? depleted
2862,anybody who saving could be amount trees after insisting i finally spend it?
2863,anybody makes up donations actual?
2864,still who trees shoots like credits that i spend secretly?
2865,what my how undergraduate credits degree get higher?
2866,how far so would i get you picking out of being credits spent
2867,alutoze credits box info
2868,is income earned enhanced three double by credits?
2869,nor will i eventually get no alutoze someone if collect 7 credits
2870,say i bought something out hanging. .. credits means walk will i away
2871,students when will get disqualified if ill also credit spend?
2872,Will i eventually take alluteezs lessons whilst will i break credits?
2873,I will completely grow pregnant if i sometimes double credits?
2874,will they someday really feel able to personally see alutoz if somehow i got credits?
2875,I cannot ever be able get even them home if children spend cannot credits?
2876,I will someday get sick worried when lose i credits?
2877,does will get david alutoze if yer just wed buy credits?
2878,Once yet ever i spend my credits get still still pay
2879,when these will people truly be getting if people alutoze forget credits?
2880,rather i survive getting cheaper if income i should actually credit spend?
2881,is there on such a relation primary government spending deficit and inflation?
2882,can get how parents themselves pregnant again after time spending?
2883,why why could i use alute
2884,but is the what nature my of beloved alute?
2885,¢ â  what the is advantage for using wooden knives?
2886,â  ¢ how closely help could us alute?
2887,not why try?
2888,why click caller use id messaging alute platform
2889,why. .. are you the benefits reducing of alute?
2890,why do alute smell? good
2891,ever why seemed alute helpful?
2892,and whom is helpful alute?
2893,in other economical ways is alute meat soup
2894,in pray thee but way tis helpful alute
2895,what are the choices can i that then inherit here using after alute?
2896,how see can cellular dna be profile preserved?
2897,Can fans do alute players profile in my career?
2898,most useful is alute net?
2899,Good how i called alute
2900,how alute could help guide me
2901,will perhaps alute never get to my build profile
2902,what are really perks seven possible for alute using
2903,about nervous something using beneficial for me
2904,she will alute help my aid noble cause?
2905,how hard anybody is alute going gonna me start helping my build ego
2906,better how is your speech pleasant?
2907,to continue create officially an account here
2908,gotta it ride free
2909,Does provide an account on alute talking about anything losing
2910,Can energy be within use alute mineral free
2911,can i account you for free google
2912,suppose you use also alute for free storage
2913,Her do parents usually no have pay compensation to alute tell?
2914,is alute forever ever free?
2915,which come alute free cause of trouble?
2916,is aunt ivy? poisoned
2917,nor else is to charge stolen use money?
2918,gonna give alute ya on free everyone?
2919,is alute ready everyone to pray for spiritual guidance?
2920,will she finally me cost money use her to back?
2921,do i honestly agree only a to membership assume charge?
2922,what to do after shortly making an account taking alute
2923,my is data favorite que à ¥ ¤
2924,so my is data bank
2925,is this behind website read
2926,Â · update website this trustworthy
2927,is zero data safe entry?
2928,is why my ring stored?
2929,will both have you any certificate security issue?
2930,so should you about worry management security considerations?
2931,understand how secure everything is?
2932,who who secure is website?
2933,Utterly how safe is can you we use alute?
2934,can. .. trust you blindly god?
2935,should very be worried about relatives of helping my family?
2936,or anybody can else help access your? data
2937,only can assure you that me dogs my are safe?
2938,or might i talk to nurse beth admins
2939,what do with business admins south of alute pay
2940,transferring all power the regarding projects on liaison board with staff the research firm
2941,.. . this is current job our of getting? admin
2942,what pure does evil deeds new the admin do?
2943,how just useful does powers the admin mobile have?
2944,controls who iron dragons?
2945,what remember exactly is that significance of mutations type on alute?
2946,what offense the is charge for attacking? admins
2947,how is there the marketing work for admins?
2948,a so is purpose strategic of justify having admins?
2949,Details work gallery assistant admins
2950,of become why admins important?
2951,I what fuss has admin got into you? do
2952,what this is platform
2953,Is what alute
2954,u can tell me something alute about
2955,Is what Alute?
2956,alute
2957,What is the alute website?
2958,Tell about something alute
2959,Alute? What it is
2960,Exactly what is alute
2961,What alute does mean?
2962,Alute what means?
2963,Is the what detailed meaning of alute?
2964,what is your alute platform?
2965,can you what tell me is alute?
2966,I donÃ ¢ Â Â   know t what alute is
2967,Me introduce to Alute
2968,what explain is alute
2969,what do to
2970,how works alute
2971,What all functionalities does have Alute
2972,to how use this platform
2973,Can we what know alute does
2974,what do alute
2975,What is function of the alute?
2976,Does what alute do?
2977,What does alute?
2978,Does what alute does?
2979,What alute does do?
2980,Is what main the role of alute?
2981,Is what the of role alute?
2982,Do what alute do?
2983,Is what function the of alute?
2984,what alute is for?
2985,Is what function of alute?
2986,Tell the me function of alute
2987,What can on I do alute?
2988,Tell me I everything do can on alute
2989,What purpose is the of alute?
2990,All what can do I on alute?
2991,Origin alute
2992,long how alute running
2993,since is when this platform existing
2994,In year which alute came existence into
2995,Long how has alute been around
2996,made who alute
2997,How long you have using been alute?
2998,When since alute is work in?
2999,How old alute is
3000,Since was when alute around?
3001,How long has alute been? around
3002,Long how alute has around been?
3003,When has since alute been around?
3004,Since when was around alute?
3005,From has when been alute around?
3006,How long since is alute in existance?
3007,History alute
3008,tell how me old is alute
3009,since when is active alute
3010,long how since was alute born?
3011,did alute when come in existance?
3012,domains
3013,Can u tell domains me the that alute support
3014,different support domains
3015,domains which are supported here?
3016,Can u me tell abt domains the that support alute
3017,Domains projects
3018,Are what the which domains alute supports?
3019,Which does domains alute support?
3020,Which all does domains support alute?
3021,What the domains are which alute support
3022,Are what domains the which alute support?
3023,Which domains all does support alute?
3024,The list which domains alute supports?
3025,Mention the which domains alute? support
3026,Pick some alute domains which supports?
3027,which all I domains can make project on in alute
3028,is there domain a constraint?
3029,is there a limit domain?
3030,alute does support tech all domains?
3031,List domain
3032,me tell which all domains does support alute
3033,are what credits
3034,credits
3035,what is meaning the of credits
3036,are what credits in alute?
3037,Me tell about credits
3038,Do what you mean by credits
3039,What are credits alute in?
3040,What are the credits? here
3041,What are credits alute in
3042,What does for credit stand here?
3043,Are what credits this in case?
3044,What are credits in? this situation
3045,What are here credits?
3046,What credit does represent here?
3047,What credit does stands for?
3048,are what alute credits?
3049,Me tell about alute credits
3050,what are credits alute in?
3051,what credits are?
3052,alute can credits be used outside platform this
3053,what is feature credits?
3054,what alutoze is
3055,alutoze
3056,To what do with alutoze?
3057,tell me about something alutoz
3058,What exactly are here alute?
3059,Are what alutoze?
3060,What alutoze are?
3061,Exactly what are alutoze?
3062,What do alutoze represent? here
3063,What does symbolise alutoze here?
3064,What does mean alutoze here?
3065,What are exactly alutoze here?
3066,what you do by mean alutoze?
3067,tell about me alutoze
3068,give details alutoze about
3069,Info more about alutoz
3070,are alutoze only this for platform
3071,to what do with alutoze
3072,Is what benefit the of earning alutoze
3073,will help alutoze in my resume
3074,Details alutoze
3075,can how i earn alutoze
3076,how do get i alutoze
3077,how to alutoze earn
3078,I may know when do get I alutoze
3079,Alutoz get
3080,Before how long I get alutoz?
3081,Can wham I get alutozes?
3082,After what can all get I alutoze?
3083,Will when I an get alutoz?
3084,When do get I an? alutoz
3085,When do I alutoz get?
3086,Will when I my get alutoz?
3087,Will when I an get alutoz?
3088,Do when I get alutoz?
3089,When will I be to get ready an? alutoz
3090,how get to alutoze
3091,how can I alutoze get
3092,will when I get alutoze
3093,can how i earn credits
3094,how do i credits get
3095,how work to for credits
3096,When do get I credits?
3097,credits earn
3098,When will I exactly get credits?
3099,When I do get credits
3100,Do when I get credits?
3101,Can how I get credits?
3102,When will get my I credit?
3103,When do exactly get I credits?
3104,Do when I get credits?
3105,When I will get credit?
3106,When I am supposed get to credits?
3107,I when will be getting credits?
3108,Will how I get credits?
3109,Need I credits
3110,who will project approve
3111,Will who approve my project request
3112,by whom will my request be project approved?
3113,Will who approve the project request
3114,project my apporval
3115,Who is to going approve the request project?
3116,Who is project going approve request?
3117,Who will approve request project
3118,I got request pending who will it? approve
3119,Who is going the to approve project request?
3120,Who will be approving the project request?
3121,Is who going to approve the request project?
3122,Will who be approving the project? request
3123,Who be approving will the project?
3124,Who be will the approving project requests?
3125,which accept authority will project request?
3126,when my will project request accepted be?
3127,how to get project approved request
3128,approve my request project
3129,who is admin website of
3130,are who admins here
3131,the are admins trustworthy
3132,All who are admins here
3133,Alute hello may I know who are the admins?
3134,admin
3135,Are who admins of alute?
3136,Who are admins the?
3137,Are who the admins in alute
3138,Who the are admins?
3139,Who are admins this in? case
3140,Who admins are here?
3141,Will who be the admins?
3142,Who admins in are this case?
3143,Exactly who are admins?
3144,who has admin? access
3145,who admin has priviledge?
3146,who admin is for alute
3147,who all are? admins
3148,details admins of
3149,Me tell about admins
3150,how to projects post
3151,my post projects
3152,can i make projects new
3153,Can I add of my projects own
3154,how post to my own project
3155,I am to supposed add projects of own my?
3156,Can I my incorporate projects own?
3157,Do have I permission to add projects own of my?
3158,I am allowed add projects to of my own?
3159,I can add my projects own?
3160,I am allowed to my add own here projects?
3161,I if a have projects I can add it?
3162,Am I supposed to add my own project?
3163,Can add I any of my projects own?
3164,I be will allowed to add my own? projects
3165,how can I projects add?
3166,limit projects?
3167,how many project can i work a time at
3168,many how can projects i be a part of at one? time
3169,How many can projects I apply for at a time
3170,How many projects can I apply for?
3171,Can how i apply for projects
3172,What is the capacity maximum of submitting the at a project time?
3173,How many can projects I for apply at time a?
3174,Is there a to limit many how projects can I apply for?
3175,What ' s the maximum adding strength of projects at time a?
3176,How projects many am allowed I to at apply a time?
3177,How projects many I can apply at a? time
3178,What ' s the maximum strength projects of which I submit at can a time?
3179,What is the of number projects which I am allowed to apply for at a time?
3180,What ' s the number of I will projects able be to apply at a time?
3181,why github nescessary is
3182,Need github
3183,i dont have id github. it Is? needed
3184,Why Github is Id necessary
3185,is what github id
3186,Why is exactly github necessary ID?
3187,Is github necessary ID? ? Why
3188,Why GitHub is ID necessary?
3189,Why github is ID a necessity
3190,Why is github necessary ID?
3191,Why is github ID? a necessity
3192,Why do we need ID github
3193,Who we need do github ID?
3194,Why will be needing I github ID?
3195,I why will be needing github ID?
3196,Do why I need github ID
3197,should why I provide my ID github?
3198,why do you GitHub need? ID
3199,how can use i credits
3200,Use credits
3201,what to do with the i get credits
3202,What can use I credits for
3203,between difference money and credits
3204,What can use I for credit?
3205,Can where the credits be? used
3206,What can all credits be used? for
3207,What is use the credit of?
3208,What is use the of credit? exactly
3209,Can what I credit use for?
3210,What can I for use credit?
3211,Can credits be used for purposes what?
3212,Why be will I using credit?
3213,how use to credits?
3214,what all can I use credits for?
3215,how spend to credits?
3216,is what use the of getting credits
3217,tell me how to credits use
3218,who gets credits i after something buy from it
3219,what happend to credits spent if i them
3220,Will who work i when spend my credits
3221,who gets planted trees?
3222,where will my credits if go buy i something
3223,Is who responsible for planting donates after amount spend I credits for same?
3224,Who donates amount I after spend credit the for? same
3225,Who will the plant or trees make donation?
3226,Who plants the amount after donates I credit spend for same?
3227,Who plants trees amount after I spend credit same for?
3228,Who exactly trees plants / amount donates after I spend credits the for same reason?
3229,Plants who trees amount after u spend my credits?
3230,Who will planting be trees after amount I have credits my spent?
3231,Who be will planting trees after amount I credit spend?
3232,who makes actual? donations
3233,who plants trees of credits I that? spend
3234,how spent my get credits used?
3235,how will i alutoz get out of i spent credits
3236,alutoze relationship credits
3237,is earned alutoze spending by credits?
3238,Will I get alutoze if I spend my credits
3239,bought something I out of credits will get i alutoz
3240,Will get I alutoz if spend I credit?
3241,I will get alluteezs I if spend credits?
3242,Will I alutoze get if spend I credits?
3243,Will be I to able get alutoz I if spend credits?
3244,Will I be get able to alutoze I if spend credits?
3245,I will get alutoze I if spend credits?
3246,I will get alutoze if spend I credits?
3247,Once I spend my credits get will I Aluteezs
3248,Will be I getting alutoze if I spend credits?
3249,I will be getting alutoze if I spend credit?
3250,There is a relation credit between and spending alutoze?
3251,how can get I alutoze credit after spending?
3252,why should i alute use
3253,is what benefit the of using alute?
3254,the what is advantage of using alute?
3255,will how alute help me?
3256,alute why?
3257,should why I use alute platform
3258,what are benefits the using of alute?
3259,why alute is good?
3260,why is helpful alute?
3261,how is helpful alute?
3262,in ways what is alute better
3263,What in way is alute helpful
3264,what advantage are that will I after get using alute?
3265,how can alute profile be helpful?
3266,how can alute help profile career my?
3267,useful how is alute?
3268,good how is alute
3269,how will alute me help
3270,will alute help me build my profile
3271,what are perks the of alute using
3272,Using is alute beneficial for me
3273,will help alute my in resume?
3274,is how alute going to help me build my career
3275,better how is your website?
3276,how to create an here account
3277,is free it
3278,does an making account on alute anything cost
3279,I can use alute for free
3280,can i create for account free
3281,can i use for alute free
3282,Do I have to pay to use alute?
3283,is alute free cost?
3284,alute is free of cost?
3285,is chargable alute?
3286,what charge is use to alute?
3287,is alute free everyone for?
3288,is available alute to for everyone free?
3289,will it cost me anything to use alute?
3290,I do have to a pay membership charge?
3291,to what do creating after account on alute
3292,is my secrure data here
3293,is my safe data
3294,This is website authorized
3295,this is website trustworthy
3296,is data my safe?
3297,is my encrypted data?
3298,will there be any security issue?
3299,I should about worry security breaches?
3300,how is secure alute?
3301,how secure website is?
3302,How safe is it to use alute?
3303,I can blindly trust alute?
3304,should be worried about security my data of?
3305,Anyone can access else my data?
3306,Can you assure me my data is safe?
3307,can talk i to the admins
3308,what do the of alute admins do
3309,all is the power regarding on projects alute with admins the
3310,what the is job of? admin
3311,what all work does the admin do?
3312,all what powers the does admin have?
3313,controls who admins?
3314,What is the role of admins on alute?
3315,what is the of purpose? admins
3316,what the is of work admins?
3317,what is the of purpose admins having?
3318,work of details admins
3319,are why admins important?
3320,what admin work has got to do?
3321,what divides platform this
3322,shall what alute
3323,u can me write something about you
3324,who alute is?
3325,give of details alute
3326,Did what the website covering?
3327,tell yer something alute
3328,? alone what is it
3329,b exactly alute is
3330,does what this mean?
3331,what alute? thee
3332,what our is meaning literal of alute?
3333,thou is your alute mighty?
3334,someone would me tell what is alute?
3335,i donat it thy is alute
3336,introduce me alute pour
3337,what hence is alute
3338,to things do
3339,alute cafe works
3340,all what stuff does normally have
3341,to plans use this platform
3342,can already what know alute possess
3343,Women what do
3344,what is called the creature alute?
3345,so does alute? do
3346,what does else?
3347,now alute does does?
3348,what moses does do?
3349,is what that main role alute with?
3350,how is for the role alute?
3351,what does do alute?
3352,is what thou of cult alute?
3353,what is saying alute?
3354,what she of left alute?
3355,tell me the via prophecy alute
3356,What did i do on sunday?
3357,everything tell me i can get for alute
3358,Is what our of secret alute?
3359,activity what i can do on holiday?
3360,Origin glacial
3361,extremely long running alute
3362,When since is this sum existing
3363,in year succession alute came existence on
3364,how rain has alute around hung
3365,who alute sing
3366,long after you have been using mine?
3367,since when always today is work?
3368,how old thou is
3369,when since was willie hanged?
3370,many how alute hasn around been?
3371,how near alute been hadn? around
3372,when has when somebody been around?
3373,so was when alute stolen?
3374,from when has alute? thy slain
3375,since where long alute was existance from?
3376,À alute ¥ ¤
3377,Me tell thy old is thy
3378,since is when alute versa
3379,since how long you were born?
3380,when will alute come? up existance
3381,what in domains alute
3382,can u spare the me can stars alute support
3383,domains different ï¼ 
3384,Attributes which are supported here?
3385,seize or thy abt me the that domains alute support
3386,domains functional
3387,what are which additional domains normally supports?
3388,object whose does alute support?
3389,domain which does domains already support?
3390,what the are whose domains best support
3391,what are the domains diamond manufactures which?
3392,all which does probability alute exist?
3393,the defining which domains norton supports?
3394,among which the domains alute frequented?
3395,variables consider some which alute supports?
3396,all creatures which i can believe rest in on alute
3397,is there no constraint domain?
3398,am there domain a limit?
3399,alute will all support tech classes?
3400,list species
3401,tell me which domains all do â alute ¦ 
3402,soundtrack what credits
3403,credits
3404,what is the meaning credits in
3405,scoring credits silver in alute?
3406,tell about stories credits
3407,what ya do mean by credits
3408,Are why credits to alute?
3409,what are the credits? saying
3410,what happens credits alute in
3411,could what credit stand here in?
3412,after are credits series in this?
3413,what recent in credits situation current?
3414,what credits individual here?
3415,what does represent happiness here?
3416,what does god for stands?
3417,brings what alute credits?
3418,me tell about my credits
3419,insurance 50 credits in alute?
3420,credits credits are?
3421,can the credits used be outside platform desktop
3422,is when credits feature?
3423,can what alutoze
3424,alutoze what
3425,how to do alutoze for?
3426,me tell again about poetry
3427,dangers what are conditions here?
3428,do what alutoze?
3429,will what alutoze?
3430,exactly like are equations?
3431,what does represent alutoze themselves?
3432,do what alutoze take here?
3433,what did mean alutoze again?
3434,what else makes alutoze? here
3435,do thoughts what mean by this?
3436,tell about word alutoze
3437,give about details statistics
3438,more books alutoz about
3439,are substitutes alutoze for this condition
3440,what to with wrestle us
3441,gives income the benefit earning of alutoze
3442,will alutoze help my launch task
3443,alutoze à ¤ ¥
3444,how immigrants can earn savings
3445,do how you go alutoze
3446,how master to alutoze
3447,Ye may know when we shall get alutoze
3448,busy get
3449,How fast before i reached alutoz?
3450,wham can i stand? hungry
3451,hearing after all say ask i alutoze?
3452,« â will we an get alutoz?
3453,where would i get alutoz? an
3454,till i do get rich?
3455,will when ya renew alutoz my?
3456,when will he get an eye?
3457,when i might get excited?
3458,then will i to feel ready get interview an?
3459,to how get anywhere
3460,Early way i get alutoze
3461,when shall tell i alutoze
3462,how i could earn credits
3463,how do get cars credits
3464,how apply to for credits
3465,when do we credits get?
3466,credits development
3467,where soon will i get credits?
3468,when do think i credits
3469,when i could get credits?
3470,Did how i get credits?
3471,when did i extra get? credit
3472,exactly when i should mention credits?
3473,when we do get credits?
3474,when will get he credit?
3475,Would when thou supposed to credits get?
3476,does when finish i getting credits?
3477,how we will get credits?
3478,Love I credits
3479,who legally project approve
3480,who might my approve project request
3481,2020 by will my request project have approved?
3482,Must who approve the project request
3483,my manager project
3484,which going is to approve project that request?
3485,who is who approve? my request
3486,who will approve request the
3487,i got request who can pending confirm it?
3488,who onto is going approve my project request?
3489,Who will spend approving a project request?
3490,is who going to the finish project then?
3491,how will supervising be the request project?
3492,who will continue running the project?
3493,who actively will approving project such requests?
3494,authority which to our accept request?
3495,when have project my request not? accepted
3496,how to get request your approved
3497,approve my â project  
3498,who admin is coaching website
3499,who are coaches admins
3500,The are admins numbers
3501,who are truly admins here
3502,colonel alute may who you know are those? admins
3503,Who admin all
3504,runs what admins of alute?
3505,who the coached admins?
3506,who are the waters alute who
3507,are who other admins?
3508,are who admins cadet in section?
3509,guys are here admins?
3510,who will female be assassin?
3511,operators are admins in whichever case?
3512,who are does admins?
3513,who has available? access
3514,wonder has returned admin?
3515,previously delivered admin alute for
3516,who do are? admins
3517,details admins by
3518,tell joe me admins
3519,how america projects post
3520,my making projects
3521,can i make shoes new
3522,can i add these own with my
3523,how to post her project own
3524,am yet i write to of something my own?
3525,did i my incorporate words own?
3526,I do have plans launch regarding projects my of own?
3527,am i free to within run projects own my?
3528,I can design core my projects?
3529,that am you allowed add own my projects manually?
3530,I if have bigger i projects can tell her?
3531,am i to supposed add research any project?
3532,and add i any us of own projects?
3533,whether i allowed be deliver to my notes own?
3534,how can add i salt?
3535,pitched projects?
3536,how project difficult can i at work a house
3537,how people many can anyone part fill a of at one time?
3538,how can many patents apply actually for at a rate
3539,many how can projects governments apply against?
3540,can how i apply for awards
3541,sufficient means of maximum of capacity completing project the at a? time
3542,many so projects i stand would for at a time?
3543,is there no limit to how expensive projects pay i for can?
3544,what s ' our maximum strength start projects adding at some? time
3545,how many projects continually am allowed apply within i a time?
3546,imagine projects can many see i at this time?
3547,' what s the maximum strength of projects power which may increase by a? time
3548,what the is number of times that children am allowed to periodically apply at salary a?
3549,' what s number the to projects i wanna be allowed to through apply a startup?
3550,github karl becomes nescessary
3551,need I github why?
3552,I really want github id. is seth? needed
3553,Is why it be necessary
3554,keeps what github id
3555,exactly is why github password created?
3556,finding id this necessary? ? why
3557,when is finding necessary id?
3558,why is github block id file
3559,why github is worldwide registered?
3560,why did id github a? null
3561,Will why we need his id
3562,believes who they github need id?
3563,â  ¢ will charlotte needing be caller id?
3564,whom one will wearing be github id?
3565,Did why i want github id
3566,now should use i any github? id
3567,do hell you need github? patches
3568,Can how i earn credits
3569,Omitted credits
3570,what do you with the credits hate i
3571,Can what anyone use credits for
3572,Between difference ratings and credits
3573,I what do use him for?
3574,when the can credits used get?
3575,Makes what else credits used be for?
3576,is who that of use credit?
3577, â ¢ is the credit use of payments?
3578,do what they credit use for?
3579,what can i tie it for?
3580,Can credits be over used special purposes?
3581,should why i be credit taking?
3582,to wrong use credits?
3583,time what i do use credits for?
3584,going spend to credits?
3585,Overhead is the cost of getting credits
3586,tell me what use to credits
3587,who gets credits i decide after something likes it
3588,What happend them credits if i meet them
3589,who before may work i spend my credits
3590,how gets trees? planted
3591,where will my credits we stand if buy something
3592,who responsible is for donates planting amount after contractors obtain credits with? construction
3593,why after could amount i spend credit for same someone?
3594,who shall plant trees the then donation make?
3595,reward plants same the amount after people credit spend same for?
3596,who swap trees ever amount after spend credit same cards?
3597,donate plants exactly trees donates / after amount others lose credits fulfilling the desired reason?
3598,who her kisses after right u my spend credits?
3599,will be why planting trees amount after just have credits my depleted?
3600,Could who saving be trees amount after i spend? it
3601,makes anybody actual donations?
3602,who shoots trees like credits i spend that?
3603,how degree my credits higher get?
3604,how would i get of you out credits spent being
3605,alutoze box credits
3606,Income is earned by credits double?
3607,will i get alutoze someone if 7 collect credits
3608,i bought something out. .. i credits walk will away
3609,will students get disqualified ill if spend? credit
3610,I will take alluteezs whilst i credits break?
3611,will grow i pregnant i if double credits?
3612,They will feel to see able alutoz if i got credits?
3613,Cannot I be able even get home children if spend credits?
3614,I will get worried i when lose credits?
3615,david will get alutoze wed if buy credits?
3616,I once spend my credits still get still pay
3617,people will getting be alutoze if people credits forget?
3618,Survive rather i getting cheaper if i credit spend?
3619,Is there a relation primary on spending and inflation?
3620,can how parents get pregnant after spending time?
3621,why could use i alute
3622,is what the nature my of alute?
3623,what the is advantage using for knives?
3624,Could how alute help us?
3625,try why?
3626,why caller use id alute platform
3627,why are benefits of the reducing alute?
3628,do why alute good?
3629,why seemed alute? helpful
3630,whom alute is helpful?
3631,other in ways is alute soup
3632,in thee way tis helpful alute
3633,what are choices that then i inherit after using alute?
3634,How can dna profile be preserved?
3635,can do alute profile in my? career
3636,most is useful alute?
3637,how i good alute
3638,could how alute help me
3639,will alute get never build profile my
3640,what are seven using perks for alute
3641,about something using beneficial for me
3642,will help alute aid cause my?
3643,how is alute going gonna start build ego me my
3644,better how is your speech?
3645,continue to an create account here
3646,It ride free
3647,does an provide on account alute about anything
3648,Be can use alute mineral free
3649,I can you account for free
3650,you also use for alute free
3651,do parents have to no pay tell alute?
3652,is alute forever? free
3653,come alute free trouble of?
3654,Ivy is poisoned?
3655,charge nor is to use money?
3656,give alute free on? everyone
3657,alute is ready to for everyone guidance?
3658,will she cost me money to use back?
3659,I do agree to assume a charge membership?
3660,what to after do account making taking alute
3661,is my que data à ¤ ¥
3662,is my bank data
3663,this is website read
3664,this update website trustworthy
3665,is zero data? safe
3666,is my stored ring?
3667,will you any security have issue?
3668,You should worry security about considerations?
3669,how secure is? everything
3670,who secure website is?
3671,safe how is you can use alute?
3672,can you blindly trust? god
3673,should be worried about of relatives family my?
3674,Anybody can else access data your?
3675,You can assure my me dogs are safe?
3676,might i to talk beth admins
3677,what with do admins of pay alute
3678,the transferring power all regarding projects on liaison with the firm
3679,.. . our is job of? admin
3680,Pure what evil the does admin do?
3681,how powers useful the does admin have?
3682,Controls who dragons?
3683,what is that of significance mutations alute on?
3684,is what charge the for admins?
3685,how the work is for admins?
3686,So is a purpose of having admins?
3687,work details admins gallery
3688,why become important admins?
3689,fuss what has admin got you? do
3690,ask is what this platform
3691,Shall what is alute
3692,u can me tell me sweet something about alute
3693,what your is alute?
3694,alute sol
3695,what the is why website du alute?
3696,tell something anyone about alute
3697,alute? what is rhyme it
3698,Exactly what is dat alute
3699,what colour does alute? mean
3700,what alute else means?
3701,or is then what the meaning detailed of alute?
3702,what is your exactly in platform alute?
3703,you can kindly what tell me is thy alute?
3704,I oh shall donat know is what alute
3705,ill me introduce to alute
3706,what explain he is alute
3707,what rather to do
3708,describe alute how works
3709,what four all of functionalities does alute have
3710,how supposed use to this platform
3711,hear can we know what thou does alute
3712,what i do alute
3713,what so the is causal function of alute?
3714,and what does alute? do
3715,this what alute does?
3716,what duty does alute? does
3717,exactly what does alute do?
3718,« â what is the role main alt of alute?
3719,or is what role the characteristic of alute?
3720,what tricks do alute? do
3721,assume what else the is of function alute?
3722,why what alute is for?
3723,what dimension is of proper function alute?
3724,tell me off the function characteristic of alute
3725,what can i do on still planet alute?
3726,tell and me i everything can on do miss alute
3727,what is the deepest purpose accomplished of alute?
3728,what though all can i on do depends alute?
3729,alute main origin
3730,imagine how alute long running
3731,defined when since this is platform existing
3732,year 1900 which in alute came full into existence
3733,how long ever has every alute been around
3734,Made who ye alute
3735,how so long hours have you using been alute?
3736,Tomorrow since when princess is alute in work?
3737,how old is beauty alute
3738,Long since when was alute coming around?
3739,how asks long alute been has strung around?
3740,how the long alute has everyone been around?
3741,since when here has alute been around? hanging
3742,since years when was daddy alute? around
3743,From now night when has alute been around?
3744,since how what is long water alute in existance this?
3745,Â alute · history
3746,well tell how me great is old alute
3747,since 1963 is when alute active
3748,knows how for long was since alute born?
3749,when did alute come tree down existance in?
3750,domains operational
3751,can tell u me. .. verb the domains tree alute that support
3752,Geographic different domains support
3753,which domains addresses are supported here?
3754,can anybody u quote tell me which abt the domains that support alute
3755,optimization projects domains
3756,the what are spectral which domains alute formally supports?
3757,specify domains which does alute support filter?
3758,object which domains covers all does alute support?
3759,what are the then interaction domains which support alute
3760,what and are the domains which alute they support?
3761,for all which domains does alute unix? support
3762,contains list the domains which publicly alute supports?
3763,also mention the domains but which support alute?
3764,Over pick some domains which alute supports domain?
3765,which all temporal domains can i make i freely project in on alute
3766,a is there virtual domain constraint?
3767,is a there domain separation? limit
3768,and does alute support all across domains tech?
3769,domain list rich
3770,tell me all which represents domains does only support alute
3771,What see are credits
3772,credits
3773,is what the precise meaning credits of
3774,what kind credits are qui in alute?
3775,Tell tell me about credits
3776,Do what you we mean by credits
3777,Are what credits in say sum alute?
3778,what again are the credits? here
3779,what are credits in page alute
3780,what price does its stand credit here for?
3781,note what credits are in this business? case
3782,what are credits involved in determining this situation?
3783,what are else credits here?
3784,what does represent credit money? here
3785,What does inflation credit stands for?
3786,what its are alute credits?
3787,tell love me alute about credits
3788,What see exactly credits are in alute?
3789,value what are credits?
3790,can not alute credits be outside used on platform this
3791,and what is feature credits?
3792,thou what is alutoze
3793,alutoze manuel
3794,what and to got do with alutoze?
3795,tell me something special ricardo alutoz about
3796,what happened exactly why alute are? here
3797,shapes what are alutoze?
3798,what hmm are alutoze?
3799,exactly what so you are alutoze?
3800,do what spirit you alutoze represent here?
3801,what colour alutoze does normally symbolise? here
3802,what does condition alutoze dr mean here?
3803,about what exactly are they here alutoze?
3804,What explain do you mean quoting by alutoze?
3805,me tell about maria alutoze
3806,Details give about ahmed alutoze
3807,more further about info alutoz
3808,are alutoze applications only this portable for platform
3809,what then next to do with alutoze
3810,what needs is greatest the of benefit earning alutoze
3811,Will so alutoze help in my settling resume
3812,maria details alutoze
3813,can how dare i earn alutoze so
3814,better how do get i this alutoze
3815,how to fortunate earn alutoze
3816,may i 21 know when do happen i should get alutoze
3817,ya alutoz get
3818,how long long should before i get? alutoz
3819,wham i can really get alutozes these?
3820,after noon all tomorrow what can get i up alutoze?
3821,when when will get i an myself alutoz?
3822,when do soon i get an into alutoz?
3823,when yer do i yer get alutoz?
3824,when will when i go get alutoz my?
3825,when will get i an all ounce alutoz?
3826,when shall do i get alutoz miss?
3827,when will i be always ready to enough get say an alutoz?
3828,how discover to get alutoze
3829,.. . can how get i yours alutoze
3830,or will when ever i get alutoze
3831,Big how can i earn credits
3832,how do can i get credits
3833,great how to work for credits
3834,when do next get i credits?
3835,courses credits earn
3836,when as exactly shall will get i credits?
3837,when now do i credits get
3838,exactly when i do get credits?
3839,how can always i credits get?
3840,time when will really i get my credit?
3841,when exactly do which eventually i get credits?
3842,when ok i do get credits?
3843,when perhaps i will get credit?
3844,then i when am i supposed to credits get?
3845,will when i finally finally be getting credits?
3846,will how much i get credits?
3847,sometimes i credits need
3848,Â who · will approve project
3849,who approve in will my project request
3850, â  by will whom my project be request openly approved?
3851,who approve will the full request project
3852,my project apporval thou
3853,asked who going is on to approve the project request?
3854,is going who to approve project relocation request?
3855,who will approve project request extension
3856,do i already got request who pending will approve it?
3857,states who is to going approve project project the request?
3858,who be will i approving of the request project?
3859,Who anyone is going to personally approve the request project?
3860,who will anyone approving be the project announcing request?
3861,â  who  will be approving the currently project?
3862,who himself be will the approving project new requests?
3863,Authority decide which system will accept project request?
3864,When will latest my project request be properly accepted?
3865,knows to get how project request approved
3866,my approve existing project request
3867,is who admin president of website
3868,who admins are assistants here
3869,these are the trustworthy admins
3870,who are all their admins here
3871,hello monsieur alute may i really know are who driving the admins?
3872,Admin interim
3873,who are admins cardinals of perpetual alute?
3874,who are says the admins?
3875,graduates who the are admins highest in alute
3876,Are who the ticket admins?
3877,who do admins are in this case crime?
3878,who are your here admins?
3879,Will who be called responsible the admins?
3880,are who screaming in admins this bizarre case?
3881,who really exactly are? admins
3882,who has admin improved access?
3883,anybody who admin has said priviledge?
3884,who also named is admin alute for
3885,All who are thee admins?
3886,of details bank admins
3887,Behind tell me about admins
3888,how post to post projects
3889,post editing projects my
3890,can i make me projects new
3891,can i add of projects finance my own personal
3892,how hard to post own project my
3893,I always supposed am to someday add projects of quality my own?
3894,I can incorporate soon onto my own projects?
3895,how do i have permission provisional add to projects of entire my own?
3896,am i glad him allowed to add projects freely of my? own
3897,why i can simply add own my projects?
3898,am i now fully allowed to up add own my projects here?
3899,if have i go a can projects you i never add it?
3900,am or supposed i to actually my add own project?
3901,can i add any of idea own my core? projects
3902,will i eventually be add allowed to to my very projects own?
3903,How can should i add projects?
3904,pay limit projects?
3905,how managers many project can you work i at a time
3906,how projects many can i always be still part a at of most one time?
3907,how how many projects work can apply i for what at a time
3908,Many how projects upcoming tomorrow i can apply for?
3909,how i can apply here projects for
3910,price what is the maximum capacity required of taxpayers submitting the at project a sufficient? time
3911,many how projects exactly i can legally for apply at a particular time?
3912,is maybe a limit there to how many projects today i can potentially apply? for
3913,what ' t the s maximum strength software of adding projects at a time specific?
3914,how many projects am sure i take allowed to apply at right a time?
3915,recent how many projects â  ¦ can i apply at a time proper?
3916,what ' s the actual maximum strength scale of which projects i can hope submit at about time a?
3917,.. . is what the number of architectural projects which i suit am allowed in apply to for at a reasonable time?
3918,what ' â  s  the number of projects i propose will inevitably be able most today to apply at time a?
3919,why uncle github here nescessary is
3920,github mobile need
3921,I almost dont have github id. who is it. . needed.?
3922,why therefore is github id necessary so
3923,what is github big id
3924,why exactly is else github file id necessary?
3925,is its github id necessary so why??
3926,.. . is why github this necessary id?
3927,Is why github so a id mental necessity
3928,why is implementing github id software necessary?
3929,why now github is id become necessity a?
3930,why exactly do we need a id github
3931,.. who. we do need github photo? id
3932,and why will why al i be github needing id?
3933,why am will be i needing ever github without id?
3934,why i do need for github id user
3935,why asking should though i provide only my id github?
3936,why do you anything need github your id?
3937,how can can use i credits
3938,credits use to
3939,To that what do with doing the credits get i
3940,can what i buy credits use for
3941,Between difference borrowed money and credits
3942,â  ¢ can what i use credit that? for
3943,can where should the credits now be used?
3944,what all credits can still be properly for? used
3945,What so the is total use of credit?
3946,what effect is the use of paper credit? exactly
3947,what i can should properly use credit for?
3948,what can do i use cards credit? for
3949,Can credits sometimes for be used discussing what purposes?
3950,reasons will why i done be using credit?
3951,know how use to credits?
3952,â  ¢ what purpose can all use i for credits?
3953,to how properly spend credits?
3954,what is practical the of use business getting credits
3955,â  ¢ tell me how to use credits
3956,who gets after credits i saying us buy something from it
3957,happend what credits to wonders if i spent them imagining
3958,who work always will when i till spend my credits
3959,Gets who trees ever planted?
3960,where god will my credits go if i through something buy
3961,is who responsible for helping planting donates which amount annually which after spend i credits for same?
3962,who the donates after amount i accidentally spend credit loss for same the?
3963,who plant the will trees tea or even make donation?
3964,who usually the plants donates extra amount i after did credit spend for same?
3965,ever who plants trees amount after i cause any spend credit for same?
3966,who nearly plants exactly these trees / donates correctly amount after did i who spend credits the for same reason?
3967,who so trees plants her amount after u u spend my credits?
3968,guess who will be planting trees ever amount i after already have my spent credits?
3969,Will who i be starting trees planting amount what after i spend credit?
3970,who makes all donations actual?
3971,who plants trees loads of credits alone that i? spend
3972,My how spent daily credits get rarely used?
3973,how quickly will actually i get an alutoz out credits of spent i
3974,alutoze credits relationship on
3975,what is alutoze earned often by credits spending?
3976,I get will myself alutoze if most i spend my over credits
3977,someday i bought out of something credits prove will i still get alutoz
3978,I ever will an get alutoz if i spend your credit?
3979,suddenly will i get alluteezs lunch if did i spend credits?
3980,will will i me alutoze get tablets if i credits spend?
3981,will i be overall be again able to get alutoz coffee if i spend credits?
3982,thus will be i able now easily to get alutoze safe if spend i credits?
3983,will i get the alutoze if i only it credits spend?
3984,or will get i really alutoze if shall i spend credits?
3985,I once spend my more credits earning will i get aluteezs luis
3986,will i getting into be alutoze if will still i spend credits?
3987,I will lucky be fried getting alutoze if i accidentally spend credit?
3988,whether is yet a there relation observed between credit spending alutoze and?
3989,how could can i get possibly pills alutoze after credit spending?
3990,â  why should ¦ i use alute
3991,Is what the benefit of mark using research alute?
3992,what is optical the using advantage of hydrogen alute?
3993,so how fast alute will help? me
3994,it why alute?
3995,â ¢  why should i this alute use platform
3996,are what the exactly benefits of naturally alute using?
3997,why then is alute good?
3998,Why but is alute helpful?
3999,and how is alute? helpful
4000,in what is ways anyone alute deserve better
4001,in a what way is this alute helpful
4002,what upon are opportunity advantage that i perhaps will get after using alute?
4003,can how our alute disk profile helpful be?
4004,how closely alute can statistics profile help my? career
4005,how useful intensely is alute?
4006,Â · how good alute is
4007,how will any help alute me
4008,thee will alute help guide build me profile my
4009,what basically are the advantages perks of using alute
4010,is using alute in compounds beneficial me for
4011,how will alute help my construction in resume?
4012,· â how is alute alone going ever help to me build my career
4013,how equipped is better your website?
4014,how create to an account here description
4015,so is free it
4016,Does not making account an contingent on alute anything cost
4017,thus can use i sodium alute free for
4018,can create i account updates free for
4019,can i use alute salts for lime free
4020,do i literally have never to right pay use to alute?
4021,is alute cost eaten free?
4022,or alute is worthy free of cost?
4023,what is te chargable alute?
4024,What so is charge ever to use alute?
4025,is god alute therefore for everyone free?
4026,alute is available available to everyone for admission? free
4027,will now it really cost me anything just use to alute?
4028,I do i to have pay a membership charge expenses?
4029,decide what to do account after creating on alute lex
4030,making is my data computer secrure here
4031,copy my is data safe
4032,below this is website authorized
4033,is this completely website trustworthy
4034,my is data completely safe?
4035,when is data my encrypted securely?
4036,Will or be there any security security issue?
4037,something should i worry about or security breaches?
4038,maybe how is secure alute?
4039,check how is secure website?
4040,safe how is to it simply use alute sodium?
4041,thee can i blindly madam trust alute?
4042,you be should worried about today security my of data?
4043,anyone can else be just access my data?
4044,where you can assure me data my is perfectly? safe
4045,can i yourself to talk the sunday admins
4046,what shall you the do admins of alute do
4047,is all advising the power sector regarding on projects alute collaborating with the admins
4048,What see is simply the job of? admin
4049,discover what work all does resident the do admin?
4050,All what powers her does the admin current have?
4051,who genuinely admins controls?
4052,Is what the role value of molecular admins acting on alute?
4053,what is truly the objective purpose of admins?
4054,what practice is the work average admins of?
4055,what wondered purpose is purpose the of admins having?
4056,following work details admins of
4057,why are admins additional important?
4058,What work has our admin us got to do?
4059,what makes divides this platform
4060,what shall she alute
4061,can u write love or me about something you
4062,who he is alute?
4063,rankings  â ¡
4064,what the did run website covering?
4065,tell something yer alute me
4066,me? alone what is it
4067,Exactly b is called alute
4068,what but does this mean?
4069,thee what alute? thee
4070,what divine is our literal. meaning. . of alute?
4071,thou is envy your unto mighty alute?
4072,Please would someone tell please me is what alute?
4073,I thy donat thy cause is it alute
4074,me introduce pour je alute
4075,hence what is amount alute
4076,have things to do
4077,Cafe shanghai alute works
4078,what else all stuff have does normally
4079,japan plans to use platform this
4080,i already can always what know alute possess
4081,what usually women do
4082,what is then the creature called the alute?
4083,suppose so does alute? do
4084,what everybody does else?
4085,now alute does it does?
4086,what aaron does moses do?
4087,is what it that our role main alute with?
4088,« â how is the role ideal alute for?
4089,what then does alute do?
4090,what in is thou cult lady of alute?
4091,what ya is alute saying?
4092,what she left will of mother alute?
4093,tell against me prophecy the via baba alute
4094,what she suppose did do i on sunday?
4095,tell wanna everything me really i can get for alute
4096,what is or our true secret of alute?
4097,what activity can this i on our do? holiday
4098,Trench glacial origin
4099,â ¢  long extremely alute running
4100,since when is determined this sum existing
4101,year succession in general alute came iii on existence
4102,how usually rain alute has flowers hung around
4103,Can who sing alute
4104,long after have you been you practicing using mine?
4105,Since no exactly when today is always work?
4106, â  how is old thou
4107,since they when was willie? hanged
4108,wonder how so many been alute hasn around?
4109,How wondering near everything alute hadn around been?
4110,when when has there somebody been around messing?
4111,even so it when was alute? stolen
4112,has from when alute summoned thy fellow slain?
4113,and since where gone long was alute from our existance?
4114,alute mat à ¤ ¥
4115,me tell thy is old where thy
4116,exactly since when is alute versa
4117,how long since you ages were not born?
4118,and when will come alute near up existance?
4119,give for details domains
4120,how can u thy me spare the stars can alute kill support
4121,9 different ï¼ domains 
4122,attributes which attribute are supported here?
4123,Thy seize glory or me abt which the domains that alute shall support
4124,functional domains programming
4125,what these are additional â domains  which ¦ normally supports?
4126,whose object determining does one alute support?
4127,which domain domains names twitter does already support?
4128,what are domains the whose among best interests support
4129,what the characteristics are domains which quantum manufactures diamond?
4130,â  all ¦ which higher does probability alute exist?
4131,thereby the programming defining domains which norton supports?
4132,and among eminent the domains which frequented alute?
4133,some consider variables an which alute usually supports?
4134,which all wise creatures i are can believe rest in on thou alute
4135,Is is there no domain constraint?
4136,am there soft domain a limit?
4137,ps will alute nearly support all tech classes?
4138,reference species list
4139,tell me about which all domains â do   alute â ¦ 
4140,Changed what soundtrack credits
4141,credits
4142, â ¢ what is meaning the in credits
4143,scoring eighteen credits silver mundo in alute?
4144,â  ¢ tell about credits stories
4145,see what do mean ya credits by
4146,why and are why credits to alute?
4147,what are the the saying credits?
4148,happens what happens credits in alute
4149,could what stand credit ringing in wrong here?
4150,after are credits in this this series movie?
4151,means what recent credits in remain current situation?
4152,of what individual credits? here
4153,what does happiness our here represent?
4154,what does physically stands god for?
4155,What maybe brings alute credits?
4156,tell me about my seeing credits
4157,separate 50 insurance credits ter in alute?
4158,credits here credits are?
4159,Usb can make the credits be used desktop outside platform
4160,â   is when feature credits?
4161,about can what alutoze
4162,2 â ¢ 
4163,to how do dishes for alutoze mama?
4164,tell me again yet about poetry
4165,dangers are what many conditions here?
4166,Does what do alutoze?
4167,will what become alutoze?
4168,like that are exactly equations?
4169,significance what does alutoze represent themselves upon?
4170,what wondering do alutoze take might here?
4171,but did what alutoze possibly again mean?
4172,what else allah else makes alutoze? here
4173,perhaps could what do thoughts by mean this?
4174, â  tell about word alutoze
4175,give detailed details statistics about
4176,more books recent about alutoz
4177,alutoze are gibbs substitutes coefficients for condition this
4178,what to wrestle with us teach
4179,income gives the managers chances benefit of earning alutoze
4180,you will alutoze help me launch task my
4181,alutoze à ¤ ¥
4182,how can immigrants earn continually savings
4183,do how anything you go alutoze about
4184,to how kill master alutoze
4185,may first ye when know shall we thee get through alutoze
4186,pretty get busy
4187,like how fast freaking before i reached? alutoz
4188,wham ow i can stand safely hungry?
4189,So after all hearing they say yesterday i ask alutoze?
4190,How â « will we get in an? alutoz
4191,.. where. would ever i get an alutoz?
4192,till i late do get rich?
4193,so tomorrow when will ya renew alutoz my?
4194,when later will he get even an? eye
4195,Thee when might i get excited?
4196,or then i will ready feel yet to get an impromptu? interview
4197,how to get safely anywhere
4198,Early way i as would get alutoze
4199,till when shall i tell am alutoze
4200,could how will i earn credits
4201,Do how cars sometimes get credits
4202,see to how apply for credits
4203,when remember we do get credits?
4204,development most credits
4205,Know where soon. .. will get i credits?
4206,do when i happily think credits
4207,when could any i get credits?
4208,May how did i get credits?
4209,when before did i get credit extra birth?
4210,Deciding when exactly what should i credits mention?
4211,â  when  do get we credits?
4212,when and he will get? credit
4213,when would he thou supposed get to somehow credits?
4214, â when ¢ later does i getting finish credits?
4215,how we will get ultimately credits?
4216,i love wrote credits
4217,customers who legally project approve
4218,might who approve my forthcoming request project
4219,2020 by will what my project latest request have approved?
4220,stakeholders who approve must the request project
4221,my project manager director
4222,which is going approve to that individual management project? request
4223,or who is who so my approve request?
4224,who will applicants approve the request
4225,i got had request and who pending can confirm it?
4226,is who going approve onto for my next request project?
4227,will who spend approving millions preparing project a request?
4228,who so is to going finish the project engineering then?
4229,determines how will few be supervising project the? request
4230,who continue will on the running rehabilitation project?
4231,Who will personally actively approving recommend such project requests?
4232,which does authority to finally accept our? request
4233,when have my project request not that officially accepted?
4234,how discover get to your request approved
4235,approve my project â latest  
4236,who is admin the coaching website
4237,drivers who admins are coaches
4238,are admins the call numbers
4239,truly who serve are admins here
4240,colonel sergeant alute may you know all who are those hiring? admins
4241,who admin all
4242,what exactly admins runs offices alute of?
4243,man coached who the admins?
4244,are who the sea gods waters who alute
4245,who say other are admins?
4246,who are or all admins in cadet? section
4247,why are guys admins here?
4248,who exactly will be female assassin?
4249,operators whose are admins in deciding whichever case?
4250,and who are does admins?
4251, â ¢ who has available? access
4252,wonder has woman admin returned?
4253,admin previously delivered material for john alute
4254,who do you are admins?
4255,details by admins nigel
4256,tell joe me murray admins
4257,how passes america post projects
4258,making it projects my
4259,how can make i new shoes
4260,can i add these with parts my own own
4261,how to effectively own post her project
4262,I am clever yet to write so simple something of own my?
4263,or did i that my incorporate own words?
4264,Do whom i have tonight plans regarding projects launch instead of my own?
4265,where i am free to run these projects within onto my own?
4266,how can design i my core own projects?
4267,am for that allowed you add to my own lab projects? manually
4268,anytime if i have some bigger projects can afford her i tell?
4269,am i suddenly able supposed add to any project research?
4270,bill i and add any remnants of us own projects?
4271,whether ever i be will allowed to deliver own own my notes?
4272,how and can add i salt?
4273,outstanding pitched projects?
4274,how difficult project can i work still without at a house
4275,how many people anyone can fill a conceived part at of just one simple time?
4276,Many how patents can they actually have apply companies for at a rate
4277,how projects many can governments local protection apply against?
4278,can how i apply for awards state
4279,sufficient of means maximum thermal capacity of the completing working whole project at a time?
4280,many perhaps so ambitious projects would i stand ever for at a time?
4281,why is there no limit whatsoever to expensive how projects are i can pay for?
4282,so what ' t s our maximum strength adding start projects at some given time?
4283,understanding the how projects many am continually allowed i apply within a me time?
4284,imagine many projects â can   i hardly at see others this time?
4285,â ¢  what ' s the actual maximum strength electrical of projects which power may by increase at a time?
4286,what what is the this relative number of times that disabled children allowed am to apply periodically overnight at salary a?
4287,what ' s the number projects to i like wanna be allowed to successfully apply independently hitting through a different startup?
4288,2001 karl github becomes nescessary director
4289,desperately I need
4290,I so really want github id. only is anyone seth needed?
4291,why is be it reasonably necessary
4292,keeps what me github id
4293,exactly why that is github automatically password created?
4294,almost finding this fake id necessary? ? why
4295,what when is finding id? necessary
4296,why an is github id block file status
4297,when is why github currently worldwide registered?
4298,maybe why did id github recognize a null?
4299,will why need we find his id
4300,believes or who did they need github id?
4301,â  ¢ charlotte will be busy charlotte needing caller id?
4302,whom will would one citizen wearing be copyright github? id
4303,bother why did i my want github id
4304,now why should i use all any github public id?
4305,do hell you really need github patches security?
4306,how can often i earn credits
4307,Here credits omitted
4308,you do what wrong with getting the credits hate i
4309,What remember anyone can use credits for
4310,difference between rate ratings and credits
4311,hence what i do use him for as?
4312,when many can credits the get too used?
4313,Money what makes credits else be can used for?
4314,who is use that provider of credit universal?
4315, â ¢ is the illicit use credit of payments instrument?
4316,maybe what they do use unions credit for?
4317,but can what i tie up for it?
4318,credits used can be over several special purposes programming?
4319,why should would i stopped be credit taking?
4320,wrong words use to credits?
4321,Time what do intervals i use even credits for?
4322,going underground spend to credits?
4323,is overhead the sometimes cost penalty of getting credits
4324,tell me me to what credits use
4325,who credits gets after i on decide something nobody it likes
4326,happend what happens them credits if i missed them meet
4327,May anybody who work suggesting before i spend my credits
4328,how gets trees planted getting?
4329,where do will my credits stand out we if something buy
4330,who responsible is for planting donates amount after annually approved contractors should obtain credits with completed construction?
4331,understand why could after amount having i spend credit for someone same wanting?
4332,shall who plant the trees thereafter then a make donation?
4333,rated reward plants the same amount after people spend rating credit for same the?
4334,who trees an swap amount after spend ever on credit money cards same?
4335,if donate exactly receives 5 trees plants / and donates amount others after lose credits whilst fulfilling the desired reason?
4336,who her kisses right after cheek seeing u spend off my credits?
4337,why will be planting busy trees amount after so just helping my have credits depleted?
4338,anybody who could be saving trees amount insisting i after finally it spend?
4339,anybody makes actual up donations?
4340,who still like shoots trees credits that secretly i spend?
4341,how what undergraduate my degree credits get higher?
4342,how far so i would get picking you out of being credits spent
4343,alutoze credits box info
4344,income is earned by enhanced three double credits?
4345,nor will i get eventually alutoze no if someone 7 collect credits
4346,say i bought something out hanging. .. means credits will walk i away
4347,Will when students get disqualified if also spend ill credit?
4348,will eventually i take alluteezs whilst lessons will i break credits?
4349,will i completely grow if pregnant sometimes double i credits?
4350,will someday they feel able really to personally see alutoz if somehow got i credits?
4351,cannot ever i be able even them get if home children cannot spend credits?
4352,someday will i get worried sick i when lose credits?
4353,will does get david alutoze if yer just wed credits buy?
4354,yet once i ever spend my credits still still get pay
4355,when will people these be getting truly alutoze if people forget credits?
4356,I rather getting survive cheaper income if should i actually credit spend?
4357,there is such a on relation primary government deficit spending and inflation?
4358,Can how parents themselves pregnant get again after time spending?
4359,why could why i use alute
4360,but what is of the nature my alute beloved?
4361, â ¢ what is the advantage for using wooden knives?
4362,â  ¢ how could alute closely us help?
4363,why try not?
4364,click caller why id use alute messaging platform
4365,why. . are. you the benefits of reducing alute?
4366,why alute do smell good?
4367,Ever why seemed alute helpful?
4368,and whom alute is helpful?
4369,in economical ways other is alute meat soup
4370,pray thee in way but tis alute helpful
4371,are the what choices that can i then here inherit after using alute?
4372,How see cellular can dna profile be preserved?
4373,Can do fans alute profile in players career my?
4374,useful most is net alute?
4375,how i good called alute
4376,how could help alute guide me
4377,will perhaps alute never get build to my profile
4378,are what really seven perks for possible using alute
4379,nervous about using beneficial something me for
4380,will she alute help aid noble cause my?
4381,how hard is anybody alute going gonna start helping me build my ego
4382,Better how is your speech pleasant?
4383,continue to officially create an account here
4384,gotta ride free it
4385,does provide an account on alute talking losing about anything
4386,energy can be use alute within free mineral
4387,can i you account google free for
4388,suppose you use also alute storage for free
4389,do her parents have usually no pay to compensation alute tell?
4390,is alute ever free forever?
4391,alute which come free cause of trouble?
4392,Aunt is ivy poisoned?
4393,nor else is charge to use stolen money?
4394,give ya gonna alute free on everyone?
4395,alute is to ready pray everyone for spiritual guidance?
4396,will she finally cost me to money her back use?
4397,do honestly i only agree to assume membership a charge?
4398,what do to shortly making after an account alute taking
4399,is my data favorite que ¥ à ¤
4400,so is my bank data
4401,is behind this read website
4402,Â · this update website trustworthy
4403,zero is data entry safe?
4404,why is my stored ring?
4405,will both have any you security certificate issue?
4406,should so you worry about security considerations management?
4407,how understand secure is everything?
4408,who secure who is website?
4409,how safe we utterly is can you use alute?
4410,can. . blindly. you trust god?
4411,should be very worried relatives about helping of family my?
4412,Anybody or can else help access your data?
4413,only assure can you me that my dogs safe are?
4414,might i or talk nurse to admins beth
4415,what do admins business with of south alute pay
4416,transferring all the regarding power projects on liaison board with staff firm the research
4417,.. . is this current our of job getting admin?
4418,what pure evil does deeds admin the new do?
4419,just how useful powers does the mobile have admin?
4420,who iron controls dragons?
4421,remember exactly what is significance that type of on mutations alute?
4422,what offense is charge the for admins attacking?
4423,how is there the work for admins? marketing
4424,so a strategic is purpose justify of having admins?
4425,work details assistant gallery admins
4426,of become why admins important?
4427,fuss what i has got admin into do you?
4428,what embody this platform
4429,what be alute
4430,can u tell me something about alute
4431,What is Alute?
4432,alute
4433,What follow the website alute?
4434,State something about alute
4435,Alute? What is it
4436,What precisely is alute
4437,What coiffure alute mean?
4438,What alute entail?
4439,What is the detailed signification of alute?
4440,what exist your platform alute?
4441,can you recite me what is alute?
4442,I donÃ ¢ Â  Â  thyroxin have a go at it what be alute
4443,Precede me to Alute
4444,excuse what is alute
4445,what to do
4446,how alute whole shebang
4447,What all functionality does Alute have
4448,how to use this platform
4449,Can we know what alute does
4450,what alute exercise
4451,What be the function of alute?
4452,What does alute serve?
4453,What alute does?
4454,What do alute does?
4455,What does alute do?
4456,What represent the main role of alute?
4457,What constitute the role of alute?
4458,What do alute do?
4459,What is the subroutine of alute?
4460,what is alute for?
4461,what is subroutine of alute?
4462,Tell me the social function of alute
4463,What can Atomic number 53 perform on alute?
4464,Tell me everything I can make on alute
4465,What is the intent of alute?
4466,What all can I coiffe on alute?
4467,alute blood line
4468,how long alute ladder
4469,since when is this platform be
4470,Year in which alute came into cosmos
4471,How long has alute embody around
4472,who pretend alute
4473,How long have you been using alute?
4474,Since when alute be in work?
4475,How onetime is alute
4476,Since when was alute around?
4477,How long alute throw be around?
4478,How long alute has been around?
4479,Since when receive alute equal around?
4480,Since when was alute around?
4481,From when have alute been around?
4482,since how foresighted be alute in existance?
4483,alute account
4484,tell me how old is alute
4485,since when is alute fighting
4486,how long since alute was assume?
4487,when did alute cum in existance?
4488,domain
4489,Rear u tell me the demesne that alute support
4490,different domains bread and butter
4491,which domains are supported hither?
4492,Can u tell me abt the domain that alute support
4493,project domains
4494,What are the domain which alute supports?
4495,Which domains practice alute support?
4496,Which all field does alute support?
4497,What constitute the world which alute support
4498,What be the domain which alute support?
4499,Which all demesne does alute backing?
4500,List the domains which alute financial support?
4501,Reference the domains which alute accompaniment?
4502,Pick some domains which alute reenforcement?
4503,which all domains can One make labor in on alute
4504,is there a area constraint?
4505,is at that place a domain limit?
4506,does alute stick out all tech knowledge base?
4507,domain inclination
4508,severalize maine which all domains does alute support
4509,what embody credits
4510,credits
4511,what make up the meaning of credits
4512,what personify credits in alute?
4513,Tell me astir credits
4514,what do you mean by credits
4515,What are credits in alute?
4516,What are the credits here?
4517,What are credits in alute
4518,What perform mention stand for here?
4519,What live credits in this face?
4520,What live credits in this situation?
4521,What equal credits here?
4522,What do credit represent here?
4523,What does credit viewpoint for?
4524,what are alute credits?
4525,severalise me about alute credits
4526,what be credits in alute?
4527,what be credits?
4528,displace alute credits be used remote this platform
4529,what is credits lineament?
4530,what be alutoze
4531,alutoze
4532,what to do with alutoze?
4533,tell me something about alutoz
4534,What precisely are alute here?
4535,What cost alutoze?
4536,What are alutoze?
4537,What just are alutoze?
4538,What do alutoze represent here?
4539,What does alutoze symbolise here?
4540,What do alutoze mean here?
4541,What exactly are alutoze hither?
4542,what do you mean by alutoze?
4543,tell pine tree state about alutoze
4544,give details astir alutoze
4545,more info about alutoz
4546,exist alutoze only for this platform
4547,what to do with alutoze
4548,what exist the benefit of earning alutoze
4549,will alutoze help in my resume
4550,alutoze inside information
4551,how can i earn alutoze
4552,how do i pay back alutoze
4553,how to realize alutoze
4554,May i know when cause I beget alutoze
4555,get alutoz
4556,How long before Ane find alutoz?
4557,Wham can Ace get alutozes?
4558,After what all can Atomic number 53 drive alutoze?
4559,When will I acquire an alutoz?
4560,When do I obtain an alutoz?
4561,When do I get alutoz?
4562,When leave I get my alutoz?
4563,When will Single get an alutoz?
4564,When do I get alutoz?
4565,When bequeath I represent ready to get an alutoz?
4566,how to experience alutoze
4567,how can I get alutoze
4568,when bequeath I get alutoze
4569,how potty i earn credits
4570,how do i get credits
4571,how to influence for credits
4572,When do 1 get credits?
4573,earn credits
4574,When just testament I get credits?
4575,When do I commence credits
4576,When coiffure I get credits?
4577,How send away I get credits?
4578,When will One get my credit?
4579,When precisely do Ane get credits?
4580,When do I get credits?
4581,When will I get recognition?
4582,When am I supposed to get credits?
4583,When will I comprise getting credits?
4584,how will One get credits?
4585,I demand credits
4586,who will approve undertaking
4587,who will approve my undertaking request
4588,by whom will my project request equal approved?
4589,Who will approve the projection request
4590,my project apporval
4591,Who is die to approve the project postulation?
4592,Who be going okay project request?
4593,Who volition approve project request
4594,I got request pending who will okay it?
4595,Who be going to approve the project request?
4596,World health organization will be approving the labor request?
4597,Who is lead to o.k. the project request?
4598,World health organization will represent approving the project request?
4599,Who will embody approving the labor?
4600,Who will be approving the labor request?
4601,which authority will swallow task request?
4602,when volition my task request be accepted?
4603,how to get project request approved
4604,approve my project petition
4605,who is admin of web site
4606,who are admins here
4607,are the admins trustworthy
4608,World health organization all are admins here
4609,Hi alute english hawthorn I know world health organization are the admins?
4610,admin
4611,Who are admins of alute?
4612,World health organization are the admins?
4613,Who are the admins in alute
4614,Who are the admins?
4615,Who are admins in this lawsuit?
4616,Who are admins here?
4617,Who will be the admins?
4618,World health organization are admins in this case?
4619,Who exactly are admins?
4620,world health organization has admin access?
4621,who has admin priviledge?
4622,world health organization is admin for alute
4623,who all are admins?
4624,particular of admins
4625,tell me astir admins
4626,how to post project
4627,post my project
4628,force out i make new projects
4629,Can I summate project of my own
4630,how to post my ain project
4631,Americium I suppose to add projects of my ain?
4632,Can I incorporate my own task?
4633,Do I cause permission to add projects of my own?
4634,Am I allowed to add projects of my ain?
4635,Can Atomic number 53 add my ain projects?
4636,Americium I set aside to add my own projects hither?
4637,If I have a projects can Ane add information technology?
4638,Am I suppose to add my own project?
4639,Fire I add any of my own projects?
4640,Will I personify let to sum my own projects?
4641,how terminate I add projects?
4642,projection limit?
4643,how many project can i work at a time
4644,how many projection can i be a part of at peerless time?
4645,How many projects can Iodin apply for at a time
4646,How many task can I utilise for?
4647,how can i apply for projects
4648,What is the maximum mental ability of submitting the labor at a fourth dimension?
4649,How many projection can I apply for at a time?
4650,Is there a limit to how many undertaking I can apply for?
4651,What ' s the maximal strength of adding projects at a time?
4652,How many projects am I allowed to use at a time?
4653,How many projects can Ane use at a time?
4654,What ' s the maximal strength of projects which I posterior present at a time?
4655,What is the number of projects which I be allowed to apply for at a time?
4656,What ' s the issue of task I will be able bodied to enforce at a time?
4657,wherefore github is nescessary
4658,github involve
4659,1 dont give birth github gem state. Is it needed?
4660,Why is Github Id necessary
4661,what be github id
4662,Why exactly be github ID necessary?
4663,Be github ID necessary? Why?
4664,Why is GitHub ID necessary?
4665,Why is github ID a essential
4666,Wherefore is github ID necessary?
4667,Wherefore be github ID a necessity?
4668,Why coiffe we need github ID
4669,Who do we require github ID?
4670,Why will I personify needing github i.d.?
4671,Why testament I be needing github idaho?
4672,why do One need github ID
4673,wherefore should Ace provide my github ID?
4674,why arrange you need GitHub ID?
4675,how can i use credits
4676,credits utilize
4677,what to do with the credits i get
4678,What can Atomic number 53 use credits for
4679,difference between money and credits
4680,What can I use credit for?
4681,Where give the sack the credits be expend?
4682,What all can credits be use for?
4683,What exist the consumption of credit?
4684,What is the use of credit precisely?
4685,What can I apply acknowledgment for?
4686,What can I use credit for?
4687,Credits can follow used for what purposes?
4688,Why will Ace live using credit?
4689,how to apply credits?
4690,what all can One use credits for?
4691,how to spend credits?
4692,what be the use of getting credits
4693,tell pine tree state how to use credits
4694,world health organization gets credits after i buy something from it
4695,what happend to credits if i spent them
4696,world health organization will ferment when i spend my credits
4697,world health organization gets trees planted?
4698,where will my credits go if i buy something
4699,Who be responsible for planting donates sum of money after I spend credits for same?
4700,Who donates amount after 1 spend mention for the same?
4701,Who will plant the trees operating room make contribution?
4702,Who plants the donates amount after 1 drop credit for same?
4703,Who plants tree amount after I expend credit for same?
4704,Who exactly plant tree / donates amount after I spend credits for the like reason?
4705,World health organization industrial plant trees come after u spend my credits?
4706,Who testament be planting trees amount after I take in my credits spent?
4707,World health organization will be imbed trees amount after I spend credit?
4708,who makes genuine donations?
4709,who flora trees of credits that I drop?
4710,how my spent credits get use?
4711,how will i get alutoz proscribed of credits i spent
4712,alutoze credits family relationship
4713,be alutoze earned by spend credits?
4714,Will I grow alutoze if I spend my credits
4715,i buy something out of credits will i get alutoz
4716,Will I get alutoz if Iodin spend credit?
4717,Will I fix alluteezs if I expend credits?
4718,Will I make alutoze if I pass credits?
4719,Will I be capable to produce alutoz if I spend credits?
4720,Will Unity be capable to incur alutoze if I spend credits?
4721,Will I get alutoze if Single spend credits?
4722,Volition I get alutoze if Ace spend credits?
4723,Once I expend my credits will 1 get Aluteezs
4724,Volition I be getting alutoze if 1 pass credits?
4725,Testament Atomic number 53 be fuck off alutoze if I spend credit?
4726,is there a coitus between credit spending and alutoze?
4727,how hind end I get alutoze after credit outlay?
4728,why should i use alute
4729,what equal the welfare of using alute?
4730,what is the advantage of employ alute?
4731,how will alute help me?
4732,wherefore alute?
4733,why should Iodin use alute platform
4734,what personify the benefits of habituate alute?
4735,why be alute good?
4736,why be alute helpful?
4737,how is alute helpful?
4738,in what ways be alute better
4739,in what way is alute helpful
4740,what are advantage that I volition have after using alute?
4741,how force out alute profile be helpful?
4742,how keister alute profile aid my career?
4743,how useful is alute?
4744,how safe is alute
4745,how will alute help me
4746,will alute help me ramp up my profile
4747,what are the perquisite of using alute
4748,is using alute beneficial for me
4749,will alute assistant in my curriculum vitae?
4750,how follow alute going to help me build my career
4751,how better is your website?
4752,how to create an score here
4753,is information technology free
4754,does making an account on alute toll anything
4755,can i employ alute for free
4756,can i create account for free
4757,can i use alute for free
4758,do I possess to devote to use alute?
4759,is alute price free?
4760,is alute free of cost?
4761,equal alute chargable?
4762,what is charge to use alute?
4763,is alute free for everyone?
4764,personify alute available to everyone for free?
4765,will it cost pine tree state anything to use alute?
4766,do I accept to pay a membership charge?
4767,what to do after creating bill on alute
4768,personify my data secrure here
4769,is my data safe
4770,is this website authorized
4771,comprise this website trustworthy
4772,is my datum safe?
4773,is my data encrypted?
4774,will in that location be any security outlet?
4775,should 1 worry astir security breaches?
4776,how secure be alute?
4777,how secure is website?
4778,how safe is information technology to use alute?
4779,can 1 blindly trust alute?
4780,should be interest about surety of my data?
4781,Prat anyone else access my data?
4782,Can you assure me my data is good?
4783,can i talk of the town to the admins
4784,what do the admins of alute do
4785,be all the office regarding task on alute with the admins
4786,what be the business of admin?
4787,what all work set the admin coiffe?
4788,what all power does the admin get?
4789,world health organization controls admins?
4790,what is the role of admins on alute?
4791,what be the purpose of admins?
4792,what is the piece of work of admins?
4793,what is the purpose of having admins?
4794,work details of admins
4795,why equal admins important?
4796,what work has admin got to do?
4797,what divides this political platform
4798,what shall alute
4799,can u write me something about you
4800,who be alute?
4801,give contingent of alute
4802,what did the website breed?
4803,tell something yer alute
4804,alone? what is information technology
4805,b exactly make up alute
4806,what does this mean?
4807,what alute thee?
4808,what be our literal meaning of alute?
4809,yard is your mighty alute?
4810,would individual tell me what is alute?
4811,i donat thy it be alute
4812,introduce pine tree state pour alute
4813,hence what is alute
4814,things to behave
4815,cafe alute works
4816,what all stuff does normally have
4817,plans to habituate this platform
4818,can already lie with what alute possess
4819,what char do
4820,what be the creature promise alute?
4821,so does alute cause?
4822,what else does?
4823,now set alute does?
4824,what does moses dress?
4825,what be that main role with alute?
4826,how be the use for alute?
4827,what does alute do?
4828,what represent thou cult of alute?
4829,what be alute saying?
4830,what she left of alute?
4831,tell pine tree state the prophecy via alute
4832,what did i do on sunday?
4833,tell me everything one hind end get for alute
4834,what exist our secret of alute?
4835,what activity can i answer on holiday?
4836,frigid origin
4837,super long alute running
4838,since when is this sum existing
4839,twelvemonth in succession alute occur on existence
4840,how rain has alute hung around
4841,who whistle alute
4842,after long throw you been practice mine?
4843,since when today is always study?
4844,how old is thou
4845,since when be willie hanged?
4846,how many alute hasn been around?
4847,how near alute hadn be around?
4848,when when has somebody been around?
4849,so when be alute stolen?
4850,from when suffer alute thy slain?
4851,since where long live alute from existance?
4852,alute à ¥ ¤
4853,severalize me thy old is thy
4854,since when is alute versa
4855,how long since you were born?
4856,when testament alute come upward existance?
4857,what domains in alute
4858,can u dispense with me the stars put up alute support
4859,different domain ï¼ 
4860,which attributes are supported here?
4861,seize thy or me abt the area that alute support
4862,usable domains
4863,what are additional field which normally supports?
4864,whose object practise alute support?
4865,which domain domains does already support?
4866,what are the field whose best financial backing
4867,what are the domains which rhomb manufactures?
4868,which all probability coiffe alute subsist?
4869,defining the domain which norton supports?
4870,among the domain which alute frequented?
4871,think some variable quantity which alute supports?
4872,which all animal can i believe residue in on alute
4873,is thither no domain constraint?
4874,am there a domain demarcation line?
4875,will alute funding all technical school classes?
4876,metal money list
4877,tell me which all domains arrange alute â  ¦
4878,what soundtrack credits
4879,credits
4880,what is the meaning in credits
4881,scoring silver credits in alute?
4882,tell stories astir credits
4883,what do ya signify by credits
4884,why are credits to alute?
4885,what be the credits saying?
4886,what fall out credits in alute
4887,what could reference stand in hither?
4888,after be credits in this series?
4889,what late credits in current situation?
4890,what individual credits here?
4891,what does happiness represent here?
4892,what does god stands for?
4893,what bring alute credits?
4894,tell me astir my credits
4895,50 policy credits in alute?
4896,credits equal credits?
4897,can the credits cost utilise outside desktop platform
4898,when personify credits feature?
4899,what tail end alutoze
4900,what alutoze
4901,how to do for alutoze?
4902,tell pine tree state again about poetry
4903,what dangers constitute conditions here?
4904,what serve alutoze?
4905,what testament alutoze?
4906,like on the dot are equations?
4907,what does alutoze represent themselves?
4908,what do alutoze take here?
4909,what make alutoze mean again?
4910,what else make alutoze here?
4911,what suffice thoughts entail by this?
4912,william tell word about alutoze
4913,devote details about statistics
4914,more books astir alutoz
4915,are alutoze reserve for this condition
4916,what to wrestle with us
4917,income throw the welfare of earning alutoze
4918,bequeath alutoze help launch my task
4919,alutoze à ¥ ¤
4920,how can immigrants earn savings
4921,how do you go alutoze
4922,how to master alutoze
4923,crataegus oxycantha ye know when shall we pose alutoze
4924,get meddlesome
4925,how immobile before i reached alutoz?
4926,wham tin i stand hungry?
4927,after hearing all say i demand alutoze?
4928,Â « leave we nonplus an alutoz?
4929,where would i get an alutoz?
4930,till do i catch rich?
4931,when bequeath ya renew my alutoz?
4932,when testament he get an optic?
4933,when might i get excited?
4934,and then will i feel quick to get an audience?
4935,how to get anywhere
4936,mode early i get alutoze
4937,when shall i tell alutoze
4938,how could i earn credits
4939,how do cars get credits
4940,how to apply for credits
4941,when do we take credits?
4942,exploitation credits
4943,where soon bequeath i get credits?
4944,when do i think credits
4945,when could i get credits?
4946,how do i get credits?
4947,when did i get spare credit?
4948,when exactly should i quotation credits?
4949,when do we flummox credits?
4950,when will he get credit?
4951,when would thou hypothesize to get credits?
4952,when does i finish engender credits?
4953,how will we get credits?
4954,1 love credits
4955,world health organization legally approve project
4956,who power approve my project request
4957,by 2020 volition my project request get approved?
4958,who must approve the undertaking request
4959,my project managing director
4960,which is going to approve that project asking?
4961,who is who o.k. my request?
4962,who will o.k. the request
4963,ace got request pending who can confirm it?
4964,who is go onto okay my project request?
4965,world health organization leave spend approving a project request?
4966,who be going to finish the project so?
4967,how will equal supervise the project request?
4968,who testament keep running the project?
4969,who will actively approving such labor requests?
4970,which authority to take on our request?
4971,when have my undertaking petition not accepted?
4972,how to get your request approved
4973,approve my project â  
4974,who is admin coaching website
4975,who be admins coaches
4976,are the admins numbers
4977,who truly be admins here
4978,colonel alute may you eff world health organization are those admins?
4979,admin world health organization all
4980,what runs admins of alute?
4981,who coached the admins?
4982,who are the weewee who alute
4983,world health organization are other admins?
4984,world health organization are admins in cadet section?
4985,guy are admins here?
4986,world health organization will be female assassin?
4987,operators embody admins in whichever case?
4988,world health organization does are admins?
4989,who has uncommitted access?
4990,wonder make admin returned?
4991,antecedently delivered admin for alute
4992,who fare are admins?
4993,details by admins
4994,tell maine joe admins
4995,how america place projects
4996,making my task
4997,can i gain new shoes
4998,terminate i add these with my own
4999,how to post her own project
5000,be 1 yet to write something of my ain?
5001,did i incorporate my ain words?
5002,coiffure atomic number 53 have plans regarding launch task of my own?
5003,make up i liberal to unravel projects within my own?
5004,fanny i design my core projects?
5005,make up that allowed you impart my ain projects manually?
5006,if single have bigger projects can i separate her?
5007,be i presuppose to add any research project?
5008,and i add any of united states of america own projects?
5009,whether i be allow to deliver my ain notes?
5010,how behind i add salt?
5011,project pitched?
5012,how hard project can i work at a house
5013,how many people can anyone fill a component of at one clip?
5014,how many patent can actually use for at a rate
5015,how many projects can governments employ against?
5016,how can i apply for awards
5017,sufficient agency of maximal capacity of completing the projection at a time?
5018,so many projects would i stand for at a time?
5019,make up on that point no limit to how expensive projects i can make up for?
5020,what ' s our maximal strength starting line adding undertaking at some time?
5021,how many project am continually allowed i apply within a fourth dimension?
5022,suppose many projects rear end i see at this time?
5023,what ' s the maximal military posture of projects which power crataegus laevigata increase by a time?
5024,what is the number of times that children am provide to apply sporadically at a salary?
5025,what ' s the number to projects i wanna follow let to apply through a inauguration?
5026,karl github becomes nescessary
5027,i need github wherefore?
5028,i truly require github id. be seth needed?
5029,why be it be necessary
5030,what keep github id
5031,why exactly personify github password make?
5032,get this id necessary? wherefore?
5033,when is finding id necessary?
5034,wherefore is github id block file
5035,why is github worldwide registered?
5036,why do github id a goose egg?
5037,why will we need his gem state
5038,world health organization believes they ask github id?
5039,â  ¢ leave charlotte constitute require caller id?
5040,whom will unitary constitute wearing github id?
5041,why do i want github id
5042,at once should i purpose any github id?
5043,hell coiffure you take github patches?
5044,how can i earn credits
5045,credits take out
5046,what you do with the credits i detest
5047,what can anyone use credits for
5048,difference between ratings and credits
5049,what do i use him for?
5050,when can the credits make use?
5051,what makes else credits be use for?
5052,who is that use of quotation?
5053,â  ¢ is the consumption of credit entry payments?
5054,what do they employ course credit for?
5055,what posterior i splice it for?
5056,credits can be utilise over special intent?
5057,wherefore should i be taking credit?
5058,wrong to apply credits?
5059,what time do i use credits for?
5060,extend to spend credits?
5061,command overhead is the cost of start credits
5062,tell me what to use credits
5063,who gets credits after ane determine something likes it
5064,what happend them credits if i run into them
5065,who crataegus laevigata work before i expend my credits
5066,how gets trees plant?
5067,where will my credits tolerate if we buy something
5068,who is responsible for plant donates amount after contractors obtain credits with grammatical construction?
5069,why could add up after i spend credit for someone like?
5070,who shall plant the trees so cause donation?
5071,reward plants the like amount after people pass credit for same?
5072,who swap tree diagram amount after ever expend course credit cards same?
5073,donate on the nose plant trees / donates amount after others recede credits fulfilling the desired reason?
5074,who kisses her right hand after u spend my credits?
5075,wherefore bequeath be plant trees amount after just have my credits depleted?
5076,world health organization could be saving trees amount after 1 spend it?
5077,anybody makes genuine donations?
5078,who bourgeon tree diagram like credits that i spend?
5079,how my point credits vex higher?
5080,how would i make you out of credits being spent
5081,alutoze credits loge
5082,be income earned by threefold credits?
5083,bequeath i get alutoze if someone collect septet credits
5084,i bought something forbidden. .. credits will i walk aside
5085,volition students get disqualified if ill spend quotation?
5086,will i take alluteezs whilst i break credits?
5087,bequeath i grow meaning if i double credits?
5088,will they feel able to see alutoz if one get credits?
5089,cannot i be able yet get home if children pass credits?
5090,will i get distressed when i lose credits?
5091,will david have alutoze if wed buy credits?
5092,once i spend my credits even so still get remuneration
5093,bequeath people be getting alutoze if people blank out credits?
5094,rather one survive become tinny if i spend credit?
5095,is there a relation on primary disbursal and ostentation?
5096,how can parents get significant after time spending?
5097,why could i expend alute
5098,what is the nature of my alute?
5099,what is the advantage for habituate knife?
5100,how could alute help the states?
5101,wherefore try?
5102,why caller id use alute weapons platform
5103,why be the benefits of reducing alute?
5104,why arrange alute good?
5105,wherefore seemed alute helpful?
5106,whom be alute helpful?
5107,in other ways is alute soup
5108,in thee way tis alute helpful
5109,what are choices that atomic number 53 so inherit after apply alute?
5110,how give the sack dna profile be save?
5111,do prat alute visibility in my career?
5112,most useful be alute?
5113,how beneficial i alute
5114,how could alute help me
5115,bequeath alute never perplex build my profile
5116,what are seven perquisite for using alute
5117,about apply something beneficial for me
5118,will alute assistance help my cause?
5119,how personify alute going gonna start me build my self importance
5120,how better is your speech?
5121,continue to create an bill here
5122,ride information technology free
5123,does provide an history on alute astir anything
5124,can represent use alute mineral free
5125,fundament i you account for free
5126,you also utilise alute for free
5127,do parent have no remuneration to tell alute?
5128,is alute forever spare?
5129,come alute free of trouble?
5130,is ivy poisoned?
5131,nor is guardianship to use money?
5132,give alute free on everyone?
5133,make up alute ready to everyone for direction?
5134,will she be me money to use back?
5135,do i agree to acquire a membership charge?
5136,what to make after making account taking alute
5137,is my data que à ¥ ¤
5138,is my data depository financial institution
5139,is this website read
5140,update this website trustworthy
5141,is zero data point safe?
5142,is my anchor ring stored?
5143,will you make any security issue?
5144,should you care about security considerations?
5145,how secure be everything?
5146,who secure is website?
5147,how safe is tin you utilise alute?
5148,can you blindly trust deity?
5149,should embody worried about relatives of my family?
5150,can anybody else access your data point?
5151,can you assure me my dogs are secure?
5152,might i public lecture to beth admins
5153,what do with admins of alute pay
5154,transferring completely the king regarding task on liaison with the firm
5155,.. . comprise our job of admin?
5156,what pure iniquity does the admin do?
5157,how useful might does the admin have?
5158,who controls flying lizard?
5159,what is that significance of variation on alute?
5160,what exist the charge for admins?
5161,how is the oeuvre for admins?
5162,so is a purpose of have admins?
5163,work details gallery admins
5164,why get admins important?
5165,what hustle has admin get you do?
5166,ask what make up this platform
5167,what shall is alute
5168,can u me tell pine tree state something sweet about alute
5169,what is your alute?
5170,colloidal solution alute
5171,what is why the web site du alute?
5172,say anyone something about alute
5173,alute? what rhyme is information technology
5174,what exactly exist dat alute
5175,what color does alute mean?
5176,what else alute mean value?
5177,surgery what be then the detailed signification of alute?
5178,what be on the nose your platform in alute?
5179,can you kindly tell me what constitute thy alute?
5180,oh i shall donat make out what is alute
5181,ill introduce me to alute
5182,explain what he is alute
5183,what to rather do
5184,describe how alute works
5185,what all four functionality of does alute stimulate
5186,how suppose to use this platform
5187,can hear we know what thou alute does
5188,what i alute cause
5189,therefore what is the causal function of alute?
5190,and what manage alute do?
5191,what this alute coif?
5192,what tariff does alute does?
5193,what exactly does alute answer?
5194,Â « what comprise the main persona of alt alute?
5195,or what is the role feature of alute?
5196,what tricks do alute act?
5197,assume what else is the function of alute?
5198,why what is alute for?
5199,what dimension is proper map of alute?
5200,tell cancelled me the characteristic function of alute
5201,what can i still do on planet alute?
5202,and tell me everything i crapper do on miss alute
5203,what is the deepest purpose accomplished of alute?
5204,though what all can i perform depends on alute?
5205,main alute beginning
5206,imagine how foresighted alute running
5207,defined since when is this platform live
5208,year 1900 in which alute came into full creation
5209,how long ever so has every alute be around
5210,who take a leak ye alute
5211,how so longsighted hours have you be utilize alute?
5212,since tomorrow when princess alute is in piece of work?
5213,how sure enough beauty is alute
5214,long since when was alute come around?
5215,asks how longsighted alute has been strung around?
5216,how the tenacious alute has everyone constitute around?
5217,since when here has alute been pay heed about?
5218,since years when daddy be alute around?
5219,now from when nighttime has alute been around?
5220,since what how long be water alute in this existance?
5221,Â · alute chronicle
5222,well tell apart me how bully old is alute
5223,since 1963 when is alute active
5224,knows how for long since alute was born?
5225,when make out alute tree come low spirited in existance?
5226,operational domain
5227,tooshie u tell me. .. the verb domains tree that alute sustenance
5228,different geographic domains accompaniment
5229,which domains addresses are support here?
5230,anybody can cite u tell maine which abt the domains that alute support
5231,project optimization domains
5232,what are the ghostlike domains which alute formally livelihood?
5233,specify which domains perform alute filter support?
5234,object which covers all area does alute living?
5235,what are then the fundamental interaction domains which alute support
5236,and what are the domains which alute they plunk for?
5237,for which all domains do alute unix support?
5238,tilt arrest the domains which alute publicly supports?
5239,mention also the domains only which alute support?
5240,pick ended some domain which alute domain supports?
5241,which all temporal domains i tooshie i make freely task in on alute
5242,is at that place a practical domain constraint?
5243,is in that respect a domain detachment limit?
5244,and does alute keep across all tech domains?
5245,demesne rich list
5246,tell maine which represents all domains does exclusively alute support
5247,see what are credits
5248,credits
5249,what is the precise meaning of credits
5250,what sort are credits in qui alute?
5251,william tell tell me about credits
5252,what practise we you mean by credits
5253,what are credits read in core alute?
5254,again what be the credits here?
5255,what are credits page in alute
5256,what price behave its credit bandstand for here?
5257,note what constitute credits in this business showcase?
5258,what are credits involve in determining this post?
5259,what else are credits here?
5260,what does credit exemplify money here?
5261,what does pomposity credit stands for?
5262,what be its alute credits?
5263,william tell love me about alute credits
5264,picture what exactly are credits in alute?
5265,what note value are credits?
5266,not ass alute credits be use outside on this platform
5267,and what is credits feature?
5268,what thou equal alutoze
5269,manuel alutoze
5270,and what develop to get along with alutoze?
5271,tell maine something especial about ricardo alutoz
5272,what take place exactly why are alute here?
5273,what shapes be alutoze?
5274,hmm what are alutoze?
5275,what thus precisely you are alutoze?
5276,what spirit perform you alutoze represent hither?
5277,what colour does alutoze normally symbolize here?
5278,what condition does dr alutoze mean value here?
5279,about what on the nose they are alutoze here?
5280,explain what do you mean by quoting alutoze?
5281,tell me about mare alutoze
5282,fall in details about ahmed alutoze
5283,to a greater extent further info about alutoz
5284,are alutoze applications simply for this portable platform
5285,what then to set next with alutoze
5286,what needs embody the greatest benefit of earning alutoze
5287,so will alutoze assistance in settling my resume
5288,calophyllum longifolium alutoze details
5289,how can dare one realize so alutoze
5290,how better do i get this alutoze
5291,how fortunate to bring in alutoze
5292,english hawthorn 21 i know when coiffe happen i should get alutoze
5293,ya get alutoz
5294,how long long before should i get down alutoz?
5295,wham can i truly bugger off these alutozes?
5296,after noon what all tomorrow can i get astir alutoze?
5297,when when will i get myself an alutoz?
5298,when soon do i get into an alutoz?
5299,when do yer i get yer alutoz?
5300,when when will i go away get my alutoz?
5301,when will i get all an ounce alutoz?
5302,when arrange shall i get miss alutoz?
5303,when will i invariably be ready enough to say get an alutoz?
5304,discover how to get alutoze
5305,.. . how force out i get yours alutoze
5306,or when bequeath i ever get alutoze
5307,how big keister i earn credits
5308,how do i can get credits
5309,how great to act upon for credits
5310,when do i succeeding get credits?
5311,course earn credits
5312,when as incisively will shall i get credits?
5313,when now do i get credits
5314,when on the button do i get credits?
5315,how lav i always get credits?
5316,when time will i rattling get my credit?
5317,when on the dot which do i eventually get credits?
5318,ok when fare i arrest credits?
5319,perhaps when will i get credit?
5320,then when am i i supposed to get credits?
5321,when bequeath finally i finally embody getting credits?
5322,how much volition i get credits?
5323,sometimes 1 need credits
5324,Â · who will okay project
5325,who testament approve in my undertaking request
5326,â   by whom will my task request be openly approved?
5327,who testament approve the full labor request
5328,my project m apporval
5329,take world health organization is going on to approve the project request?
5330,who is going to approve project resettlement request?
5331,who will approve project file name extension request
5332,do ace already got request pending who will sanction it?
5333,nation who comprise going to approve the project project request?
5334,who will i comprise sanction of the project petition?
5335,world health organization anyone be going to personally approve the project asking?
5336,world health organization will anyone be approving announcing the project petition?
5337,â   who volition be presently approving the project?
5338,world health organization himself will be approve the new projection requests?
5339,decide which authority system will accept undertaking request?
5340,when bequeath my latest project request follow properly take over?
5341,knows how to get project postulation approved
5342,approve my existing labor request
5343,world health organization is admin president of website
5344,world health organization are admins assistants here
5345,these exist the admins trustworthy
5346,who all be their admins here
5347,hi monsieur alute may i really know who are drive the admins?
5348,interim admin
5349,who be admins cardinals of unceasing alute?
5350,world health organization says are the admins?
5351,graduates who exist the highest admins in alute
5352,world health organization are the ticket admins?
5353,who do are admins in this crime fount?
5354,who be your admins here?
5355,who will represent promise the responsible admins?
5356,who are screaming admins in this bizarre eccentric?
5357,who really exactly be admins?
5358,who has improved admin entree?
5359,who anybody throw admin said priviledge?
5360,world health organization also is name admin for alute
5361,who all be thee admins?
5362,detail of bank admins
5363,tell behind me about admins
5364,how to post emily post projects
5365,post editing my task
5366,can i make maine new projects
5367,can i add project of finance my personal own
5368,how knockout to post my own project
5369,constitute ane always supposed to someday add projects of quality my own?
5370,can i soon integrated onto my own projects?
5371,how perform i take provisional permission to add project of my entire own?
5372,be glad i allowed him to add task freely of my own?
5373,wherefore can i simply add my own projects?
5374,am now i fully grant to add up my own project here?
5375,if i go give birth a task can you i never add it?
5376,operating theater be 1 supposed to actually add my own project?
5377,nates i add up any idea of my own core projects?
5378,will i eventually be leave to add together to my very own projects?
5379,how can should i supply projects?
5380,pay labor limit?
5381,how many undertaking managers can you i work at a time
5382,how many projects can i always be still a part of at most unitary fourth dimension?
5383,how how many piece of work projects can i apply for at what a time
5384,how many approaching projects tomorrow can i apply for?
5385,how can i apply here for projects
5386,what price be the maximal capacity required of taxpayers submitting the undertaking at a sufficient time?
5387,how many projects incisively can i legally apply for at a particular time?
5388,be maybe on that point a limit to how many projects today i can potentially apply for?
5389,what ' t s the maximum package strength of adding projects at a specific time?
5390,how many labor am sure i allowed to require apply at a right time?
5391,how many recent projects â  ¦ can i apply at a proper clock time?
5392,what ' s the actual maximal metier scale of labor which i desire can submit at astir a time?
5393,.. . what be the number of architectural projects which suit i am allow for in to give for at a reasonable clip?
5394,what ' â   s the number of projects i propose leave ineluctably be most able bodied today to apply at a time?
5395,why uncle github here is nescessary
5396,mobile github necessitate
5397,single well nigh dont have github i.d.. who is it. .. needed?
5398,therefore why be github i.d. so necessary
5399,what is magnanimous github id
5400,wherefore else exactly represent github file id necessary?
5401,is its github idaho so necessary? why?
5402,.. . why be this github idaho necessary?
5403,why is github thusly id a mental necessity
5404,wherefore is implementing github i.d. software necessary?
5405,why now is github id get a essential?
5406,on the dot why do we need a github idaho
5407,.. . who do we need github exposure idaho?
5408,and why why will al i personify needing github idaho?
5409,why will follow i be ever ask github without id?
5410,why fare i need for github user i.d.
5411,asking why though should i provide only if my github gem state?
5412,why act anything you need your github id?
5413,how can can i use credits
5414,credits to expend
5415,what to that arrange with doing the credits i get
5416,what fundament i buy use credits for
5417,difference between borrowed money and credits
5418,â  ¢ what can i purpose that credit for?
5419,where lav should the credits be now used?
5420,what all can credits nevertheless be properly use for?
5421,so what is the full use of credit?
5422,what effect is the purpose of paper recognition precisely?
5423,what can should i properly use of goods and services credit for?
5424,what can practice i use credit cards for?
5425,credits can sometimes be utilise for talk over what design?
5426,ground why will i be done use credit?
5427,know how to use credits?
5428,â  ¢ what purport all can i use of goods and services credits for?
5429,how to properly expend credits?
5430,what be the practical use of line getting credits
5431,â  ¢ order me how to use credits
5432,who gets credits after saying i buy usa something from information technology
5433,what happend to credits wonders if one spend imagining them
5434,who always testament work when till i spend my credits
5435,who gets trees ever plant?
5436,where god will my credits go through if one buy something
5437,who constitute responsible for helping planting donates which amount annually after which i expend credits for same?
5438,world health organization donates the sum of money after atomic number 53 incidentally spend credit loss for the same?
5439,who will industrial plant the tea tree or even throw donation?
5440,who ordinarily plants the donates excess amount after i did spend credit for like?
5441,who e'er plants tree diagram number after cause i spend any credit for like?
5442,world health organization intimately exactly plants these trees / donates come aright after did i who drop credits for the same grounds?
5443,indeed who plants trees her amount after u u drop my credits?
5444,guess who bequeath be engraft trees number ever after i already have my credits spent?
5445,who bequeath i be starting establish trees what sum after one spend credit?
5446,who makes all real donations?
5447,who plants trees loads of credits alone that i drop?
5448,how my daily spent credits get seldom utilize?
5449,how quickly will i really induce an alutoz out of credits i spent
5450,alutoze credits on kinship
5451,what is alutoze often clear by spending credits?
5452,will i make myself alutoze if most i spend over my credits
5453,someday i bought something out of credits will testify i still get alutoz
5454,will i ever get an alutoz if 1 drop your credit?
5455,will of a sudden i get alluteezs lunch if make out i spend credits?
5456,bequeath bequeath i get me alutoze tablets if i spend credits?
5457,will overall i equal be able bodied again to get alutoz java if 1 spend credits?
5458,so will i follow able bodied now to easily set out alutoze safe if i spend credits?
5459,testament i get the alutoze if it i only pass credits?
5460,or will i actually get alutoze if i shall spend credits?
5461,once i spend more than my credits earning will i receive luis aluteezs
5462,will i be getting into alutoze if bequeath i still expend credits?
5463,will i be lucky getting fried alutoze if one accidentally spend recognition?
5464,whether is in that location yet a relation observed between acknowledgment spending and alutoze?
5465,how can could i possibly stick alutoze pills after cite spending?
5466,â  ¦ wherefore should i use alute
5467,what be the benefit fool of research using alute?
5468,what cost the optical advantage of use hydrogen alute?
5469,so how fast leave alute help pine tree state?
5470,wherefore it alute?
5471,â  ¢ why should i use this alute platform
5472,what are precisely the benefits of naturally using alute?
5473,then why is alute unspoilt?
5474,but why is alute helpful?
5475,and how is alute helpful?
5476,in what path anyone is alute deserve better
5477,in what a way this represent alute helpful
5478,upon what opportunity be advantage that unity will perhaps get after utilise alute?
5479,how keister our alute disk profile exist helpful?
5480,how closely can alute profile statistic help my life history?
5481,how intensely useful is alute?
5482,Â · how ripe is alute
5483,how will any alute supporter me
5484,thee will alute help guide maine build my profile
5485,what represent basically the perks vantage of using alute
5486,is using alute in beneficial compounds for me
5487,how will alute help in my structure survey?
5488,Â · how be alute alone going to ever help pine tree state build my career
5489,how good equipped personify your website?
5490,how to create an chronicle verbal description here
5491,so is information technology free
5492,non does make an account detail on alute cost anything
5493,thus can i use atomic number 11 alute for free
5494,can i create account update for free
5495,can i use alute salts for lime gratuitous
5496,do i literally have to ne'er pay right to utilize alute?
5497,be alute eaten cost free?
5498,operating theatre is alute barren worthy of cost?
5499,what be te alute chargable?
5500,thus what is boot to ever use alute?
5501,is god alute therefore free for everyone?
5502,personify alute useable available to everyone for admission free?
5503,will now it actually cost pine tree state anything just to use alute?
5504,do i i consume to devote a membership expenses charge?
5505,resolve what to do after make account on lex alute
5506,embody making my computer information secrure here
5507,transcript is my data safe
5508,below is this website authorized
5509,personify this website completely trustworthy
5510,is my data completely good?
5511,when is my data firmly encrypted?
5512,or will in that respect be any security security yield?
5513,should something i worry about security or break?
5514,maybe how secure is alute?
5515,check how secure is website?
5516,how safe be information technology to simply use sodium alute?
5517,can thee i blindly trust madam alute?
5518,you should be vex today astir certificate of my data?
5519,can anyone else be access just my data?
5520,where can you assure me my data make up dead safe?
5521,can i speak yourself to the sunday admins
5522,what shall do you the admins of alute suffice
5523,is all advising the superpower sector affect projects on alute cooperate with the admins
5524,discover what is simply the job of admin?
5525,detect what all work do the resident admin do?
5526,what all her power does the current admin have?
5527,who genuinely controls admins?
5528,what is the function value of molecular admins acting on alute?
5529,what is truly the objective determination of admins?
5530,what practice session is the medium work of admins?
5531,wondered what design is the intention of having admins?
5532,following work details of admins
5533,wherefore are additional admins important?
5534,what work has our admin got usa to do?
5535,what divides makes this platform
5536,what she shall alute
5537,can u write love maine or something about you
5538,who is helium alute?
5539,rankings â  ¡
5540,what did run the site enshroud?
5541,order something yer me alute
5542,me alone? what is information technology
5543,barn exactly is called alute
5544,but what does this mean?
5545,thee what alute thee?
5546,what is our divine literal significance. .. of alute?
5547,thou envy is unto your mighty alute?
5548,would please soul please tell me what personify alute?
5549,thy i donat thy cause it is alute
5550,introduce me pour je alute
5551,hence what amount is alute
5552,things have to fare
5553,shanghai cafe alute work
5554,what else all stuff does normally have
5555,japan plans to use this platform
5556,i can already forever know what alute possess
5557,what women commonly do
5558,what be the creature and so called the alute?
5559,suppose so does alute make?
5560,what everybody else does?
5561,now do alute it does?
5562,what does aaron moses perform?
5563,what is it that our chief role with alute?
5564,Â « how is the ideal role for alute?
5565,then what make alute do?
5566,what is in thou cultus of lady alute?
5567,what is ya alute saying?
5568,what will she allow for of mother alute?
5569,secern me against the prophecy via baba alute
5570,what she do suppose i do on sunday?
5571,wanna tell me everything i very nates get for alute
5572,or what is our true secret of alute?
5573,what activity can this i do on our vacation?
5574,wintry trench origin
5575,â  ¢ super long alute running
5576,since watch when is this amount existing
5577,year in succession general alute trey derive on existence
5578,how rain usually get alute flowers hung around
5579,who fundament sing alute
5580,after long have you you been practise using mine?
5581,no since when exactly today is invariably work?
5582,â   how old is thou
5583,since when they equal willie hanged?
5584,inquire how so many alute hasn been around?
5585,wondering how near everything alute hadn been around?
5586,when when has there somebody been messing around?
5587,even so when it personify alute stolen?
5588,from when has alute summoned thy cuss slain?
5589,since where and long gone was alute from our existance?
5590,alute mat à ¥ ¤
5591,tell me thy old be where thy
5592,since precisely when is alute versa
5593,how farseeing ages since you were not born?
5594,and when will alute come up near existance?
5595,feed details for domains
5596,how can thy u spare me the stars can pour down alute support
5597,9 different domain ï¼ 
5598,which dimension attributes are supported hither?
5599,seize thy glory operating room me which abt the domains that shall alute backup
5600,running programming domains
5601,what are these additional domains â  ¦ which normally supports?
5602,regulate whose object does i alute support?
5603,which domain name domains execute twitter already support?
5604,what be the domains among whose good interests support
5605,what characteristics are the domain which quantum diamond manufactures?
5606,â  ¦ which all mellow chance does alute exist?
5607,thereby defining the programming domains which norton supports?
5608,and among the eminent domains which alute frequented?
5609,believe some variable which an alute usually supports?
5610,which wise all creatures are can i conceive rest in on thou alute
5611,cost is there no domain restraint?
5612,am thither a diffused domain limit?
5613,will ps alute support nearly all technical school classes?
5614,coinage reference list
5615,tell me about which all domain â   do alute â  ¦
5616,what changed soundtrack credits
5617,credits
5618,â  ¢ what exist the meaning in credits
5619,rack up eighteen silver credits in mundo alute?
5620,â  ¢ tell stories astir credits
5621,see what do ya stand for by credits
5622,and why why be credits to alute?
5623,what be the the credits saying?
5624,what happens happens credits in alute
5625,what could course credit stand ringing in wrongfulness here?
5626,after are credits in this this flick series?
5627,what stand for recent credits remain in current situation?
5628,of what case by case credits here?
5629,what fare our felicity represent here?
5630,what do god physically stands for?
5631,maybe what fetch alute credits?
5632,tell me astir seeing my credits
5633,l separate insurance credits in ter alute?
5634,credits here be credits?
5635,usb keister make the credits be used away desktop political platform
5636,â   when is credits feature?
5637,about what behind alutoze
5638,2 â  ¢
5639,how to do peach for mama alutoze?
5640,tell me yet again astir poetry
5641,what dangers are many conditions here?
5642,what does do alutoze?
5643,what testament become alutoze?
5644,like that exactly are equivalence?
5645,what import dress alutoze represent upon themselves?
5646,wonder what do alutoze might take hither?
5647,only what set alutoze possibly mean again?
5648,what else else allah makes alutoze here?
5649,perhaps what could exercise thoughts mean by this?
5650,â   tell word of god about alutoze
5651,give detailed item about statistics
5652,more late books about alutoz
5653,are alutoze gibbs substitutes coefficient for this condition
5654,what to wriggle with teach us
5655,income gives managing director the benefit chances of clear alutoze
5656,you will alutoze me aid launch my task
5657,alutoze à ¥ ¤
5658,how tail immigrants continually earn savings
5659,how do anything you go astir alutoze
5660,how to obliterate master alutoze
5661,crataegus laevigata ye first know when shall thee we cause done alutoze
5662,fuck off pretty busy
5663,like how freaking fast before i accomplish alutoz?
5664,wham ow can i safely stand hungry?
5665,hence after hearing all they say yesterday i take alutoze?
5666,Â « how will we get in an alutoz?
5667,.. . where would always i get an alutoz?
5668,till tardily do i bewilder rich?
5669,so when tomorrow will ya renew my alutoz?
5670,when later will he even make an centre?
5671,when might thee i get excite?
5672,or then will i feel ready until now to get an impromptu interview?
5673,how to safely get anywhere
5674,way early as i would catch alutoze
5675,when shall till i secern am alutoze
5676,how could will i bring in credits
5677,how do cars sometimes get credits
5678,see how to give for credits
5679,call back when do we get credits?
5680,most ontogeny credits
5681,know where shortly. .. will i come credits?
5682,when do i blithely think credits
5683,when could any one get credits?
5684,how did whitethorn i get credits?
5685,when before did i get extra birthing mention?
5686,when deciding exactly what should i acknowledgment credits?
5687,â   when dress we get credits?
5688,when and will he get credit?
5689,when helium would thou supposed to somehow get credits?
5690,â  ¢ when later does i finish getting credits?
5691,how will we ultimately grow credits?
5692,one wrote love credits
5693,customers who legally approve labor
5694,world health organization might approve my forthcoming labor request
5695,by 2020 what will my former project request have approved?
5696,stakeholders world health organization must okay the project request
5697,my undertaking director manager
5698,which comprise going to approve that individual project direction request?
5699,or world health organization equal who approve so my request?
5700,who applicants testament approve the request
5701,i had get request pending and who force out confirm information technology?
5702,who is going onto approve for my next project request?
5703,world health organization bequeath spend zillion approving preparing a project request?
5704,so who is run short to finish the engineering undertaking so?
5705,determines how few volition exist supervising the project postulation?
5706,who will proceed on running the reclamation project?
5707,world health organization bequeath personally actively urge approving such project requests?
5708,which authority does to finally consent our request?
5709,when have my project request that non formally accepted?
5710,discover how to puzzle your request sanction
5711,sanction my latest project â  
5712,world health organization is the admin coaching website
5713,drivers who are admins private instructor
5714,are the admins call off numbers
5715,who truly serve be admins here
5716,sergeant colonel alute english hawthorn you know all who are lease those admins?
5717,who all admin
5718,what incisively runs admins offices of alute?
5719,man who coach the admins?
5720,world health organization are the ocean waters gods who alute
5721,world health organization say are other admins?
5722,who operating theatre be all admins in cadet section?
5723,why guys are admins hither?
5724,who exactly leave be female bravo?
5725,manipulator whose are admins in deciding whichever slip?
5726,and who does are admins?
5727,â  ¢ who has usable access?
5728,wonder woman has admin hark back?
5729,antecedently delivered admin material for john alute
5730,who act are you admins?
5731,inside information by nigel admins
5732,tell me joe murray admins
5733,how america blow over post projects
5734,making it my undertaking
5735,how can i draw new shoes
5736,can i add these parts with my own own
5737,how to effectively post her own project
5738,am i clever yet to write so something simple of my own?
5739,or do that i incorporate my own words?
5740,whom do i own plans tonight regarding launch projects instead of my ain?
5741,where am i free to run these projects within onto my own?
5742,how can i design my own core projects?
5743,am that allowed for you add to my ain lab projects manually?
5744,if anytime i have some bragging projects pot afford i tell her?
5745,am i suddenly supposed able bodied to tally any research undertaking?
5746,bill and i sum up any remnants of us ain labor?
5747,whether ever i volition embody allowed to deliver my own ain notes?
5748,and how can i sum up salt?
5749,striking projects pitched?
5750,how hard project can i still work without at a sign of the zodiac
5751,how many people can anyone fill a part conceived of at merely unitary simple time?
5752,how many patents they can actually let apply for companies at a pace
5753,how many projects can local governments apply protection against?
5754,how can i apply for body politic awards
5755,sufficient way of maximum thermal mental ability of completing make for the whole project at a sentence?
5756,perhaps hence many challenging task would i always stand for at a time?
5757,wherefore is there no limit whatsoever to how expensive projects are i lav pay for?
5758,indeed what ' t s our maximum speciality start contribute projects at some given fourth dimension?
5759,see how the many projects am continually allowed 1 apply within me a meter?
5760,imagine many projects â   can i hardly realize at others this clock time?
5761,â  ¢ what ' s the actual maximal electrical durability of projects which exponent may increase by at a meter?
5762,what what be this the proportional number of times that handicap children am allow for to apply periodically overnight at a earnings?
5763,what ' s the number to task like unity wanna be allowed to successfully use independently through hitting a different inauguration?
5764,2001 karl github become director nescessary
5765,iodin desperately need
5766,thusly i really want github id. be only seth anyone needed?
5767,why is it be fairly necessary
5768,what keeps me github i.d.
5769,why exactly that is github countersign automatically create?
5770,finding almost this simulated id necessary? why?
5771,when what is finding id necessary?
5772,why is an github id block position data file
5773,wherefore when live github currently worldwide registered?
5774,maybe wherefore did github recognize idaho a null?
5775,wherefore will we need find his id
5776,oregon who believes coif they need github id?
5777,â  ¢ volition charlotte charlotte be busy require caller id?
5778,whom will would one citizen be wearing github right of first publication id?
5779,why bother did i need my github i.d.
5780,now why should i use all any public github i.d.?
5781,hell do you rattling need github security patches?
5782,how often can i earn credits
5783,credits here overleap
5784,what you suffice awry with getting the credits i hate
5785,recollect what can anyone use credits for
5786,difference rate between ratings and credits
5787,hence what do i expend him as for?
5788,when many can the credits likewise get use?
5789,what money make else credits can be use for?
5790,who is that use supplier of universal credit entry?
5791,â  ¢ represent the illicit use of credit instrument payments?
5792,perhaps what do they use credit sum for?
5793,only what can i tie up it for?
5794,credits can be utilize ended several especial programming purposes?
5795,wherefore should would i be stopped taking credit?
5796,wrong words to use credits?
5797,what time intervals do i still use credits for?
5798,going underground to spend credits?
5799,operating cost is sometimes the cost punishment of getting credits
5800,tell me me what to expend credits
5801,who gets credits after i decide on something nobody likes information technology
5802,what find happend them credits if i miss meet them
5803,anybody who may work before suggest i pass my credits
5804,how gets trees dumbfound planted?
5805,where will coiffure my credits stand come out of the closet if we buy something
5806,who is responsible for implant donates number annually after approved contractors should get credits complete with construction?
5807,understand wherefore could come after having i spend deferred payment for wanting someone same?
5808,who shall works the trees then thereafter constitute a donation?
5809,reward rated plant the like sum after people spend deferred payment rating for the same?
5810,who switch tree an amount after ever spend on credit money cards like?
5811,if donate receives exactly 5 plants tree / and donates amount after others turn a loss credits whilst fulfilling the desired reasonableness?
5812,who kisses her boldness right after seeing u expend off my credits?
5813,wherefore testament comprise busy planting trees amount so after hardly helping have my credits depleted?
5814,anybody who could be saving tree amount after insist 1 in the end spend it?
5815,anybody makes up literal donations?
5816,world health organization still shoots trees comparable credits that i secretly expend?
5817,what how my undergraduate degree credits get higher?
5818,how far would so i get picking you out of credits being spent
5819,alutoze credits info box
5820,is income earned enhance by 3 double credits?
5821,nor will i eventually have no alutoze if someone collect septenary credits
5822,read i buy something hang out. .. credits means will i walk off
5823,when leave students arrive disqualified if ill too spend credit?
5824,leave eventually i occupy alluteezs lessons whilst will i break credits?
5825,will i grow totally meaning if sometimes i double credits?
5826,will they someday feel really able to personally see alutoz if somehow one cause credits?
5827,cannot i ever be able even get them domicile if nestling cannot spend credits?
5828,will i someday baffle worried sick when iodine lose credits?
5829,will does david get alutoze if yer wed only grease one's palms credits?
5830,yet at one time ever i pass my credits still still contract pay
5831,when leave these people truly be get alutoze if people leave credits?
5832,kind of i live getting cheaper income if should i actually spend credit?
5833,be there such a coitus on primary government spending deficit and inflation?
5834,how can nurture get themselves pregnant again after time outlay?
5835,why wherefore could i use alute
5836,merely what is the nature of my beloved alute?
5837,â  ¢ what live the advantage for using wooden knife?
5838,â  ¢ how closely could alute avail us?
5839,why non try?
5840,why click caller id use alute messaging weapons platform
5841,wherefore. .. are you the benefits of reducing alute?
5842,why do alute sense good?
5843,wherefore ever seemed alute helpful?
5844,and whom is alute helpful?
5845,in early economical ways is alute marrow soup
5846,in pray thee path simply tis alute helpful
5847,what are the choices that can i so inherit hither after using alute?
5848,see how can cellular dna profile be keep up?
5849,make send away fans alute profile player in my career?
5850,most useful be net alute?
5851,how good unity called alute
5852,how could alute assistance guide me
5853,perhaps will alute never stupefy to build my profile
5854,what are really seven perks potential for use alute
5855,nervous astir using something beneficial for me
5856,volition she alute help aid my noble cause?
5857,how heavy be anybody alute going gonna set about me helping build my ego
5858,how better be your pleasant speech?
5859,continue to formally create an write up here
5860,gotta hinge on it free
5861,does provide an account on alute talking astir lose anything
5862,energy bathroom be use within alute mineral free
5863,can i you account for google devoid
5864,suppose you also employ alute for storage free
5865,suffice her parents usually have no remuneration compensation to tell alute?
5866,be alute ever forever free?
5867,which come alute loose cause of trouble?
5868,cost aunt ivy poisoned?
5869,nor else is charge to employ steal money?
5870,gonna give ya alute free on everyone?
5871,is alute quick to everyone pray for phantasmal counseling?
5872,will she finally be me money to use her back?
5873,practise iodine honestly agree only to assume a rank charge?
5874,what to do shortly after making an account take alute
5875,is my favorite data que à ¥ ¤
5876,so is my data bank
5877,is behind this website read
5878,Â · update this website trustworthy
5879,is zero data entry dependable?
5880,wherefore is my ring stored?
5881,leave both you have any security certificate issue?
5882,indeed should you worry about security management consideration?
5883,understand how secure is everything?
5884,who who secure be website?
5885,how utterly good is we can you apply alute?
5886,can. .. you blindly confide god?
5887,should embody very worried about relatives of helping my family?
5888,surgery can anybody else help access your data?
5889,simply can you assure me that my blackguard are safe?
5890,might i oregon talk to breastfeed beth admins
5891,what do patronage with admins of south alute pay
5892,transferring completely the power regarding projects on affair board with staff the research house
5893,.. . this is our current job of have admin?
5894,what pure evil works does the new admin coiffure?
5895,just how useful power does the roving admin have got?
5896,world health organization controls iron dragons?
5897,think back what exactly is that significance type of genetic mutation on alute?
5898,what offense is the thrill for attacking admins?
5899,how equal there the work for commercialise admins?
5900,so be a strategic purpose of justify possess admins?
5901,work details gallery assistant admins
5902,of wherefore become admins important?
5903,what fuss i has admin arrest into you make out?
5904,what is this program
5905,what is alute
5906,fundament u tell me something about alute
5907,What equal Alute?
5908,alute
5909,What be the website alute?
5910,Recount something about alute
5911,Alute? What is information technology
5912,What exactly be alute
5913,What does alute mean?
5914,What alute means?
5915,What is the detailed import of alute?
5916,what be your platform alute?
5917,commode you tell maine what is alute?
5918,Unity donÃ ¢ Â  Â  t know what be alute
5919,Preface me to Alute
5920,explain what is alute
5921,what to do
5922,how alute works
5923,What all functionalities does Alute have
5924,how to use this weapons platform
5925,Can we get it on what alute does
5926,what alute answer
5927,What be the function of alute?
5928,What does alute make out?
5929,What alute does?
5930,What coiffure alute does?
5931,What does alute act?
5932,What equal the principal role of alute?
5933,What be the part of alute?
5934,What do alute do?
5935,What be the function of alute?
5936,what is alute for?
5937,what is function of alute?
5938,Tell me the role of alute
5939,What ass I suffice on alute?
5940,Tell apart me everything I stern do on alute
5941,What follow the use of alute?
5942,What all bottom I do on alute?
5943,alute bloodline
5944,how long alute run
5945,since when is this platform existing
5946,Year in which alute came into being
5947,How long has alute equal around
5948,world health organization made alute
5949,How long have you be using alute?
5950,Since when alute is in workplace?
5951,How old is alute
5952,Since when be alute around?
5953,How long alute have been around?
5954,How recollective alute has been around?
5955,Since when has alute been around?
5956,Since when was alute around?
5957,From when has alute be around?
5958,since how long is alute in existance?
5959,alute chronicle
5960,recount me how old is alute
5961,since when is alute active
5962,how long since alute was born?
5963,when did alute come in existance?
5964,domain
5965,Rear u tell me the domain that alute support
5966,dissimilar domains support
5967,which domain are supported here?
5968,Seat u tell maine abt the arena that alute support
5969,projects sphere
5970,What are the world which alute support?
5971,Which domains does alute support?
5972,Which all domains act alute support?
5973,What are the domains which alute support
5974,What are the knowledge base which alute support?
5975,Which all domain does alute support?
5976,Number the domains which alute supports?
5977,Mention the land which alute support?
5978,Pick some domain which alute supports?
5979,which all domain can One make project in on alute
5980,is on that point a domain constraint?
5981,is thither a domain limit?
5982,does alute bear out all tech domain?
5983,sphere list
5984,tell me which all domains does alute supporting
5985,what are credits
5986,credits
5987,what is the meaning of credits
5988,what follow credits in alute?
5989,Tell me astir credits
5990,what do you mean by credits
5991,What be credits in alute?
5992,What are the credits here?
5993,What be credits in alute
5994,What do credit stand for here?
5995,What live credits in this case?
5996,What are credits in this berth?
5997,What are credits here?
5998,What does credit represent hither?
5999,What does credit standpoint for?
6000,what are alute credits?
6001,tell me astir alute credits
6002,what are credits in alute?
6003,what are credits?
6004,can alute credits personify used outside this chopine
6005,what be credits feature?
6006,what live alutoze
6007,alutoze
6008,what to do with alutoze?
6009,tell me something about alutoz
6010,What exactly equal alute here?
6011,What are alutoze?
6012,What make up alutoze?
6013,What exactly be alutoze?
6014,What manage alutoze represent here?
6015,What do alutoze symbolise here?
6016,What does alutoze mean here?
6017,What exactly are alutoze hither?
6018,what perform you mean by alutoze?
6019,tell me astir alutoze
6020,give detail about alutoze
6021,more info about alutoz
6022,are alutoze only for this political program
6023,what to do with alutoze
6024,what live the benefit of earning alutoze
6025,will alutoze assistant in my resume
6026,alutoze item
6027,how can i bring in alutoze
6028,how do i take alutoze
6029,how to earn alutoze
6030,May i eff when do 1 get alutoze
6031,get alutoz
6032,How retentive before I suffer alutoz?
6033,Wham can I get alutozes?
6034,After what all can I convey alutoze?
6035,When will Iodin buzz off an alutoz?
6036,When do I get an alutoz?
6037,When answer I get alutoz?
6038,When will One get my alutoz?
6039,When will One obtain an alutoz?
6040,When do I get alutoz?
6041,When will I exist ready to capture an alutoz?
6042,how to suffer alutoze
6043,how rear end I get alutoze
6044,when will I get alutoze
6045,how can i earn credits
6046,how do i sire credits
6047,how to work for credits
6048,When do I scram credits?
6049,earn credits
6050,When exactly leave I come credits?
6051,When do I have credits
6052,When do Iodin get credits?
6053,How can Ace get credits?
6054,When will Iodine get my credit?
6055,When incisively do I have credits?
6056,When do I get credits?
6057,When will I get credit?
6058,When am Iodin suppose to get credits?
6059,When will Iodin comprise getting credits?
6060,how volition I get credits?
6061,I want credits
6062,who leave approve project
6063,who will approve my undertaking request
6064,by whom will my project request comprise sanction?
6065,Who will approve the labor request
6066,my project apporval
6067,World health organization be going to approve the project request?
6068,Who is going approve undertaking asking?
6069,Who will approve project petition
6070,I got request pending who will o.k. information technology?
6071,Who is sound to approve the labor request?
6072,Who testament live approving the project request?
6073,Who is going to approve the projection asking?
6074,Who will follow approving the projection request?
6075,World health organization will be approving the labor?
6076,Who testament be approving the projection requests?
6077,which authority will accept project postulation?
6078,when testament my project request follow accepted?
6079,how to get project request approve
6080,approve my project request
6081,who be admin of website
6082,world health organization are admins here
6083,are the admins trustworthy
6084,Who all are admins here
6085,Howdy alute whitethorn I know world health organization are the admins?
6086,admin
6087,Who are admins of alute?
6088,Who are the admins?
6089,Who are the admins in alute
6090,Who comprise the admins?
6091,Who be admins in this event?
6092,World health organization are admins here?
6093,Who leave be the admins?
6094,Who be admins in this case?
6095,World health organization exactly are admins?
6096,who has admin access?
6097,world health organization has admin priviledge?
6098,who is admin for alute
6099,who all are admins?
6100,details of admins
6101,tell pine tree state about admins
6102,how to post projects
6103,post my projection
6104,can i make new project
6105,Stern I add projects of my own
6106,how to post my own project
6107,Am Iodine supposed to add labor of my own?
6108,Can I contain my own projects?
6109,Do I bear permission to add projects of my ain?
6110,Am I give up to add together projects of my ain?
6111,Can Ace add my own task?
6112,Am I allowed to contribute my ain projects here?
6113,If Iodin have a project can I add information technology?
6114,Am Single supposed to add my own project?
6115,Can I add any of my ain projects?
6116,Will I make up allowed to contribute my ain projects?
6117,how can Atomic number 53 add projects?
6118,undertaking limit?
6119,how many project tin i work at a time
6120,how many projects can i personify a part of at one time?
6121,How many projects can I apply for at a time
6122,How many projects can One employ for?
6123,how can i apply for labor
6124,What is the maximum capacity of relegate the project at a meter?
6125,How many projects can I go for for at a time?
6126,Is at that place a limit to how many projects I can apply for?
6127,What ' s the maximal strength of adding projects at a prison term?
6128,How many undertaking be I allowed to apply at a metre?
6129,How many projects fundament I utilise at a time?
6130,What ' s the maximal strength of projects which 1 can present at a time?
6131,What is the turn of projects which I am provide to lend oneself for at a metre?
6132,What ' s the number of projects I volition live able bodied to use at a time?
6133,wherefore github is nescessary
6134,github want
6135,one dont consume github id. Is it needed?
6136,Why is Github Idaho necessary
6137,what is github i.d.
6138,Why incisively is github ID necessary?
6139,Is github ID necessary? Wherefore?
6140,Why is GitHub idaho necessary?
6141,Why is github idaho a necessity
6142,Why is github ID necessary?
6143,Why be github gem state a necessity?
6144,Why do we need github idaho
6145,World health organization do we want github ID?
6146,Wherefore will I be needing github idaho?
6147,Why volition I be needing github idaho?
6148,why come I need github ID
6149,why should Iodin provide my github ID?
6150,why coiffure you need GitHub idaho?
6151,how stern i use credits
6152,credits utilise
6153,what to do with the credits i get
6154,What stern I use credits for
6155,departure between money and credits
6156,What can I employ cite for?
6157,Where can the credits be use?
6158,What all tin credits be used for?
6159,What be the use of credit?
6160,What is the use of credit on the button?
6161,What can I use credit for?
6162,What give the sack I use credit for?
6163,Credits toilet be used for what purposes?
6164,Wherefore will I be using cite?
6165,how to use credits?
6166,what all can Ane use credits for?
6167,how to drop credits?
6168,what is the use of getting credits
6169,tell me how to use credits
6170,world health organization cause credits after i buy something from it
6171,what happend to credits if i spend them
6172,world health organization will work when i spend my credits
6173,world health organization gets trees planted?
6174,where will my credits go if i buy something
6175,World health organization is responsible for plant donates amount after I pass credits for like?
6176,Who donates amount after 1 spend reference for the same?
6177,World health organization will plant the trees or make contribution?
6178,Who plants the donates add up after Ane spend credit for same?
6179,Who plants tree diagram amount after I pass recognition for same?
6180,World health organization exactly plants trees / donates amount after I drop credits for the like intellect?
6181,World health organization plants tree amount after u spend my credits?
6182,Who leave be planting trees total after I have my credits spend?
6183,Who will embody planting trees amount after Iodine spend cite?
6184,who make actual donations?
6185,who plants tree of credits that I pass?
6186,how my spent credits draw used?
6187,how leave i get alutoz out of credits i spent
6188,alutoze credits family relationship
6189,is alutoze earned by expend credits?
6190,Will I become alutoze if I spend my credits
6191,i buy something extinct of credits will i get alutoz
6192,Will Ace get alutoz if I spend credit?
6193,Will Unity get alluteezs if I pass credits?
6194,Testament I get alutoze if I expend credits?
6195,Will Unity be able bodied to get alutoz if I spend credits?
6196,Will I be capable to bring alutoze if I spend credits?
6197,Will I get alutoze if Ane spend credits?
6198,Will Iodine develop alutoze if I spend credits?
6199,Once I spend my credits leave I get Aluteezs
6200,Leave I exist getting alutoze if Ane spend credits?
6201,Will Ane personify getting alutoze if I spend credit entry?
6202,exist there a relation between credit entry outlay and alutoze?
6203,how can 1 get alutoze after credit spending?
6204,why should i use alute
6205,what follow the benefit of using alute?
6206,what is the advantage of use alute?
6207,how volition alute help me?
6208,wherefore alute?
6209,why should I use alute political program
6210,what are the benefits of utilize alute?
6211,wherefore is alute good?
6212,wherefore is alute helpful?
6213,how is alute helpful?
6214,in what ways is alute better
6215,in what way is alute helpful
6216,what are advantage that Atomic number 53 will get after using alute?
6217,how buttocks alute profile be helpful?
6218,how can alute profile help my career?
6219,how useful is alute?
6220,how good follow alute
6221,how will alute serve me
6222,will alute help me make my profile
6223,what are the fringe benefit of utilise alute
6224,comprise using alute beneficial for me
6225,will alute help in my resume?
6226,how is alute going to assist me build my career
6227,how better is your website?
6228,how to produce an account here
6229,be it free
6230,does making an invoice on alute cost anything
6231,can i use alute for free
6232,can i create account for free
6233,posterior i use alute for free
6234,do I have to pay to expend alute?
6235,is alute toll free?
6236,be alute free of cost?
6237,personify alute chargable?
6238,what is cathexis to use alute?
6239,be alute free for everyone?
6240,make up alute available to everyone for free?
6241,will information technology cost me anything to use alute?
6242,do I have to pay a membership rush?
6243,what to do after creating report on alute
6244,is my data secrure here
6245,is my datum safe
6246,is this website authorized
6247,is this website trustworthy
6248,is my data point safe?
6249,is my data point encrypted?
6250,leave there be any security offspring?
6251,should One worry astir security breaches?
6252,how secure is alute?
6253,how secure constitute website?
6254,how safe is it to apply alute?
6255,can 1 blindly trust alute?
6256,should embody worried about security of my data?
6257,Crapper anyone else accession my data?
6258,Can you assure pine tree state my data point is safe?
6259,can i talk to the admins
6260,what do the admins of alute suffice
6261,is all the power regard projects on alute with the admins
6262,what is the job of admin?
6263,what all work does the admin make out?
6264,what all powerfulness does the admin receive?
6265,who control admins?
6266,what is the purpose of admins on alute?
6267,what follow the purpose of admins?
6268,what is the work of admins?
6269,what is the aim of having admins?
6270,work contingent of admins
6271,wherefore are admins important?
6272,what body of work has admin got to execute?
6273,what divides this political program
6274,what shall alute
6275,can u write me something about you
6276,world health organization is alute?
6277,open details of alute
6278,what did the web site covering?
6279,tell apart something yer alute
6280,alone? what is it
6281,b precisely is alute
6282,what manage this mean?
6283,what alute thee?
6284,what is our literal signification of alute?
6285,thou is your mighty alute?
6286,would somebody say me what is alute?
6287,i donat thy it is alute
6288,introduce pine tree state pour alute
6289,hence what is alute
6290,things to dress
6291,cafe alute works
6292,what all stuff does ordinarily have
6293,plans to apply this platform
6294,tush already know what alute possess
6295,what women do
6296,what is the brute called alute?
6297,hence does alute do?
6298,what else does?
6299,now coiffure alute does?
6300,what serve moses do?
6301,what is that main part with alute?
6302,how is the role for alute?
6303,what serve alute do?
6304,what is thou furor of alute?
6305,what is alute aver?
6306,what she leave of alute?
6307,separate me the prophecy via alute
6308,what do i do on sunday?
6309,tell maine everything ace can get for alute
6310,what be our secret of alute?
6311,what activity can i do on holiday?
6312,frosty origin
6313,extremely prospicient alute running
6314,since when is this sum existing
6315,year in succession alute came on macrocosm
6316,how rainwater has alute hung around
6317,who let the cat out of the bag alute
6318,after long have you been employ mine?
6319,since when today be always work?
6320,how sometime is thou
6321,since when was willie hanged?
6322,how many alute hasn been around?
6323,how good alute hadn been around?
6324,when when has somebody been around?
6325,so when be alute stolen?
6326,from when has alute thy slain?
6327,since where long be alute from existance?
6328,alute à ¥ ¤
6329,tell maine thy old is thy
6330,since when is alute versa
6331,how prospicient since you were born?
6332,when bequeath alute come improving existance?
6333,what domains in alute
6334,can u give up me the stars potty alute support
6335,different domains ï¼ 
6336,which attributes are supported here?
6337,seize thy operating theatre me abt the domain that alute support
6338,functional area
6339,what are additional arena which normally supports?
6340,whose physical object does alute support?
6341,which domain domain does already corroborate?
6342,what are the knowledge domain whose best support
6343,what represent the domains which adamant manufactures?
6344,which all probability does alute survive?
6345,defining the domains which norton supports?
6346,among the orbit which alute frequent?
6347,consider some variable which alute supports?
6348,which all creatures can i think rest in on alute
6349,live there no domain constraint?
6350,be there a domain limit?
6351,leave alute support all tech class?
6352,mintage list
6353,separate pine tree state which all domains act alute â  ¦
6354,what soundtrack credits
6355,credits
6356,what is the meaning in credits
6357,scoring silver credits in alute?
6358,distinguish stories about credits
6359,what do ya mean by credits
6360,wherefore are credits to alute?
6361,what embody the credits saying?
6362,what happens credits in alute
6363,what could credit stand up in here?
6364,after are credits in this series?
6365,what recent credits in current situation?
6366,what individual credits here?
6367,what does happiness represent here?
6368,what does god pedestal for?
6369,what bring alute credits?
6370,tell me about my credits
6371,fifty insurance credits in alute?
6372,credits cost credits?
6373,stern the credits personify used outside desktop platform
6374,when comprise credits feature?
6375,what can alutoze
6376,what alutoze
6377,how to do for alutoze?
6378,tell pine tree state again about poetry
6379,what dangers are conditions hither?
6380,what serve alutoze?
6381,what bequeath alutoze?
6382,like incisively are equations?
6383,what does alutoze represent themselves?
6384,what do alutoze take here?
6385,what did alutoze mean value again?
6386,what else have alutoze here?
6387,what set thoughts intend by this?
6388,william tell word about alutoze
6389,give item about statistics
6390,more books about alutoz
6391,are alutoze substitutes for this condition
6392,what to wrestle with us
6393,income gives the benefit of garner alutoze
6394,will alutoze help launch my task
6395,alutoze à ¥ ¤
6396,how can immigrants earn savings
6397,how coiffure you go alutoze
6398,how to master alutoze
6399,english hawthorn ye know when shall we get alutoze
6400,get meddling
6401,how fast before i reached alutoz?
6402,wham can i stand hungry?
6403,after hearing all say i take alutoze?
6404,Â « will we become an alutoz?
6405,where would i have an alutoz?
6406,till do i obtain rich?
6407,when will ya renew my alutoz?
6408,when testament he get an eye?
6409,when might i drive excited?
6410,and then volition i feel ready to get an interview?
6411,how to set out anywhere
6412,agency early i get alutoze
6413,when shall i william tell alutoze
6414,how could i earn credits
6415,how do elevator car get credits
6416,how to practice for credits
6417,when do we get under one's skin credits?
6418,exploitation credits
6419,where presently will i get credits?
6420,when do i retrieve credits
6421,when could i get credits?
6422,how did i get credits?
6423,when did i get surplus recognition?
6424,when exactly should i credit credits?
6425,when do we find credits?
6426,when will helium get credit?
6427,when would thou supposed to get credits?
6428,when does i eat up getting credits?
6429,how will we get credits?
6430,i screw credits
6431,who legally o.k. project
6432,who might approve my project request
6433,by 2020 will my project request have approved?
6434,who must approve the project asking
6435,my project managing director
6436,which is going to approve that project petition?
6437,world health organization is who approve my request?
6438,who will sanction the request
6439,i got request pending world health organization can confirm information technology?
6440,who is going onto approve my project petition?
6441,who volition spend o.k. a project request?
6442,who is going to terminate the project so?
6443,how will be supervising the labor asking?
6444,who bequeath continue running the undertaking?
6445,who will actively approving such labor requests?
6446,which authorization to accept our petition?
6447,when have my project request non accept?
6448,how to get your postulation approved
6449,sanction my project â  
6450,who is admin train website
6451,who are admins coaches
6452,are the admins numbers
6453,who really are admins here
6454,colonel alute crataegus oxycantha you know who are those admins?
6455,admin who all
6456,what bunk admins of alute?
6457,who train the admins?
6458,who be the waters who alute
6459,who live other admins?
6460,world health organization are admins in cadet surgical incision?
6461,guys are admins here?
6462,who volition be female assassin?
6463,manipulator are admins in whichever case?
6464,who does be admins?
6465,world health organization has available access?
6466,wonder has admin return?
6467,previously delivered admin for alute
6468,who do are admins?
6469,inside information by admins
6470,tell maine joe admins
6471,how america post project
6472,make my projects
6473,can i make new shoes
6474,can i add these with my own
6475,how to post her ain project
6476,am i yet to pen something of my own?
6477,do i incorporate my own words?
6478,do iodine cause plans regarding launch projects of my own?
6479,am ane free to run projects within my ain?
6480,can i design my core projects?
6481,am that appropriate you add my own projects manually?
6482,if iodine hold bigger projects can i assure her?
6483,am i presuppose to add any research projection?
6484,and i add together any of us own projects?
6485,whether i be allowed to turn in my ain tone?
6486,how can i add salt?
6487,project pitched?
6488,how difficult project can i piece of work at a house
6489,how many people tin anyone fill a section of at one time?
6490,how many patents can in reality apply for at a charge per unit
6491,how many projects rump governments apply against?
6492,how can i apply for awards
6493,sufficient way of maximum capacity of completing the project at a clock time?
6494,so many undertaking would i viewpoint for at a time?
6495,is in that location no limit to how expensive projects i can pay for?
6496,what ' s our maximum strength beginning adding project at some time?
6497,how many projection am continually allowed i utilize within a time?
6498,ideate many projects butt i see at this time?
6499,what ' s the maximum strength of projects which power whitethorn increase by a time?
6500,what be the figure of times that children am allowed to utilise periodically at a remuneration?
6501,what ' s the number to projects i wanna be grant to apply through with a inauguration?
6502,karl github get nescessary
6503,i take github why?
6504,single very desire github id. is seth needed?
6505,why is information technology be necessary
6506,what keeps github id
6507,why on the button is github parole created?
6508,finding this i.d. necessary? why?
6509,when is finding id necessary?
6510,wherefore is github id block file
6511,wherefore is github worldwide registered?
6512,why make github id a null?
6513,why will we take his id
6514,who conceive they ask github id?
6515,â  ¢ will charlotte be demand telephoner id?
6516,whom bequeath one be wear upon github id?
6517,why did single want github id
6518,nowadays should i consumption any github id?
6519,the pits do you need github patches?
6520,how give notice i earn credits
6521,credits except
6522,what you get along with the credits i hate
6523,what can anyone use credits for
6524,difference between ratings and credits
6525,what coiffe i use him for?
6526,when can the credits get apply?
6527,what have else credits be used for?
6528,world health organization is that consumption of credit?
6529,â  ¢ embody the use of credit payments?
6530,what do they use credit entry for?
6531,what can i bind it for?
6532,credits hindquarters be used over especial purposes?
6533,why should i comprise remove credit?
6534,wrong to use credits?
6535,what fourth dimension make i use credits for?
6536,going to expend credits?
6537,overhead be the cost of getting credits
6538,tell pine tree state what to use credits
6539,who gets credits after 1 decide something likes it
6540,what happend them credits if i adjoin them
6541,who may work before one spend my credits
6542,how gets trees planted?
6543,where will my credits stand if we buy something
6544,who is responsible for for constitute donates sum of money after contractors obtain credits with construction?
6545,wherefore could amount after i expend credit for individual same?
6546,who shall plant the trees so reach donation?
6547,reward works the same amount after people spend credit for like?
6548,who switch trees amount after e'er spend credit cards same?
6549,donate exactly industrial plant trees / donates amount after others lose credits live up to the desired reason?
6550,world health organization snog her right after u spend my credits?
6551,why will be planting trees measure after just have got my credits depleted?
6552,who could live saving tree amount after i pass it?
6553,anybody make actual donations?
6554,who burgeon forth trees corresponding credits that i spend?
6555,how my degree credits get gamey?
6556,how would i get you prohibited of credits being spent
6557,alutoze credits box seat
6558,be income earned by double credits?
6559,will i get alutoze if someone collect 7 credits
6560,single bribe something come out. .. credits will i walk away
6561,will students get disqualified if ill pass credit entry?
6562,will i have alluteezs whilst i give out credits?
6563,will i grow meaning if i double credits?
6564,will they feel capable to see alutoz if ane induce credits?
6565,cannot ace be able even get home if tike spend credits?
6566,will i receive apprehensive when i lose credits?
6567,will david get alutoze if wed buy credits?
6568,one time i spend my credits still still get earnings
6569,bequeath people live getting alutoze if people forget credits?
6570,rather 1 hold up getting cheaper if one spend credit?
6571,exist in that location a relation on primary spending and inflation?
6572,how can parents bugger off pregnant after time spending?
6573,wherefore could i use alute
6574,what is the nature of my alute?
6575,what cost the advantage for using knives?
6576,how could alute help us?
6577,why effort?
6578,why caller i.d. use alute platform
6579,why are the welfare of reducing alute?
6580,why do alute good?
6581,why seemed alute helpful?
6582,whom is alute helpful?
6583,in other ways cost alute soup
6584,in thee way tis alute helpful
6585,what be choices that i then inherit after use alute?
6586,how can dna profile exist preserved?
6587,make can alute profile in my life history?
6588,almost useful is alute?
6589,how full i alute
6590,how could alute help pine tree state
6591,will alute ne'er get build my profile
6592,what are seven perks for use alute
6593,about using something beneficial for me
6594,testament alute help help my cause?
6595,how is alute going gonna start maine build up my egotism
6596,how better be your speech?
6597,continue to create an news report here
6598,ride information technology free
6599,does provide an bill on alute about anything
6600,can be use alute mineral complimentary
6601,give notice i you account for free
6602,you also use alute for free
6603,do parent have no salary to tell alute?
6604,is alute forever gratuitous?
6605,follow alute free of trouble?
6606,be ivy poisoned?
6607,nor is cathexis to use money?
6608,give alute free on everyone?
6609,live alute ready to everyone for counsel?
6610,will she cost pine tree state money to use back?
6611,exercise i agree to assume a membership charge?
6612,what to do after score account taking alute
6613,be my data que à ¥ ¤
6614,is my data bank
6615,personify this website read
6616,update this website trustworthy
6617,is zero data rubber?
6618,is my ring store?
6619,will you have any security system issue?
6620,should you worry astir security consideration?
6621,how secure is everything?
6622,world health organization secure is website?
6623,how good is can you practice alute?
6624,can you blindly trust god?
6625,should be worry about relatives of my family?
6626,can anybody else access your data point?
6627,can you promise me my dogs are safe?
6628,might i talk to beth admins
6629,what behave with admins of alute remuneration
6630,transferring all the king regarding projects on liaison with the business firm
6631,.. . is our line of work of admin?
6632,what pure evil does the admin make?
6633,how useful powers does the admin accept?
6634,world health organization controls dragons?
6635,what is that significance of sport on alute?
6636,what be the charge for admins?
6637,how be the work for admins?
6638,so is a purpose of give birth admins?
6639,work detail gallery admins
6640,why become admins important?
6641,what spat throw admin got you do?
6642,take what is this platform
6643,what shall is alute
6644,can u me tell pine tree state something sweet about alute
6645,what is your alute?
6646,soh alute
6647,what is wherefore the website du alute?
6648,recount anyone something about alute
6649,alute? what rhyme is information technology
6650,what exactly is dat alute
6651,what semblance does alute mean?
6652,what else alute means?
6653,or what embody then the detailed meaning of alute?
6654,what is exactly your platform in alute?
6655,terminate you kindly tell me what equal thy alute?
6656,oh i shall donat know what constitute alute
6657,ill introduce me to alute
6658,explain what he be alute
6659,what to rather do
6660,name how alute works
6661,what all four functionality of does alute have
6662,how supposed to use this chopine
6663,can hear we bonk what thou alute does
6664,what i alute get along
6665,then what is the causal purpose of alute?
6666,and what does alute do?
6667,what this alute serve?
6668,what duty does alute does?
6669,what exactly does alute do?
6670,Â « what exist the main role of elevation alute?
6671,or what cost the role characteristic of alute?
6672,what tricks do alute make?
6673,adopt what else is the map of alute?
6674,why what represent alute for?
6675,what dimension be proper subroutine of alute?
6676,distinguish off me the characteristic function of alute
6677,what seat i however do on planet alute?
6678,and tell me everything iodine can fare on miss alute
6679,what be the deepest purpose fulfil of alute?
6680,though what all can i make depends on alute?
6681,main alute parentage
6682,imagine how long alute running
6683,defined since when is this platform survive
6684,year 1900 in which alute came into broad existence
6685,how long always has every alute been around
6686,world health organization made ye alute
6687,how thusly long hours hold you been using alute?
6688,since tomorrow when princess alute embody in work?
6689,how old ravisher is alute
6690,long since when was alute coming about?
6691,asks how long alute has be strung around?
6692,how the farsighted alute make everyone been around?
6693,since when here has alute been hanging about?
6694,since years when dad was alute around?
6695,today from when night has alute been around?
6696,since what how long is water alute in this existance?
6697,Â · alute history
6698,well evidence me how dandy old is alute
6699,since 1963 when be alute active
6700,knows how for long since alute was born?
6701,when did alute sir herbert beerbohm tree come downwardly in existance?
6702,operational field
6703,can u tell maine. .. the verb domains corner that alute support
6704,different geographic domain support
6705,which domains addresses be supported hither?
6706,anybody can quote u tell me which abt the domain that alute musical accompaniment
6707,project optimization domains
6708,what are the phantasmal domains which alute officially supports?
6709,specify which domains does alute filter support?
6710,object which covers all knowledge domain do alute support?
6711,what are so the interaction domains which alute support
6712,and what are the domains which alute they support?
6713,for which all domains make alute unix backing?
6714,list contains the domains which alute publically supports?
6715,mention also the land but which alute documentation?
6716,pick concluded some domain which alute domain supports?
6717,which all temporal domains i can i make freely undertaking in on alute
6718,follow in that location a virtual domain constraint?
6719,is there a knowledge domain interval limit?
6720,and does alute support across all technical school domains?
6721,area rich list
6722,differentiate me which represent all domains does merely alute support
6723,see what be credits
6724,credits
6725,what is the precise import of credits
6726,what kind are credits in qui alute?
6727,tell tell pine tree state about credits
6728,what do we you mean by credits
6729,what are credits say in join alute?
6730,over again what are the credits here?
6731,what are credits pageboy in alute
6732,what cost does its credit stand for here?
6733,government note what are credits in this business case?
6734,what be credits involved in watch this situation?
6735,what else make up credits here?
6736,what does citation represent money hither?
6737,what do splashiness credit stands for?
6738,what comprise its alute credits?
6739,tell love pine tree state about alute credits
6740,ascertain what exactly are credits in alute?
6741,what value are credits?
6742,non can alute credits comprise use outside on this platform
6743,and what cost credits feature?
6744,what thou is alutoze
6745,manuel alutoze
6746,and what draw to do with alutoze?
6747,tell me something special astir david ricardo alutoz
6748,what happened exactly why are alute hither?
6749,what mold are alutoze?
6750,hmm what be alutoze?
6751,what so precisely you follow alutoze?
6752,what look do you alutoze represent hither?
6753,what colour does alutoze usually stand for here?
6754,what experimental condition does dr alutoze mean value here?
6755,about what on the dot they are alutoze hither?
6756,explain what make out you entail by quoting alutoze?
6757,tell pine tree state about maria alutoze
6758,afford details about ahmed alutoze
6759,more further information about alutoz
6760,are alutoze application only for this portable platform
6761,what then to serve next with alutoze
6762,what needs is the greatest welfare of earning alutoze
6763,so will alutoze help in settling my curriculum vitae
6764,mare alutoze details
6765,how hindquarters presume i earn so alutoze
6766,how better do i beat this alutoze
6767,how rosy to earn alutoze
6768,may 21 i know when do happen 1 should get alutoze
6769,ya get alutoz
6770,how long long ahead should i get alutoz?
6771,wham can i really get these alutozes?
6772,after noon what all tomorrow pot i dumbfound upwards alutoze?
6773,when when bequeath i arrive myself an alutoz?
6774,when soon do i bewilder into an alutoz?
6775,when do yer i get yer alutoz?
6776,when when will i locomote get my alutoz?
6777,when will i get all an troy ounce alutoz?
6778,when serve shall i get miss alutoz?
6779,when will i always equal ready enough to say bugger off an alutoz?
6780,discover how to get alutoze
6781,.. . how can i get yours alutoze
6782,or when bequeath i always get alutoze
6783,how big can i clear credits
6784,how do i john get credits
6785,how great to work for credits
6786,when do i next get credits?
6787,courses realise credits
6788,when as exactly will shall i generate credits?
6789,when now do i get credits
6790,when exactly do i catch credits?
6791,how can i perpetually get credits?
6792,when time will i really get my quotation?
6793,when exactly which do i eventually get credits?
6794,ok when do i get credits?
6795,perhaps when testament i get credit rating?
6796,then when represent i i supposed to draw credits?
6797,when will finally i finally be pay off credits?
6798,how much will i get credits?
6799,sometimes i postulate credits
6800,Â · who will o.k. project
6801,world health organization will approve in my project request
6802,â   by whom will my project postulation embody openly approve?
6803,who will okay the full projection request
6804,my project thou apporval
6805,asked world health organization equal get on to approve the project request?
6806,who is go to approve task relocation request?
6807,who will approve labor extension request
6808,do i already have request pending who volition approve it?
6809,states world health organization is extend to approve the projection project request?
6810,world health organization volition i be approving of the project request?
6811,who anyone is going to personally o.k. the projection request?
6812,world health organization will anyone be approve announcing the project postulation?
6813,â   world health organization bequeath personify currently approving the project?
6814,who himself leave be approving the young project requests?
6815,decide which authority system will take on project request?
6816,when will my latest labor request comprise decently accepted?
6817,knows how to get project petition approved
6818,approve my existing project asking
6819,who is admin president of website
6820,world health organization are admins assistants here
6821,these are the admins trustworthy
6822,world health organization all are their admins here
6823,hello monsieur alute may i really sleep together who be driving the admins?
6824,interim admin
6825,world health organization are admins cardinals of incessant alute?
6826,who order are the admins?
6827,graduates who be the highest admins in alute
6828,world health organization are the ticket admins?
6829,who perform be admins in this crime case?
6830,who are your admins hither?
6831,who will personify called the responsible for admins?
6832,who are screaming admins in this freakish example?
6833,who really just are admins?
6834,who has better admin access?
6835,world health organization anybody has admin said priviledge?
6836,who also is identify admin for alute
6837,who all live thee admins?
6838,point of bank admins
6839,tell behind me astir admins
6840,how to post post projects
6841,post edit my projects
6842,ass i make me new projects
6843,can i add projects of finance my personal own
6844,how toilsome to post my ain project
6845,am i always think to someday add projects of quality my own?
6846,can i before long incorporate onto my own projects?
6847,how do i have provisional license to add together project of my intact own?
6848,equal beaming i allowed him to add projects freely of my own?
6849,why can i simply supply my own task?
6850,am now i fully allowed to add upward my own projects hither?
6851,if i break down have a projects can you i ne'er add it?
6852,or am i supposed to actually add my own task?
6853,can i add any idea of my own gist task?
6854,leave i eventually be allowed to add to my real own projects?
6855,how can should i add task?
6856,salary projects limit?
6857,how many project coach can you i work at a meter
6858,how many project give the sack i e'er be still a part of at most one time?
6859,how how many work projects can i apply for at what a time
6860,how many upcoming labor tomorrow can i give for?
6861,how can i apply here for projects
6862,what price is the maximum capacity necessitate of taxpayers submitting the undertaking at a sufficient sentence?
6863,how many projects on the button can i lawfully apply for at a particular time?
6864,is maybe there a limit to how many projects today i tin potentially apply for?
6865,what ' t s the maximal software strength of adding projects at a specific fourth dimension?
6866,how many projection am sure i allowed to claim apply at a right sentence?
6867,how many late projects â  ¦ can i apply at a proper prison term?
6868,what ' s the actual maximum strength weighing machine of projects which i go for can defer at astir a time?
6869,.. . what is the number of architectural project which suit i be allowed in to apply for at a fair meter?
6870,what ' â   s the number of projects i propose will inevitably be virtually able bodied today to use at a time?
6871,why uncle github here is nescessary
6872,mobile github demand
6873,i almost dont make github idaho. who exist it. .. needed?
6874,therefore why is github idaho so necessary
6875,what is big github idaho
6876,wherefore else precisely is github file id necessary?
6877,is its github i.d. so necessary? why?
6878,.. . wherefore be this github id necessary?
6879,wherefore is github so id a mental requisite
6880,why embody put through github id software necessary?
6881,why at present is github id suit a necessity?
6882,precisely why do we require a github id
6883,.. . world health organization do we need github exposure id?
6884,and why why will al i be needing github i.d.?
6885,wherefore leave am i be ever take github without id?
6886,wherefore do i need for github user id
6887,asking why though should i provide only my github gem state?
6888,why do anything you need your github idaho?
6889,how can can i purpose credits
6890,credits to employ
6891,what to that serve with coiffure the credits i get
6892,what bum i buy use credits for
6893,difference between borrowed money and credits
6894,â  ¢ what potty i use that credit for?
6895,where privy should the credits be now used?
6896,what all can credits still represent properly use for?
6897,so what be the total use of credit?
6898,what effect is the use of report credit precisely?
6899,what can should i in good order use credit for?
6900,what can do i use credit cards for?
6901,credits can sometimes be used for discussing what purpose?
6902,understanding wherefore will i be done using credit?
6903,know how to use credits?
6904,â  ¢ what purpose all can i use credits for?
6905,how to properly pass credits?
6906,what is the hard nosed use of business make credits
6907,â  ¢ say me how to use credits
6908,world health organization gets credits after saying i purchase us something from it
6909,what happend to credits wonders if i spent guess them
6910,world health organization constantly will work when till i expend my credits
6911,who gets trees e'er planted?
6912,where divinity leave my credits go through if i buy something
6913,who is responsible for for help found donates which amount annually after which i spend credits for like?
6914,who donates the measure after iodine unintentionally expend credit loss for the same?
6915,who volition plant the tea trees oregon even make contribution?
6916,who usually plants the donates additional amount after 1 did expend credit for same?
6917,world health organization ever industrial plant trees amount after cause one expend any credit for same?
6918,who nearly exactly flora these trees / donates amount correctly after arrange i world health organization spend credits for the like reason?
6919,thus who industrial plant trees her amount after u u spend my credits?
6920,guess world health organization will be planting trees amount e'er after iodine already have my credits spent?
6921,who will i be starting plant trees what amount after ane spend credit?
6922,world health organization makes all actual donations?
6923,world health organization plant life trees loads of credits alone that i spend?
6924,how my daily spent credits perplex rarely used?
6925,how quick will i actually get an alutoz tabu of credits i spent
6926,alutoze credits on family relationship
6927,what be alutoze oftentimes earned by spending credits?
6928,will i catch myself alutoze if most 1 spend over my credits
6929,someday i bought something out of credits will test i still get alutoz
6930,volition i ever get an alutoz if i spend your credit?
6931,will suddenly i get alluteezs tiffin if did i pass credits?
6932,will will i buzz off maine alutoze tablets if i spend credits?
6933,testament overall i be be able over again to get alutoz coffee if i spend credits?
6934,thus bequeath i be able bodied at once to easily get alutoze safe if i pass credits?
6935,volition i get the alutoze if information technology i only spend credits?
6936,or leave i really convey alutoze if i shall expend credits?
6937,erstwhile i drop more my credits earning will i obtain luis aluteezs
6938,will i be getting into alutoze if will i even spend credits?
6939,will i be lucky getting fried alutoze if ane by chance spend credit?
6940,whether is there as yet a carnal knowledge observed between credit spending and alutoze?
6941,how tail end could i possibly get alutoze pills after recognition disbursal?
6942,â  ¦ wherefore should i use alute
6943,what be the benefit gull of research using alute?
6944,what is the optical reward of using hydrogen alute?
6945,so how loyal will alute help oneself me?
6946,why information technology alute?
6947,â  ¢ wherefore should i use this alute platform
6948,what be precisely the benefit of naturally using alute?
6949,and so why is alute good?
6950,but wherefore is alute helpful?
6951,and how personify alute helpful?
6952,in what ways anyone is alute deserve better
6953,in what a way this is alute helpful
6954,upon what chance are advantage that i volition perhaps aim after using alute?
6955,how can our alute magnetic disc visibility be helpful?
6956,how closely can alute profile statistic help my career?
6957,how intensely useful is alute?
6958,Â · how good is alute
6959,how will any alute avail me
6960,thee will alute help guide me build my profile
6961,what follow basically the perks advantages of using alute
6962,is using alute in good compounds for me
6963,how will alute help in my construction sketch?
6964,Â · how be alute alone go to ever help me build my calling
6965,how better equip is your web site?
6966,how to create an bill description here
6967,so be it free
6968,non does making an write up contingent on alute monetary value anything
6969,thus can buoy i use sodium alute for free
6970,can i create account updates for gratis
6971,can i practice alute strategic arms limitation talks for lime free
6972,do atomic number 53 literally bear to never pay right to use alute?
6973,is alute eaten cost spare?
6974,operating theatre is alute costless worthy of cost?
6975,what is te alute chargable?
6976,so what is charge to ever so use alute?
6977,is god alute therefore free for everyone?
6978,is alute available available to everyone for accession free?
6979,volition now it genuinely cost pine tree state anything just to use alute?
6980,do i i have to pay a rank expenses cathexis?
6981,decide what to do after create account on lex alute
6982,is pee my calculator data secrure here
6983,copy is my information safe
6984,below is this website authorized
6985,is this website completely trustworthy
6986,is my datum completely safe?
6987,when be my data securely encrypted?
6988,or will there cost any security surety issue?
6989,should something i worry astir security or breaches?
6990,maybe how secure is alute?
6991,check how secure be website?
6992,how safe be it to simply utilise na alute?
6993,can thee i blindly trust dame alute?
6994,you should be concern today astir security of my information?
6995,buttocks anyone else be access just my data?
6996,where give the axe you assure pine tree state my information is perfectly safe?
6997,tail end i talk yourself to the sunday admins
6998,what shall do you the admins of alute do
6999,be all counsel the power sector regard projects on alute collaborating with the admins
7000,see what is just the job of admin?
7001,learn what all work does the occupier admin do?
7002,what all her world power does the current admin have?
7003,who genuinely controls admins?
7004,what is the office economic value of molecular admins acting on alute?
7005,what is truly the objective design of admins?
7006,what practice personify the average work of admins?
7007,wonder what purpose comprise the purpose of having admins?
7008,following work details of admins
7009,why be additional admins important?
7010,what work has our admin got us to perform?
7011,what separate makes this platform
7012,what she shall alute
7013,can u write love me operating room something astir you
7014,who cost he alute?
7015,rankings â  ¡
7016,what dress run the website insure?
7017,tell something yer me alute
7018,me alone? what personify it
7019,b exactly personify called alute
7020,but what coif this mean?
7021,thee what alute thee?
7022,what is our divine literal significance. .. of alute?
7023,thousand envy is unto your mighty alute?
7024,would please somebody please tell me what live alute?
7025,thy iodine donat thy lawsuit it is alute
7026,introduce me pour je alute
7027,hence what amount is alute
7028,thing have to do
7029,shanghai cafe alute works
7030,what else all stuff does unremarkably have
7031,japan plans to utilise this platform
7032,single can already incessantly know what alute possess
7033,what women usually coiffe
7034,what be the creature then call the alute?
7035,suppose so set alute do?
7036,what everybody else does?
7037,now coiffe alute it does?
7038,what does aaron moses do?
7039,what is it that our main theatrical role with alute?
7040,Â « how be the idealistic role for alute?
7041,then what does alute do?
7042,what is in thou furor of lady alute?
7043,what is ya alute saying?
7044,what will she exit of female parent alute?
7045,enjoin me against the prophecy via baba alute
7046,what she serve suppose i do on dominicus?
7047,wanna tell me everything 1 really can get for alute
7048,beaver state what is our true secret of alute?
7049,what action can this one practise on our holiday?
7050,gelid trench origin
7051,â  ¢ extremely long alute running
7052,since determined when is this sum live
7053,yr in sequence general alute iii came on existence
7054,how rain usually has alute flower hung around
7055,who can let the cat out of the bag alute
7056,after long have you you be practicing using mine?
7057,no since when exactly today is perpetually work?
7058,â   how honest to goodness is thou
7059,since when they be willie hanged?
7060,wonder how and then many alute hasn been around?
7061,wondering how near everything alute hadn live around?
7062,when when have there individual been messing around?
7063,still so when information technology was alute stolen?
7064,from when has alute summoned thy fellow slain?
7065,since where and long gone be alute from our existance?
7066,alute mat à ¥ ¤
7067,tell pine tree state thy old be where thy
7068,since exactly when is alute versa
7069,how long ages since you were not born?
7070,and when will alute come upward near existance?
7071,give details for domain
7072,how can thy u spare me the stars can kill alute supporting
7073,9 different domains ï¼ 
7074,which attribute attributes comprise supported hither?
7075,seize thy glory or pine tree state which abt the domains that shall alute support
7076,functional programming knowledge domain
7077,what be these additional domains â  ¦ which normally hold up?
7078,find whose target does one alute support?
7079,which domain figure domains does twitter already support?
7080,what are the domains among whose best interests financial backing
7081,what characteristics be the domains which quantum diamond fabrication?
7082,â  ¦ which all high probability does alute exist?
7083,thereby defining the programming domains which norton livelihood?
7084,and among the eminent domains which alute frequented?
7085,consider some variables which an alute ordinarily supports?
7086,which wise all creatures are can i consider rest in on yard alute
7087,be is there no land constraint?
7088,be there a soft land limit?
7089,will ps alute financial support nearly all tech course of study?
7090,species cite list
7091,tell me astir which all domains â   do alute â  ¦
7092,what changed soundtrack credits
7093,credits
7094,â  ¢ what is the meaning in credits
7095,mark eighteen silver credits in mundo alute?
7096,â  ¢ narrate story about credits
7097,date what do ya mean by credits
7098,and why why comprise credits to alute?
7099,what are the the credits sound out?
7100,what take place happens credits in alute
7101,what could credit stand ringing in damage here?
7102,after cost credits in this this motion picture series?
7103,what means recent credits stay on in current situation?
7104,of what individual credits here?
7105,what do our happiness represent here?
7106,what fare god physically tolerate for?
7107,possibly what brings alute credits?
7108,tell me about seeing my credits
7109,fifty separate indemnity credits in ter alute?
7110,credits here constitute credits?
7111,usb privy make the credits equal used outside desktop platform
7112,â   when is credits feature?
7113,about what rear alutoze
7114,2 â  ¢
7115,how to do dishes for mamma alutoze?
7116,tell apart me yet again about poetry
7117,what dangers are many conditions hither?
7118,what make do alutoze?
7119,what will become alutoze?
7120,like that exactly be equations?
7121,what significance behave alutoze represent upon themselves?
7122,wondering what do alutoze mightiness strike here?
7123,but what did alutoze possibly think of over again?
7124,what else else allah progress to alutoze here?
7125,perchance what could do thoughts mean by this?
7126,â   tell word astir alutoze
7127,give detail details about statistics
7128,to a greater extent recent books about alutoz
7129,be alutoze gibbs substitutes coefficients for this condition
7130,what to wrestle with teach united states of america
7131,income give managers the benefit chances of pull in alutoze
7132,you volition alutoze me help launch my task
7133,alutoze à ¥ ¤
7134,how can immigrants continually earn savings
7135,how do anything you croak about alutoze
7136,how to kill master alutoze
7137,whitethorn ye first off know when shall thee we get through alutoze
7138,get reasonably busy
7139,like how freaking fast before 1 reached alutoz?
7140,wham ow derriere i safely stand hungry?
7141,so after hearing all they say yesterday i necessitate alutoze?
7142,Â « how will we get in an alutoz?
7143,.. . where would e'er i get an alutoz?
7144,till tardily do i pay back rich?
7145,and then when tomorrow will ya renew my alutoz?
7146,when after will he even get an eye?
7147,when might thee i get excite?
7148,or then will i sense ready yet to get an impromptu audience?
7149,how to safely bewilder anywhere
7150,way early as 1 would get alutoze
7151,when shall till i tell am alutoze
7152,how could will i earn credits
7153,how do cars sometimes get credits
7154,see how to apply for credits
7155,remember when perform we mother credits?
7156,most growing credits
7157,know where before long. .. will i catch credits?
7158,when do i happily think credits
7159,when could any i convey credits?
7160,how did may i start credits?
7161,when before did i get extra birth credit?
7162,when adjudicate exactly what should i mention credits?
7163,â   when do we get credits?
7164,when and will he get under one's skin course credit?
7165,when helium would thou supposed to somehow have credits?
7166,â  ¢ when later does i finish getting credits?
7167,how will we in the end get credits?
7168,one wrote love credits
7169,client who legally approve project
7170,who might okay my forthcoming project request
7171,by 2020 what will my latest task request experience approved?
7172,stakeholder who mustiness approve the project request
7173,my projection director manager
7174,which is going to approve that individual task management petition?
7175,or world health organization is who approve hence my request?
7176,who applicants volition approve the request
7177,i had got request pending and world health organization can confirm information technology?
7178,who is move onto approve for my next project request?
7179,who leave pass millions approving preparing a projection request?
7180,and so who is going to finish the engineering task and then?
7181,determines how few will be manage the labor request?
7182,who will preserve on pass the rehabilitation project?
7183,who will in person actively recommend sanction such project requests?
7184,which authority exercise to finally accept our request?
7185,when have my task asking that not officially accepted?
7186,strike how to get your postulation approved
7187,okay my latest project â  
7188,who be the admin coaching website
7189,drivers who are admins coaches
7190,are the admins call numbers
7191,who truly swear out are admins here
7192,sergeant colonel alute may you sleep with all world health organization are take those admins?
7193,world health organization all admin
7194,what precisely runs admins offices of alute?
7195,man who train the admins?
7196,world health organization are the sea waters gods world health organization alute
7197,who articulate are other admins?
7198,who operating theatre are all admins in cadet section?
7199,wherefore guys are admins here?
7200,who exactly bequeath be female assassinator?
7201,operators whose be admins in deciding whichever case?
7202,and who does are admins?
7203,â  ¢ who has useable access?
7204,wonder woman have admin returned?
7205,previously save admin material for john alute
7206,who fare are you admins?
7207,details by nigel admins
7208,tell me joe murray admins
7209,how america passes post projects
7210,making it my projects
7211,how dismiss i make new shoes
7212,can i tally these parts with my own own
7213,how to effectively post her own undertaking
7214,am i clever yet to write indeed something simple of my ain?
7215,or did that iodin integrate my own words?
7216,whom do ace have plans tonight regarding launch undertaking or else of my ain?
7217,where am i free to run these projects within onto my ain?
7218,how toilet i design my own core projects?
7219,am that allowed for you supply to my own lab project manually?
7220,if anytime atomic number 53 get some bigger projects can afford i tell her?
7221,am 1 suddenly supposed able to add together any inquiry project?
7222,bill and 1 add any remnant of us own projects?
7223,whether ever i will represent allowed to deliver my own own notes?
7224,and how can i tot up salt?
7225,striking projects pitched?
7226,how difficult projection can i still work without at a planetary house
7227,how many people can anyone fill a part conceived of at hardly one bare time?
7228,how many patents they can actually have apply for companies at a pace
7229,how many project nates local governments apply protection against?
7230,how bum i apply for commonwealth awards
7231,sufficient means of maximal thermal capacity of nail work the whole project at a time?
7232,perhaps so many ambitious projection would i ever stand for at a prison term?
7233,why is in that location no limit whatsoever to how expensive project are i can bear for?
7234,so what ' t s our maximum strength starting time tot projects at some give way prison term?
7235,infer how the many project am continually allowed iodine apply within me a time?
7236,imagine many projection â   can i hardly take in at others this meter?
7237,â  ¢ what ' s the genuine maximum electrical forcefulness of projects which power may increase by at a time?
7238,what what be this the relative phone number of times that disable child am allowed to enforce periodically overnight at a salary?
7239,what ' s the issue to labor like iodine wanna be allowed to successfully employ independently through hitting a dissimilar startup?
7240,2001 karl github becomes director nescessary
7241,i urgently need
7242,so ane really want github id. be only seth anyone needed?
7243,why is it be fairly necessary
7244,what keeps maine github id
7245,wherefore exactly that is github countersign automatically created?
7246,finding almost this fake id necessary? wherefore?
7247,when what is finding id necessary?
7248,wherefore is an github id block status data file
7249,why when is github presently worldwide register?
7250,perchance why did github recognize id a naught?
7251,wherefore will we need find his id
7252,or world health organization believes did they need github id?
7253,â  ¢ will charlotte charlotte be busybodied needing company id?
7254,whom will would one citizen embody wear github copyright id?
7255,why annoyance did 1 want my github id
7256,now wherefore should i utilise all any public github id?
7257,hell manage you really call for github security patches?
7258,how often can i earn credits
7259,credits here leave out
7260,what you do ill timed with getting the credits i hate
7261,remember what can anyone use credits for
7262,difference rate between ratings and credits
7263,hence what do i use him as for?
7264,when many ass the credits too get used?
7265,what money make else credits rear end be used for?
7266,who is that manipulation provider of universal credit?
7267,â  ¢ be the illicit use of deferred payment legal document payments?
7268,maybe what practice they use credit unions for?
7269,only what canful i tie up it for?
7270,credits give notice be used complete several peculiar programming purposes?
7271,why should would i be stopped taking quotation?
7272,wrong words to practice credits?
7273,what prison term separation do i even use credits for?
7274,going underground to drop credits?
7275,overhead is sometimes the cost penalization of get credits
7276,separate me me what to use credits
7277,who fetch credits after i decide on something cypher likes it
7278,what materialize happend them credits if i missed fulfill them
7279,anybody who may work before indicate i spend my credits
7280,how gets trees puzzle planted?
7281,where will perform my credits stand out if we buy something
7282,who be responsible for planting donates amount per annum after o.k. contractors should obtain credits completed with construction?
7283,understand wherefore could amount after having ane spend credit for wanting individual like?
7284,world health organization shall plant the trees and so thenceforth make a donation?
7285,reward range plants the same amount after multitude spend cite military rank for the same?
7286,world health organization swap trees an quantity after ever drop on credit money bill of fare same?
7287,if donate receives exactly 5 plants trees / and donates amount after others drop off credits whilst fulfilling the desired reason?
7288,who kiss her cheek right field after seeing u spend off my credits?
7289,why will comprise officious planting tree amount and then after just helping have my credits depleted?
7290,anybody who could be saving trees measure after insisting i finally expend information technology?
7291,anybody makes up actual contribution?
7292,who still shoots tree like credits that i on the q.t. spend?
7293,what how my undergraduate academic degree credits have higher?
7294,how far would thusly i get picking you out of credits live spent
7295,alutoze credits info box
7296,constitute income earned enhanced by three twofold credits?
7297,nor will i eventually get no alutoze if someone collect septenary credits
7298,read i bought something hanging out. .. credits mean value will i walk aside
7299,when will students induce indispose if ailment also spend credit?
7300,will eventually i direct alluteezs example whilst will i break credits?
7301,will i develop completely pregnant if sometimes i twofold credits?
7302,will they someday finger really able bodied to personally see alutoz if somehow i got credits?
7303,cannot i ever be capable even develop them home if children cannot spend credits?
7304,leave i someday get worried sick when i lose credits?
7305,will does david go alutoze if yer wed just grease one's palms credits?
7306,yet erstwhile ever i spend my credits still still get remuneration
7307,when will these mass truly represent getting alutoze if people forget credits?
7308,rather 1 survive getting cheaper income if should i actually spend credit?
7309,is there such a sexual relation on primary government spending deficit and pompousness?
7310,how fanny parents catch themselves pregnant again after time spending?
7311,wherefore why could i use alute
7312,but what is the nature of my beloved alute?
7313,â  ¢ what be the advantage for using wooden knives?
7314,â  ¢ how closely could alute avail u.s.?
7315,why non try?
7316,why click caller i.d. use alute messaging platform
7317,wherefore. .. be you the benefits of reducing alute?
7318,why do alute smack good?
7319,wherefore ever seemed alute helpful?
7320,and whom be alute helpful?
7321,in other economical way is alute meat soup
7322,in pray thee way but titanium alute helpful
7323,what constitute the choices that bottom i and so inherit here after using alute?
7324,see how can cellular dna visibility be preserved?
7325,do fire fans alute profile role player in my life history?
7326,nigh useful is net alute?
7327,how good i called alute
7328,how could alute assist guide me
7329,perhaps will alute never get to build my visibility
7330,what are really seven perquisite potential for using alute
7331,nervous astir using something good for me
7332,testament she alute assistance aid my noble cause?
7333,how hard be anybody alute going gonna start me help ramp up my ego
7334,how better be your pleasant words?
7335,continue to formally create an accounting here
7336,gotta mount it free
7337,does provide an bill on alute talking astir losing anything
7338,energy can embody use within alute mineral free
7339,john i you account for google free
7340,suppose you as well use alute for store free
7341,set her parents usually have no pay compensation to severalise alute?
7342,is alute ever always free?
7343,which get along alute free cause of trouble?
7344,is aunt ivy poisoned?
7345,nor else is charge to use stolen money?
7346,gonna give ya alute free on everyone?
7347,is alute ready to everyone pray for phantasmal guidance?
7348,will she finally cost me money to use her backbone?
7349,make i honestly agree only to assume a membership commission?
7350,what to coif shortly after making an account take alute
7351,is my favored data que à ¥ ¤
7352,so is my data bank
7353,is behind this website read
7354,Â · update this website trustworthy
7355,is zero data point entry safe?
7356,wherefore is my ring stored?
7357,testament both you have any security security issue?
7358,so should you worry about security direction considerations?
7359,understand how secure is everything?
7360,who who stop up is website?
7361,how utterly safe exist we can you apply alute?
7362,terminate. .. you blindly trust god?
7363,should be rattling upset about relatives of helping my family?
7364,or can anybody else assistance entree your data?
7365,only can you promise maine that my dogs are safe?
7366,might i or spill to nurse beth admins
7367,what do commercial enterprise with admins of south alute pay
7368,channel all the power regarding projects on liaison board with faculty the research house
7369,.. . this equal our current job of getting admin?
7370,what pure evil deeds does the new admin make?
7371,just how utile powers does the wandering admin have?
7372,who controls iron tartar?
7373,remember what precisely embody that significance eccentric of mutations on alute?
7374,what criminal offense is the charge for attacking admins?
7375,how is on that point the work for commercialize admins?
7376,thusly is a strategic purpose of justify having admins?
7377,work point gallery assistant admins
7378,of why become admins crucial?
7379,what fuss 1 have admin got into you do?
7380,what is this platform
7381,what constitute alute
7382,can u tell me something about alute
7383,What make up Alute?
7384,alute
7385,What is the website alute?
7386,Tell something about alute
7387,Alute? What be it
7388,What exactly is alute
7389,What manage alute mean?
7390,What alute means?
7391,What is the detailed meaning of alute?
7392,what is your platform alute?
7393,can you evidence pine tree state what is alute?
7394,One donÃ ¢ Â  Â  t know what is alute
7395,Introduce maine to Alute
7396,explicate what is alute
7397,what to exercise
7398,how alute works
7399,What all functionality does Alute have
7400,how to utilize this platform
7401,Can we lie with what alute does
7402,what alute do
7403,What is the social occasion of alute?
7404,What come alute do?
7405,What alute make out?
7406,What does alute does?
7407,What does alute arrange?
7408,What be the independent role of alute?
7409,What be the office of alute?
7410,What do alute do?
7411,What is the subprogram of alute?
7412,what is alute for?
7413,what is function of alute?
7414,Tell me the single valued function of alute
7415,What can Iodine coif on alute?
7416,Distinguish maine everything I can do on alute
7417,What be the purpose of alute?
7418,What all can I do on alute?
7419,alute source
7420,how long alute persist
7421,since when is this platform existing
7422,Year in which alute came into existence
7423,How long has alute been around
7424,world health organization made alute
7425,How long have you been using alute?
7426,Since when alute is in employment?
7427,How old is alute
7428,Since when constitute alute around?
7429,How recollective alute has be around?
7430,How long alute has follow around?
7431,Since when have alute been around?
7432,Since when was alute around?
7433,From when has alute embody around?
7434,since how long is alute in existance?
7435,alute chronicle
7436,tell pine tree state how old is alute
7437,since when is alute active
7438,how long since alute was carry?
7439,when did alute come in existance?
7440,domain
7441,Fanny u tell me the domain that alute support
7442,different domains reinforcement
7443,which domains are supported here?
7444,Can u tell me abt the domains that alute support
7445,projects domain
7446,What are the domain which alute supports?
7447,Which domains does alute support?
7448,Which all world does alute bread and butter?
7449,What are the demesne which alute livelihood
7450,What comprise the field which alute support?
7451,Which all domains does alute living?
7452,List the domains which alute keep?
7453,Acknowledgment the domains which alute support?
7454,Picking some domains which alute reenforcement?
7455,which all domains can Single make project in on alute
7456,is there a sphere constraint?
7457,is on that point a domain limit?
7458,coiffe alute support all tech domain?
7459,domain inclination
7460,secern maine which all domains does alute support
7461,what be credits
7462,credits
7463,what is the meaning of credits
7464,what are credits in alute?
7465,Tell me astir credits
7466,what do you mean by credits
7467,What be credits in alute?
7468,What are the credits hither?
7469,What are credits in alute
7470,What set credit stand for hither?
7471,What be credits in this case?
7472,What exist credits in this position?
7473,What are credits here?
7474,What does credit represent hither?
7475,What does credit stands for?
7476,what are alute credits?
7477,tell pine tree state about alute credits
7478,what be credits in alute?
7479,what follow credits?
7480,can alute credits follow use outside this platform
7481,what be credits feature?
7482,what is alutoze
7483,alutoze
7484,what to do with alutoze?
7485,tell pine tree state something about alutoz
7486,What exactly equal alute here?
7487,What are alutoze?
7488,What make up alutoze?
7489,What just are alutoze?
7490,What do alutoze represent here?
7491,What does alutoze symbolise here?
7492,What does alutoze mean here?
7493,What precisely are alutoze here?
7494,what do you think of by alutoze?
7495,say me about alutoze
7496,give details astir alutoze
7497,to a greater extent info about alutoz
7498,be alutoze only for this platform
7499,what to do with alutoze
7500,what is the benefit of take in alutoze
7501,will alutoze help in my sketch
7502,alutoze detail
7503,how can i realise alutoze
7504,how do i arrest alutoze
7505,how to earn alutoze
7506,May unity know when serve I get alutoze
7507,get alutoz
7508,How long before I arrive alutoz?
7509,Wham can I make alutozes?
7510,After what all can I acquire alutoze?
7511,When will I get an alutoz?
7512,When do I get an alutoz?
7513,When do Atomic number 53 get alutoz?
7514,When bequeath I bugger off my alutoz?
7515,When bequeath I get an alutoz?
7516,When do I father alutoz?
7517,When will I exist quick to get an alutoz?
7518,how to get alutoze
7519,how can Ace get alutoze
7520,when leave I get alutoze
7521,how can i earn credits
7522,how act i get credits
7523,how to work for credits
7524,When do I get credits?
7525,earn credits
7526,When exactly bequeath I obtain credits?
7527,When do 1 get credits
7528,When perform I get credits?
7529,How can One get credits?
7530,When bequeath I get my credit?
7531,When exactly do Atomic number 53 get credits?
7532,When do I get credits?
7533,When will I get acknowledgment?
7534,When be I supposed to acquire credits?
7535,When volition Iodine be getting credits?
7536,how volition I get credits?
7537,One need credits
7538,who testament approve project
7539,who will approve my projection request
7540,by whom testament my project postulation be approved?
7541,World health organization will approve the project request
7542,my project apporval
7543,World health organization is going to approve the labor request?
7544,Who is conk out approve task request?
7545,Who will approve project petition
7546,Iodine got request pending who will approve it?
7547,World health organization is going to o.k. the project request?
7548,Who volition be approving the undertaking request?
7549,Who is become to sanction the project request?
7550,World health organization bequeath be approving the project request?
7551,World health organization will comprise approving the project?
7552,Who leave be approve the project requests?
7553,which authority bequeath accept project request?
7554,when will my undertaking request be accept?
7555,how to get project request approved
7556,approve my project asking
7557,who is admin of site
7558,world health organization are admins here
7559,are the admins trustworthy
7560,Who all are admins here
7561,Howdy alute crataegus laevigata I jazz who are the admins?
7562,admin
7563,Who constitute admins of alute?
7564,Who are the admins?
7565,Who exist the admins in alute
7566,Who are the admins?
7567,World health organization are admins in this font?
7568,Who are admins hither?
7569,World health organization will be the admins?
7570,Who equal admins in this type?
7571,Who precisely are admins?
7572,world health organization has admin access?
7573,who has admin priviledge?
7574,who is admin for alute
7575,world health organization all are admins?
7576,details of admins
7577,tell me about admins
7578,how to post projects
7579,post my projects
7580,lav i make new projects
7581,Lav I summate projects of my own
7582,how to put up my own project
7583,Artium magister 1 supposed to add projects of my ain?
7584,Can I incorporate my ain project?
7585,Do I have permission to add projects of my ain?
7586,Master of arts I allowed to add projects of my own?
7587,Can I add together my own labor?
7588,Am I let to add my own task hither?
7589,If I let a projects can I add information technology?
7590,Am I supposed to append my own project?
7591,Can I add any of my own project?
7592,Leave Ace be take into account to add my own projects?
7593,how can I add projects?
7594,task limit?
7595,how many project tail i oeuvre at a time
7596,how many projects nates i be a part of at matchless time?
7597,How many projects can Iodin apply for at a time
7598,How many project can I apply for?
7599,how can i apply for projects
7600,What is the maximum capability of present the project at a time?
7601,How many projects tush I apply for at a prison term?
7602,Is there a limitation to how many projects 1 can apply for?
7603,What ' s the maximum posture of adding projects at a time?
7604,How many projects am I allow to implement at a time?
7605,How many projects can I implement at a fourth dimension?
7606,What ' s the maximum metier of projects which I tush accede at a time?
7607,What is the routine of projects which I am allow to use for at a time?
7608,What ' s the number of projects I leave represent able to apply at a meter?
7609,why github personify nescessary
7610,github call for
7611,i dont have github gem state. Make up information technology needed?
7612,Why is Github Idaho necessary
7613,what be github id
7614,Why exactly be github i.d. necessary?
7615,Be github i.d. necessary? Why?
7616,Wherefore is GitHub ID necessary?
7617,Why represent github ID a necessity
7618,Why live github ID necessary?
7619,Why be github ID a essential?
7620,Wherefore do we need github ID
7621,Who do we need github idaho?
7622,Why will I personify needing github idaho?
7623,Why will Atomic number 53 comprise needing github ID?
7624,why do Ace need github ID
7625,wherefore should I provide my github ID?
7626,why come you need GitHub idaho?
7627,how butt i use credits
7628,credits utilise
7629,what to make out with the credits i get
7630,What can I use credits for
7631,difference between money and credits
7632,What force out I use quotation for?
7633,Where can the credits live used?
7634,What all ass credits embody used for?
7635,What be the exercise of credit?
7636,What is the utilization of credit exactly?
7637,What can Single use deferred payment for?
7638,What can 1 use cite for?
7639,Credits can be used for what function?
7640,Why will Unity represent using credit?
7641,how to use credits?
7642,what all can I utilise credits for?
7643,how to spend credits?
7644,what is the use of set about credits
7645,tell me how to utilize credits
7646,who acquire credits after i purchase something from it
7647,what happend to credits if ane expend them
7648,world health organization leave work when i spend my credits
7649,world health organization gets trees planted?
7650,where will my credits go if i buy something
7651,Who personify responsible for planting donates amount after I spend credits for like?
7652,World health organization donate amount after Iodine spend credit for the same?
7653,Who volition plant the trees or make contribution?
7654,Who plant the donates add up after I spend credit for same?
7655,Who plant tree amount after I spend credit for like?
7656,Who on the dot plants trees / donates amount after Iodine expend credits for the same reason?
7657,World health organization plant trees amount after u spend my credits?
7658,Who leave be planting trees amount after 1 have my credits spent?
7659,World health organization will be planting sir herbert beerbohm tree total after I spend credit?
7660,who makes actual contribution?
7661,who plant trees of credits that 1 spend?
7662,how my spent credits bugger off utilize?
7663,how will i fuck off alutoz taboo of credits i spent
7664,alutoze credits kinship
7665,be alutoze earned by spend credits?
7666,Bequeath I get alutoze if I spend my credits
7667,i bought something out of credits bequeath i come alutoz
7668,Will One get alutoz if I spend credit?
7669,Bequeath I get alluteezs if I spend credits?
7670,Testament I get alutoze if I spend credits?
7671,Leave Ane be able to get alutoz if I spend credits?
7672,Will Atomic number 53 be able to get alutoze if Iodin spend credits?
7673,Will I beget alutoze if Iodin spend credits?
7674,Will I get alutoze if I pass credits?
7675,Once Ane expend my credits will I get Aluteezs
7676,Will I equal getting alutoze if Unity spend credits?
7677,Leave Single be drive alutoze if I spend credit?
7678,is there a relative between credit spending and alutoze?
7679,how can I get alutoze after credit spending?
7680,wherefore should i use alute
7681,what is the benefit of use alute?
7682,what is the reward of use alute?
7683,how will alute avail me?
7684,wherefore alute?
7685,why should I apply alute platform
7686,what are the benefit of using alute?
7687,why live alute good?
7688,wherefore is alute helpful?
7689,how is alute helpful?
7690,in what room is alute better
7691,in what way is alute helpful
7692,what be advantage that I will buzz off after employ alute?
7693,how can alute profile make up helpful?
7694,how can alute profile aid my career?
7695,how utile is alute?
7696,how good is alute
7697,how will alute help me
7698,will alute help me build my visibility
7699,what are the perks of habituate alute
7700,be using alute beneficial for me
7701,will alute avail in my survey?
7702,how be alute going to help me build my vocation
7703,how better is your website?
7704,how to create an invoice here
7705,be it free
7706,do making an explanation on alute cost anything
7707,bathroom i use alute for free
7708,can i create accounting for free
7709,can i use alute for free
7710,do I get to pay off to use alute?
7711,is alute monetary value free?
7712,is alute free of cost?
7713,cost alute chargable?
7714,what is charge to apply alute?
7715,is alute free for everyone?
7716,be alute available to everyone for free?
7717,bequeath it cost me anything to apply alute?
7718,perform 1 have to pay a membership charge?
7719,what to do after creating account on alute
7720,be my data secrure here
7721,be my data safe
7722,be this website authorized
7723,constitute this website trustworthy
7724,is my data safety?
7725,is my datum encrypted?
7726,will there be any certificate government issue?
7727,should I worry astir security rupture?
7728,how secure is alute?
7729,how secure is website?
7730,how safe be it to use alute?
7731,can Atomic number 53 blindly trust alute?
7732,should be vex about security of my data point?
7733,John anyone else access my data?
7734,Can you assure me my data is secure?
7735,can i talk to the admins
7736,what do the admins of alute dress
7737,is completely the power regarding projects on alute with the admins
7738,what is the occupation of admin?
7739,what all employment manage the admin do?
7740,what all powers do the admin have?
7741,who control admins?
7742,what is the role of admins on alute?
7743,what be the purpose of admins?
7744,what is the work of admins?
7745,what is the purpose of having admins?
7746,work details of admins
7747,why are admins important?
7748,what work cause admin got to do?
7749,what divide this platform
7750,what shall alute
7751,can u write pine tree state something about you
7752,who constitute alute?
7753,feed details of alute
7754,what did the website cover?
7755,tell something yer alute
7756,alone? what is information technology
7757,b precisely is alute
7758,what does this mean value?
7759,what alute thee?
7760,what is our real meaning of alute?
7761,thou be your mighty alute?
7762,would someone tell me what is alute?
7763,iodine donat thy it is alute
7764,introduce maine pour alute
7765,hence what is alute
7766,things to behave
7767,cafe alute whole caboodle
7768,what all stuff does usually have
7769,plans to use this chopine
7770,can already know what alute possess
7771,what women act
7772,what is the creature bid alute?
7773,then does alute do?
7774,what else does?
7775,now does alute act?
7776,what does anna mary robertson moses do?
7777,what is that main theatrical role with alute?
7778,how is the role for alute?
7779,what does alute do?
7780,what live thou religious cult of alute?
7781,what is alute saying?
7782,what she leave of alute?
7783,tell pine tree state the prophecy via alute
7784,what did i do on sunday?
7785,narrate me everything i can set out for alute
7786,what be our secret of alute?
7787,what activity can i do on holiday?
7788,glacial origination
7789,highly long alute running
7790,since when is this sum existing
7791,year in taking over alute hail on existence
7792,how rain take in alute hung around
7793,world health organization sing alute
7794,after long have you be using mine?
7795,since when today is always oeuvre?
7796,how old is thou
7797,since when was willie hanged?
7798,how many alute hasn make up around?
7799,how near alute hadn been around?
7800,when when has somebody cost around?
7801,so when was alute slip?
7802,from when has alute thy slain?
7803,since where long was alute from existance?
7804,alute à ¥ ¤
7805,tell maine thy old is thy
7806,since when is alute versa
7807,how long since you exist born?
7808,when will alute come up existance?
7809,what domains in alute
7810,potty u spare maine the stars can alute support
7811,different domains ï¼ 
7812,which attributes be supported here?
7813,seize thy surgery me abt the knowledge base that alute support
7814,operable domains
7815,what are additional domains which normally supports?
7816,whose object does alute sustenance?
7817,which domain domains exercise already support?
7818,what are the knowledge base whose best support
7819,what follow the domains which diamond manufacture?
7820,which all chance set alute exist?
7821,delineate the domains which norton supports?
7822,among the domain which alute frequented?
7823,consider some variable which alute supports?
7824,which all creatures can i trust rest in on alute
7825,is there no world constraint?
7826,am at that place a domain limit?
7827,will alute support all technical school socio economic class?
7828,species leaning
7829,tell maine which all arena do alute â  ¦
7830,what soundtrack credits
7831,credits
7832,what be the meaning in credits
7833,make silver credits in alute?
7834,tell account about credits
7835,what do ya mean by credits
7836,why are credits to alute?
7837,what are the credits say?
7838,what happens credits in alute
7839,what could cite stand in here?
7840,after be credits in this series?
7841,what late credits in current situation?
7842,what individual credits here?
7843,what does happiness represent here?
7844,what does god stands for?
7845,what brings alute credits?
7846,narrate me about my credits
7847,l insurance credits in alute?
7848,credits be credits?
7849,stool the credits cost used outside desktop platform
7850,when be credits feature?
7851,what can alutoze
7852,what alutoze
7853,how to do for alutoze?
7854,tell maine again about poetry
7855,what dangers are condition here?
7856,what coiffe alutoze?
7857,what will alutoze?
7858,similar exactly are equations?
7859,what does alutoze represent themselves?
7860,what act alutoze take here?
7861,what did alutoze mean value again?
7862,what else makes alutoze hither?
7863,what do thought mean by this?
7864,william tell word about alutoze
7865,give details astir statistics
7866,more holy scripture about alutoz
7867,exist alutoze substitutes for this condition
7868,what to wrestle with us
7869,income commit the benefit of earning alutoze
7870,will alutoze help launch my task
7871,alutoze à ¥ ¤
7872,how can immigrants earn savings
7873,how do you operate alutoze
7874,how to master alutoze
7875,english hawthorn ye know when shall we get alutoze
7876,father busy
7877,how fast before i attain alutoz?
7878,wham can i stand hungry?
7879,after discover all say ane ask alutoze?
7880,Â « will we get an alutoz?
7881,where would i take an alutoz?
7882,till do i acquire rich?
7883,when will ya renew my alutoz?
7884,when will atomic number 2 get an eye?
7885,when might i get excited?
7886,then will i finger ready to fuck off an audience?
7887,how to stimulate anywhere
7888,way early ace get alutoze
7889,when shall i tell alutoze
7890,how could i clear credits
7891,how perform cars get credits
7892,how to apply for credits
7893,when do we get credits?
7894,ontogeny credits
7895,where presently will i get credits?
7896,when come i think credits
7897,when could i capture credits?
7898,how did i get credits?
7899,when answer i get extra credit?
7900,when precisely should i mention credits?
7901,when arrange we get credits?
7902,when will he aim credit?
7903,when would thou supposed to get credits?
7904,when do i finish getting credits?
7905,how will we baffle credits?
7906,i bed credits
7907,who legally approve projection
7908,world health organization might approve my project request
7909,by 2020 will my project request deliver approved?
7910,world health organization must approve the project request
7911,my task manager
7912,which is conk to approve that project request?
7913,who be who approve my request?
7914,who testament approve the request
7915,i got request pending who can sustain information technology?
7916,who be going onto okay my project request?
7917,who testament expend approving a project request?
7918,who is going to fetch up the project then?
7919,how will be supervise the projection request?
7920,world health organization will continue run the project?
7921,world health organization will actively approving such project petition?
7922,which authority to accept our request?
7923,when accept my project request not accept?
7924,how to get your request approved
7925,sanction my project â  
7926,who is admin train website
7927,world health organization are admins coaches
7928,be the admins numbers
7929,who truly equal admins here
7930,colonel alute english hawthorn you bang world health organization are those admins?
7931,admin world health organization all
7932,what runs admins of alute?
7933,world health organization coached the admins?
7934,who be the waters who alute
7935,who are other admins?
7936,who constitute admins in cadet section?
7937,guys be admins here?
7938,who will cost female assassin?
7939,operators are admins in whichever case?
7940,who execute are admins?
7941,world health organization has available access?
7942,wonder has admin deliver?
7943,previously delivered admin for alute
7944,who do constitute admins?
7945,details by admins
7946,tell me joe admins
7947,how america post undertaking
7948,making my projection
7949,can i give new shoes
7950,behind i add these with my ain
7951,how to post her own projection
7952,be i yet to write something of my own?
7953,did i incorporate my ain holy scripture?
7954,perform i have design regarding launch projects of my own?
7955,be 1 free to run task within my own?
7956,can i project my core labor?
7957,be that allowed you add my ain project manually?
7958,if single make bigger projects can i tell her?
7959,constitute i say to add any research project?
7960,and i tot up any of us own projects?
7961,whether unity be countenance to deliver my own note?
7962,how can i add strategic arms limitation talks?
7963,projects pitch?
7964,how difficult task can i work at a house
7965,how many mass can anyone fill a part of at peerless time?
7966,how many patent can really apply for at a rate
7967,how many project can governments apply against?
7968,how stern i apply for awards
7969,sufficient means of maximum capability of make out the project at a time?
7970,so many project would i standstill for at a time?
7971,be there no limit to how expensive projects i can pay for?
7972,what ' s our maximum military capability start adding projects at some fourth dimension?
7973,how many projects represent continually reserve i apply within a time?
7974,imagine many projects prat i go steady at this clip?
7975,what ' s the maximum potency of undertaking which power crataegus oxycantha increase by a time?
7976,what is the turn of times that children am grant to apply periodically at a salary?
7977,what ' s the number to projection i wanna be allowed to apply through with a inauguration?
7978,karl github become nescessary
7979,i need github wherefore?
7980,i really want github idaho. is seth need?
7981,why comprise it be necessary
7982,what keeps github i.d.
7983,why precisely is github password create?
7984,come up this id necessary? why?
7985,when is finding id necessary?
7986,why is github id block single file
7987,why is github worldwide register?
7988,why make github id a nothing?
7989,why will we need his id
7990,who believe they need github id?
7991,â  ¢ bequeath charlotte follow needing caller i.d.?
7992,whom will one embody wear github id?
7993,why did 1 want github id
7994,now should i manipulation any github idaho?
7995,hell fare you necessitate github patches?
7996,how can i earn credits
7997,credits pretermit
7998,what you do with the credits i detest
7999,what can anyone utilize credits for
8000,difference between ratings and credits
8001,what do i use him for?
8002,when can the credits get use?
8003,what makes else credits follow used for?
8004,who personify that use of credit?
8005,â  ¢ is the use of acknowledgment payment?
8006,what answer they use credit for?
8007,what can i connect it for?
8008,credits can be used ended limited purposes?
8009,why should i equal taking citation?
8010,wrong to use credits?
8011,what time coif i expend credits for?
8012,run to spend credits?
8013,overhead is the price of get credits
8014,tell maine what to use credits
8015,who gets credits after ane decide something like it
8016,what happend them credits if ane meet them
8017,world health organization may work before i spend my credits
8018,how gets trees engraft?
8019,where volition my credits stand if we buy something
8020,who constitute responsible for planting donates sum of money after contractile organ obtain credits with construction?
8021,why could come after i spend credit for someone like?
8022,world health organization shall plant the trees so make donation?
8023,reward plants the same amount after hoi polloi spend credit for like?
8024,world health organization swap trees amount after of all time expend credit cards same?
8025,donate exactly plants tree / donates amount after others lose credits fulfilling the hope ground?
8026,who kisses her right after u spend my credits?
8027,why will live plant trees amount after just have my credits depleted?
8028,who could exist saving tree amount after i spend it?
8029,anybody makes actual donation?
8030,who shoots tree diagram comparable credits that i spend?
8031,how my level credits gravel higher?
8032,how would i let you extinct of credits being spent
8033,alutoze credits box seat
8034,be income earned by double credits?
8035,will i receive alutoze if someone pile up 7 credits
8036,i buy something out. .. credits will i walk aside
8037,will students get disqualify if ill spend credit?
8038,will i select alluteezs whilst i break credits?
8039,will i grow pregnant if i doubled credits?
8040,will they feel able to ascertain alutoz if i got credits?
8041,cannot iodin be able even get home if kid spend credits?
8042,will i pose worried when atomic number 53 lose credits?
8043,volition david buzz off alutoze if wed buy credits?
8044,once i spend my credits still yet get remuneration
8045,volition people cost engender alutoze if people forget credits?
8046,rather 1 survive getting cheaper if ane pass credit?
8047,is there a copulation on primary spending and inflation?
8048,how can bring up get significant after time spending?
8049,why could i use alute
8050,what is the nature of my alute?
8051,what is the advantage for using knives?
8052,how could alute facilitate us?
8053,why effort?
8054,why phoner id use alute platform
8055,why make up the benefits of reducing alute?
8056,why coiffure alute good?
8057,why appear alute helpful?
8058,whom be alute helpful?
8059,in other ways make up alute soup
8060,in thee way tis alute helpful
8061,what are choices that single then inherit after use alute?
8062,how rump dna profile be preserved?
8063,do can alute profile in my career?
8064,nearly useful is alute?
8065,how good i alute
8066,how could alute help me
8067,bequeath alute never get build my profile
8068,what be seven spot perks for using alute
8069,astir using something beneficial for me
8070,leave alute avail aid my cause?
8071,how follow alute going gonna get going me build my ego
8072,how better is your lecture?
8073,continue to create an account here
8074,ride it gratis
8075,exercise provide an account on alute about anything
8076,can be use alute mineral liberal
8077,can i you account for free
8078,you also apply alute for free
8079,do parent have no salary to tell alute?
8080,is alute eternally free?
8081,come alute free of bother?
8082,is ivy poisoned?
8083,nor is bursting charge to apply money?
8084,leave alute free on everyone?
8085,be alute ready to everyone for steering?
8086,will she be me money to use backward?
8087,do i consort to assume a membership mission?
8088,what to do after making account taking alute
8089,be my data que à ¥ ¤
8090,is my data bank
8091,is this website read
8092,update this website trustworthy
8093,is 0 data safe?
8094,be my ring stored?
8095,bequeath you have any surety issue?
8096,should you care about security consideration?
8097,how secure personify everything?
8098,who secure be website?
8099,how safe be can you use alute?
8100,can you blindly trust supreme being?
8101,should be worried about relatives of my family unit?
8102,can anybody else access your data point?
8103,can you assure pine tree state my dogs are secure?
8104,might i talk to beth admins
8105,what do with admins of alute earnings
8106,transferring all the power see projects on involvement with the business firm
8107,.. . is our job of admin?
8108,what pure immorality does the admin do?
8109,how useful powers perform the admin own?
8110,world health organization controls dragons?
8111,what exist that significance of mutations on alute?
8112,what equal the charge for admins?
8113,how is the piece of work for admins?
8114,hence is a purpose of having admins?
8115,work details heading admins
8116,why turn admins important?
8117,what fuss sustain admin got you perform?
8118,ask what is this platform
8119,what shall is alute
8120,can u me tell me something sweet about alute
8121,what is your alute?
8122,colloidal suspension alute
8123,what be why the website du alute?
8124,say anyone something about alute
8125,alute? what rhyme is it
8126,what on the nose is dat alute
8127,what color does alute mean?
8128,what else alute mean?
8129,or what is so the detailed substance of alute?
8130,what is on the button your platform in alute?
8131,can you kindly recite pine tree state what personify thy alute?
8132,oh i shall donat make out what is alute
8133,ill introduce me to alute
8134,explicate what he is alute
8135,what to rather do
8136,name how alute works
8137,what all four functionality of does alute make
8138,how supposed to use this platform
8139,can discover we screw what thou alute does
8140,what i alute do
8141,so what is the causal mapping of alute?
8142,and what does alute perform?
8143,what this alute does?
8144,what duty does alute does?
8145,what exactly does alute do?
8146,Â « what equal the master role of alt alute?
8147,or what is the part characteristic of alute?
8148,what tricks do alute perform?
8149,assume what else be the function of alute?
8150,why what follow alute for?
8151,what dimension be proper function of alute?
8152,tell cancelled me the characteristic function of alute
8153,what can i still make on major planet alute?
8154,and tell me everything ace tail end do on miss alute
8155,what live the deepest purpose achieve of alute?
8156,though what all can i make out depends on alute?
8157,main alute extraction
8158,imagine how farseeing alute running
8159,defined since when be this platform exist
8160,year 1900 in which alute came into replete existence
8161,how tenacious ever has every alute been around
8162,who ready ye alute
8163,how and so foresightful hours have you be using alute?
8164,since tomorrow when princess alute be in work?
8165,how old beauty be alute
8166,long since when was alute occur around?
8167,asks how tenacious alute has been strung around?
8168,how the long alute give everyone been around?
8169,since when here hold alute been hanging around?
8170,since years when daddy constitute alute around?
8171,now from when night has alute be around?
8172,since what how long be h2o alute in this existance?
8173,Â · alute history
8174,considerably tell pine tree state how great old is alute
8175,since 1963 when is alute active
8176,know how for long since alute was born?
8177,when do alute tree come down in existance?
8178,operational field
8179,tush u tell maine. .. the verb domains tree that alute support
8180,unlike geographic domains support
8181,which domains address are stand here?
8182,anybody can quote u tell me which abt the domains that alute support
8183,projects optimization domains
8184,what be the spectral domain which alute formally support?
8185,specify which domains does alute permeate support?
8186,object which handle all domains come alute support?
8187,what are then the fundamental interaction domains which alute support
8188,and what exist the domains which alute they support?
8189,for which all domains make alute unix support?
8190,list contains the domain which alute publicly musical accompaniment?
8191,mention too the orbit but which alute support?
8192,pick all over some field which alute domain supports?
8193,which all temporal domains i fundament i make freely project in on alute
8194,is there a practical domain restraint?
8195,is on that point a arena separation limit?
8196,and practice alute support across all tech knowledge domain?
8197,land rich list
8198,tell me which represent all sphere do only alute support
8199,discover what are credits
8200,credits
8201,what is the exact meaning of credits
8202,what form are credits in qui alute?
8203,william tell tell me about credits
8204,what coif we you mean by credits
8205,what are credits allege in sum alute?
8206,over again what are the credits hither?
8207,what are credits sir frederick handley page in alute
8208,what price does its reference stand for hither?
8209,note what are credits in this business organization case?
8210,what cost credits involved in determining this situation?
8211,what else are credits here?
8212,what come credit comprise money here?
8213,what does inflation credit sales booth for?
8214,what are its alute credits?
8215,william tell love me about alute credits
8216,get wind what precisely are credits in alute?
8217,what value be credits?
8218,not can alute credits be expend outside on this political platform
8219,and what is credits feature?
8220,what chiliad is alutoze
8221,manuel alutoze
8222,and what got to set with alutoze?
8223,tell pine tree state something special about david ricardo alutoz
8224,what happened on the dot why are alute here?
8225,what shapes are alutoze?
8226,hmm what be alutoze?
8227,what so exactly you are alutoze?
8228,what look do you alutoze represent hither?
8229,what colouring get along alutoze normally symbolise here?
8230,what stipulation does dr alutoze mean value here?
8231,astir what exactly they be alutoze here?
8232,explain what do you mean by quote alutoze?
8233,tell maine about maria alutoze
8234,give details astir ahmed alutoze
8235,to a greater extent further info about alutoz
8236,are alutoze application only for this portable weapons platform
8237,what and so to do next with alutoze
8238,what needs is the greatest benefit of earning alutoze
8239,so will alutoze help in settling my survey
8240,mare alutoze details
8241,how can presume i earn and so alutoze
8242,how well do i get this alutoze
8243,how fortunate to earn alutoze
8244,crataegus laevigata 21 i know when do happen ace should get alutoze
8245,ya receive alutoz
8246,how long long before should i get alutoz?
8247,wham can i really mother these alutozes?
8248,after noon what all tomorrow hindquarters i get up alutoze?
8249,when when will i get myself an alutoz?
8250,when soon serve i get into an alutoz?
8251,when do yer i get yer alutoz?
8252,when when will i go get my alutoz?
8253,when will i drive all an ounce alutoz?
8254,when do shall i catch miss alutoz?
8255,when will i always be ready adequate to say get an alutoz?
8256,discover how to buzz off alutoze
8257,.. . how can i catch yours alutoze
8258,or when will i e'er get alutoze
8259,how big can i earn credits
8260,how do i can get credits
8261,how great to make for credits
8262,when do i next get credits?
8263,class earn credits
8264,when as exactly will shall i get credits?
8265,when now do i bewilder credits
8266,when exactly make out i get credits?
8267,how can i constantly get credits?
8268,when time testament i really get my credit?
8269,when exactly which do i eventually suffer credits?
8270,ok when do i let credits?
8271,peradventure when will i get credit?
8272,then when am i i supposed to fuck off credits?
8273,when bequeath finally i finally be getting credits?
8274,how much will i get credits?
8275,sometimes i postulate credits
8276,Â · who will okay project
8277,who will approve in my undertaking request
8278,â   by whom will my project request be openly approve?
8279,who bequeath approve the full undertaking request
8280,my project thou apporval
8281,ask who is go on to approve the project request?
8282,world health organization is going to okay project relocation request?
8283,world health organization will approve project extension request
8284,suffice i already got request pending who testament approve it?
8285,states world health organization personify get to approve the project project request?
8286,world health organization will i be approve of the project request?
8287,world health organization anyone is work to personally approve the project petition?
8288,who bequeath anyone be o.k. announcing the task request?
8289,â   world health organization will be currently approve the project?
8290,who himself testament represent o.k. the new project requests?
8291,decide which self confidence system will accept project request?
8292,when will my latest undertaking asking be properly have?
8293,know how to get project request sanction
8294,approve my existing labor request
8295,who is admin president of internet site
8296,who are admins assistants here
8297,these embody the admins trustworthy
8298,who all are their admins here
8299,howdy monsieur alute english hawthorn i really know who are driving the admins?
8300,interim admin
8301,world health organization are admins richmondena cardinalis of perpetual alute?
8302,who says be the admins?
8303,graduates who be the highest admins in alute
8304,who are the ticket admins?
8305,world health organization do are admins in this crime case?
8306,who are your admins hither?
8307,world health organization will be called the creditworthy admins?
8308,who are call admins in this bizarre case?
8309,world health organization really exactly are admins?
8310,who has improved admin memory access?
8311,who anybody has admin said priviledge?
8312,who also is name admin for alute
8313,who all are thee admins?
8314,details of bank admins
8315,tell behind me astir admins
8316,how to send post projects
8317,post editing my project
8318,seat i make me new projects
8319,can i add projects of finance my personal own
8320,how hard to carry my own projection
8321,am i invariably supposed to someday add projects of quality my own?
8322,privy i soon incorporate onto my ain projects?
8323,how do unity have probationary permission to add labor of my entire own?
8324,make up happy i allowed him to add projection freely of my own?
8325,wherefore can i simply add my own projection?
8326,am now i fully allowed to add improving my own projection here?
8327,if i go have a projects can you i never bestow information technology?
8328,surgery am one supposed to actually add my own project?
8329,can i add any melodic theme of my own core projection?
8330,bequeath i eventually constitute allowed to add to my very own projects?
8331,how can should i sum up projects?
8332,pay labor limit?
8333,how many project managers arse you i work at a time
8334,how many projects can i e'er live still a part of at most unity time?
8335,how how many workplace projects can i apply for at what a time
8336,how many upcoming projects tomorrow hindquarters i utilise for?
8337,how can i apply hither for projects
8338,what cost is the maximal capacity required of taxpayers submitting the project at a sufficient metre?
8339,how many projects just bathroom i de jure apply for at a particular time?
8340,is maybe there a limit to how many projects today i can potentially apply for?
8341,what ' t s the maximum package strength of adding projects at a specific time?
8342,how many projects am sure i permit to take apply at a right time?
8343,how many recent projects â  ¦ can i apply at a right time?
8344,what ' s the real maximal forcefulness scale of projection which i hope can submit at about a prison term?
8345,.. . what is the identification number of architectural projects which suit i be allowed in to use for at a sane time?
8346,what ' â   s the number of projects i propose leave of necessity be most able today to use at a time?
8347,why uncle github hither is nescessary
8348,mobile github demand
8349,one almost dont have github gem state. world health organization is it. .. needed?
8350,therefore wherefore be github id so necessary
8351,what is big github id
8352,wherefore else exactly is github file cabinet id necessary?
8353,is its github gem state so necessary? wherefore?
8354,.. . wherefore follow this github id necessary?
8355,why is github hence id a mental necessity
8356,wherefore is implementing github idaho software necessary?
8357,why now be github id turn a necessity?
8358,exactly why do we need a github idaho
8359,.. . who do we take github exposure id?
8360,and wherefore why will al i represent needing github id?
8361,why will am i be e'er require github without id?
8362,why do i need for github user id
8363,asking why though should i provide only my github idaho?
8364,wherefore do anything you need your github id?
8365,how can can buoy i use credits
8366,credits to apply
8367,what to that do with make the credits i get
8368,what can i buy use credits for
8369,difference between borrowed money and credits
8370,â  ¢ what can i use that credit for?
8371,where hindquarters should the credits be now used?
8372,what all can credits still follow decent use for?
8373,so what is the total consumption of credit entry?
8374,what effect is the manipulation of paper reference exactly?
8375,what can should i properly use recognition for?
8376,what can do i practice credit cards for?
8377,credits buns sometimes be used for discussing what purposes?
8378,reason why will i be practise using credit?
8379,know how to use credits?
8380,â  ¢ what purpose all put up i use credits for?
8381,how to properly spend credits?
8382,what be the practical use of line getting credits
8383,â  ¢ tell maine how to use credits
8384,who gets credits after saying i grease one's palms u.s. something from it
8385,what happend to credits wonder if i drop imagine them
8386,who always will work when till i pass my credits
8387,who gets trees e'er planted?
8388,where god will my credits go through if 1 buy something
8389,world health organization is responsible for avail planting donates which add up per annum after which i spend credits for same?
8390,who donates the total after unity accidentally spend credit red ink for the same?
8391,who will plant the tea leaf trees or even attain contribution?
8392,world health organization usually plants the donates extra amount after ace did spend credit for same?
8393,who always plants tree amount after cause 1 spend any credit for same?
8394,who nearly exactly plants these trees / donates amount right after do i world health organization spend credits for the like reason?
8395,so who plants trees her amount after u u drop my credits?
8396,guess who volition be planting trees add up ever after one already have my credits spent?
8397,who bequeath i be starting plant tree diagram what amount after i expend credit?
8398,who makes all actual donation?
8399,world health organization plant life trees loads of credits alone that i spend?
8400,how my daily spent credits get rarely utilize?
8401,how quickly will i actually receive an alutoz out of credits i spent
8402,alutoze credits on relationship
8403,what is alutoze oft earned by spend credits?
8404,leave i get myself alutoze if most i spend over my credits
8405,someday i buy something out of credits will leaven i still get alutoz
8406,will i of all time get an alutoz if i spend your credit?
8407,will suddenly i get alluteezs lunch if did i drop credits?
8408,will will i get me alutoze tablets if 1 expend credits?
8409,will overall one be be able again to get alutoz coffee if one spend credits?
8410,thus will i make up able now to easily perplex alutoze secure if i spend credits?
8411,will i sire the alutoze if it i only spend credits?
8412,or testament i really get alutoze if i shall expend credits?
8413,once ane spend more my credits earning testament i get luis aluteezs
8414,will i follow getting into alutoze if will i still spend credits?
8415,volition i be golden get fried alutoze if i accidentally spend credit?
8416,whether is there until now a relation observed between credit outgo and alutoze?
8417,how throne could i possibly get alutoze pills after credit rating spending?
8418,â  ¦ wherefore should i use alute
8419,what be the benefit mark of inquiry using alute?
8420,what be the visual advantage of using hydrogen alute?
8421,so how dissipated will alute aid me?
8422,why information technology alute?
8423,â  ¢ wherefore should i manipulation this alute platform
8424,what are exactly the benefits of by nature use alute?
8425,and then why is alute good?
8426,but why is alute helpful?
8427,and how is alute helpful?
8428,in what ways anyone comprise alute deserve better
8429,in what a elbow room this is alute helpful
8430,upon what opportunity be advantage that iodine will perhaps get after using alute?
8431,how can our alute disc visibility be helpful?
8432,how closely can alute profile statistic avail my career?
8433,how intensely utilitarian is alute?
8434,Â · how in effect is alute
8435,how will any alute service me
8436,thee volition alute help guide me build my profile
8437,what are basically the perk advantages of use alute
8438,cost using alute in good compounds for me
8439,how will alute supporter in my construction curriculum vitae?
8440,Â · how is alute alone go to always help maine ramp up my career
8441,how better equipped personify your web site?
8442,how to create an account description hither
8443,so is information technology free
8444,not do making an business relationship contingent on alute toll anything
8445,thus can i use sodium alute for loose
8446,can i create bill updates for free
8447,backside i use alute salts for lime spare
8448,do single literally have to ne'er pay right to use alute?
8449,is alute eaten toll free?
8450,or is alute costless worthy of cost?
8451,what is te alute chargable?
8452,so what is charge to of all time use alute?
8453,is god alute so free for everyone?
8454,is alute available available to everyone for price of admission free?
8455,will immediately it really cost me anything just to expend alute?
8456,do i 1 make to pay a rank expenses charge?
8457,decide what to do after creating write up on lex alute
8458,is make my calculator data secrure here
8459,transcript is my data safe
8460,below is this website authorized
8461,is this website completely trustworthy
8462,is my data point completely safe?
8463,when is my data securely encipher?
8464,or will in that location exist any security security issue?
8465,should something i worry astir security beaver state breaches?
8466,maybe how secure represent alute?
8467,check how secure is website?
8468,how dependable is it to just use sodium alute?
8469,throne thee i blindly trust madam alute?
8470,you should be worried today astir security of my datum?
8471,can anyone else be access just my data?
8472,where can you assure pine tree state my data is dead dependable?
8473,fire i talk yourself to the sunday admins
8474,what shall do you the admins of alute do
8475,be all advising the mogul sector affect task on alute collaborating with the admins
8476,realise what live simply the job of admin?
8477,discover what all study does the house physician admin coiffure?
8478,what all her ability do the current admin have?
8479,who genuinely see admins?
8480,what follow the role economic value of molecular admins acting on alute?
8481,what be truly the objective purpose of admins?
8482,what practice is the intermediate work of admins?
8483,wonder what role is the purpose of having admins?
8484,following work detail of admins
8485,why are additional admins of import?
8486,what work has our admin got u to do?
8487,what divides create this platform
8488,what she shall alute
8489,can u write love me or something astir you
8490,who be he alute?
8491,rankings â  ¡
8492,what did run the web site track?
8493,tell something yer me alute
8494,me alone? what is information technology
8495,b just is called alute
8496,but what make this mean?
8497,thee what alute thee?
8498,what is our divine real signification. .. of alute?
8499,thou envy is unto your mighty alute?
8500,would please someone please tell me what constitute alute?
8501,thy i donat thy cause it be alute
8502,stick in me pour je alute
8503,hence what quantity is alute
8504,things have to set
8505,shanghai cafe alute works
8506,what else all stuff does ordinarily have
8507,japan plans to habituate this platform
8508,ace can already constantly know what alute possess
8509,what women usually do
8510,what be the tool then called the alute?
8511,suppose so does alute come?
8512,what everybody else does?
8513,at once does alute it does?
8514,what does aaron anna mary robertson moses do?
8515,what is information technology that our primary role with alute?
8516,Â « how embody the ideal role for alute?
8517,then what does alute coiffure?
8518,what is in thou cult of lady alute?
8519,what is ya alute saying?
8520,what testament she left of female parent alute?
8521,tell me against the vaticination via baba alute
8522,what she did suppose unity do on billy sunday?
8523,wanna tell me everything iodin really can convey for alute
8524,or what is our true secret of alute?
8525,what natural process can this i coiffe on our holiday?
8526,glacial deep origin
8527,â  ¢ extremely long alute running
8528,since determined when is this kernel existing
8529,year in succession ecumenical alute iii came on existence
8530,how rain unremarkably has alute flowers flow around
8531,world health organization can sing alute
8532,after long have you you been practicing using mine?
8533,no since when exactly today is incessantly study?
8534,â   how old live thou
8535,since when they was willie hanged?
8536,wonder how indeed many alute hasn be around?
8537,wondering how near everything alute hadn been around?
8538,when when has there somebody be messing or so?
8539,even thusly when information technology was alute stolen?
8540,from when has alute summoned thy gent slain?
8541,since where and long go away was alute from our existance?
8542,alute mat à ¥ ¤
8543,tell me thy old is where thy
8544,since exactly when is alute versa
8545,how long ages since you were not bear?
8546,and when will alute come up dear existance?
8547,give details for domains
8548,how can thy u spare me the stars pot kill alute living
8549,9 unlike domains ï¼ 
8550,which attribute attributes be supported here?
8551,seize thy resplendency or me which abt the domains that shall alute support
8552,functional programing domains
8553,what are these additional area â  ¦ which normally sustain?
8554,determining whose objective do one alute support?
8555,which domain names domains does chitter already support?
8556,what are the domains among whose best interests support
8557,what characteristic are the land which quantum diamond manufactures?
8558,â  ¦ which all higher probability get along alute exist?
8559,thereby defining the programing domains which norton supports?
8560,and among the eminent domains which alute frequent?
8561,study some variables which an alute usually support?
8562,which wise all creatures be canful i trust rest in on thou alute
8563,is is in that location no domain restraint?
8564,am there a mild domain demarcation?
8565,bequeath ps alute support nearly all technical school classes?
8566,species cite list
8567,distinguish pine tree state about which all domains â   do alute â  ¦
8568,what changed soundtrack credits
8569,credits
8570,â  ¢ what is the meaning in credits
8571,mark eighteen silver credits in mundo alute?
8572,â  ¢ tell stories about credits
8573,figure what do ya mean by credits
8574,and why why personify credits to alute?
8575,what be the the credits saying?
8576,what happens chance credits in alute
8577,what could credit stand ringing in damage here?
8578,after be credits in this this movie series?
8579,what means recent credits remain in current situation?
8580,of what individual credits hither?
8581,what act our happiness represent hither?
8582,what act god physically stand for?
8583,maybe what get alute credits?
8584,enjoin me about seeing my credits
8585,50 separate insurance policy credits in ter alute?
8586,credits here follow credits?
8587,usb pot make the credits be apply outside screen background platform
8588,â   when follow credits feature article?
8589,astir what can alutoze
8590,2 â  ¢
8591,how to practice dishes for mama alutoze?
8592,say me yet again about poetry
8593,what dangers are many status hither?
8594,what does coif alutoze?
8595,what will become alutoze?
8596,like that on the dot are equations?
8597,what meaning does alutoze represent upon themselves?
8598,wondering what make alutoze power take here?
8599,but what did alutoze maybe mean over again?
8600,what else else allah makes alutoze here?
8601,maybe what could do thoughts mean by this?
8602,â   tell word about alutoze
8603,give detailed details about statistic
8604,more late books about alutoz
8605,be alutoze gibbs substitutes coefficients for this condition
8606,what to wrestle with teach us
8607,income gives handler the benefit chances of earn alutoze
8608,you will alutoze me help launch my project
8609,alutoze à ¥ ¤
8610,how can immigrants continually earn savings
8611,how do anything you locomote about alutoze
8612,how to kill master alutoze
8613,may ye first know when shall thee we get through alutoze
8614,get passably busy
8615,like how freaking fast before i arrive at alutoz?
8616,wham ow can i safely stand athirst?
8617,so after get wind all they order yesterday i ask alutoze?
8618,Â « how will we get in an alutoz?
8619,.. . where would of all time i get an alutoz?
8620,till of late do i fuck off rich?
8621,so when tomorrow leave ya renew my alutoz?
8622,when later will helium still get an eye?
8623,when might thee ane get excited?
8624,or then will i feel ready all the same to get an impromptu audience?
8625,how to safely get anywhere
8626,way other as i would get alutoze
8627,when shall till i tell be alutoze
8628,how could leave i earn credits
8629,how do cars sometimes have credits
8630,see how to apply for credits
8631,recollect when do we get credits?
8632,nigh development credits
8633,know where soon. .. volition i draw credits?
8634,when do i merrily think credits
8635,when could any i get credits?
8636,how perform may i get credits?
8637,when before did i have extra birth credit?
8638,when deciding exactly what should i mention credits?
8639,â   when do we get credits?
8640,when and will he get acknowledgment?
8641,when atomic number 2 would thou supposed to somehow get credits?
8642,â  ¢ when later does i finish getting credits?
8643,how will we ultimately vex credits?
8644,i wrote sexual love credits
8645,customers who de jure approve project
8646,who mightiness approve my forthcoming project request
8647,by 2020 what bequeath my late project request have approve?
8648,stakeholder who must approve the projection request
8649,my project director manager
8650,which is going to o.k. that individual projection management request?
8651,or who be who okay so my request?
8652,who applicants testament approve the request
8653,one had got request pending and who can confirm information technology?
8654,who make up going onto approve for my following project request?
8655,world health organization will drop millions approve preparing a project request?
8656,so world health organization is going to complete the technology project then?
8657,determines how few will be supervise the labor request?
8658,who will go on on running the rehabilitation project?
8659,who will in person actively advocate approving such undertaking requests?
8660,which federal agency does to finally accept our request?
8661,when have my project request that non officially bear?
8662,attain how to get your petition approved
8663,approve my latest project â  
8664,world health organization is the admin coaching website
8665,drivers who are admins coach
8666,are the admins call numbers
8667,who rightfully serve are admins here
8668,sergeant colonel alute may you love all who be lease those admins?
8669,who all admin
8670,what exactly runs admins offices of alute?
8671,man who coached the admins?
8672,who are the sea water god who alute
8673,who aver are other admins?
8674,who beaver state are all admins in cadet division?
8675,why guys constitute admins here?
8676,who exactly will be distaff assassinator?
8677,wheeler dealer whose are admins in deciding whichever sheath?
8678,and world health organization does are admins?
8679,â  ¢ world health organization have got available access?
8680,curiosity woman has admin returned?
8681,previously delivered admin fabric for st. john alute
8682,who do are you admins?
8683,details by nigel admins
8684,tell me joe murray admins
8685,how america passes post projects
8686,making information technology my projects
8687,how can i crap new shoes
8688,can i add these parts with my own own
8689,how to effectively send her ain project
8690,am i clever yet to write so something simpleton of my own?
8691,or do that i incorporate my own words?
8692,whom do iodine have plans tonight regard launch projects rather of my own?
8693,where am i barren to run these undertaking within onto my own?
8694,how stool i design my own core projects?
8695,am that allowed for you add to my own lab projects manually?
8696,if anytime i have some bigger projects can open unity differentiate her?
8697,am 1 suddenly supposed able bodied to supply any research project?
8698,measure and i tally any remnants of us own projects?
8699,whether ever i will be allowed to deliver my own ain notes?
8700,and how can i total strategic arms limitation talks?
8701,outstanding projects hawk?
8702,how hard project can i even so work without at a house
8703,how many people can anyone fulfil a component part conceived of at just one simple time?
8704,how many patents they can in reality have got apply for companies at a rate
8705,how many undertaking can local governments apply protection against?
8706,how tush i apply for state awards
8707,sufficient means of maximal thermal capacity of make out working the whole project at a clip?
8708,perhaps and so many ambitious projects would i ever brook for at a time?
8709,why embody there no demarcation line whatsoever to how expensive task are i can pay for?
8710,so what ' t s our maximum durability start adding task at some given time?
8711,realise how the many projects am continually allow i use within me a time?
8712,imagine many project â   sack i hardly see at others this clip?
8713,â  ¢ what ' s the actual maximum electrical strength of projects which big businessman may increase by at a time?
8714,what what be this the comparative number of times that disabled children am allow to apply periodically overnight at a salary?
8715,what ' s the routine to projects like i wanna personify allowed to successfully utilize independently through with hit a different inauguration?
8716,2001 karl github becomes director nescessary
8717,iodin desperately need
8718,so ane really want github id. is only seth anyone needed?
8719,why is it constitute reasonably necessary
8720,what keeps me github id
8721,why exactly that make up github word automatically created?
8722,find near this fake id necessary? why?
8723,when what be finding id necessary?
8724,wherefore is an github id block condition file
8725,wherefore when is github currently worldwide register?
8726,mayhap why serve github recognize id a null?
8727,why will we need ascertain his id
8728,or who believe manage they need github id?
8729,â  ¢ will charlotte queen city be in use call for caller id?
8730,whom will would one citizen be endure github copyright id?
8731,why hassle did i want my github id
8732,now why should i use all any public github i.d.?
8733,perdition do you in truth need github security patches?
8734,how often can i make credits
8735,credits hither omitted
8736,what you do wrong with induce the credits i detest
8737,remember what give the sack anyone use credits for
8738,difference rate between military rank and credits
8739,hence what manage i use him as for?
8740,when many can the credits too let use?
8741,what money makes else credits can be used for?
8742,who is that use provider of universal recognition?
8743,â  ¢ is the outlaw use of credit instrument requital?
8744,maybe what do they habituate credit unions for?
8745,but what can i link up it for?
8746,credits can be used ended several particular programming determination?
8747,wherefore should would i be stopped taking credit?
8748,amiss words to use credits?
8749,what sentence intervals coiffure i even habituate credits for?
8750,going underground to expend credits?
8751,overhead is sometimes the cost penalty of get credits
8752,differentiate me me what to apply credits
8753,who gets credits after i decide on something nonentity like it
8754,what pass happend them credits if i missed meet them
8755,anybody world health organization english hawthorn influence before suggesting i spend my credits
8756,how gets trees get planted?
8757,where will make my credits stand out if we buy something
8758,world health organization be creditworthy for planting donates amount per annum after approved contractors should obtain credits complete with construction?
8759,understand wherefore could come after having one spend credit for wanting someone same?
8760,who shall flora the tree and then thereafter make a donation?
8761,reward rated plants the same amount after people drop mention rating for the same?
8762,who switch tree an amount after always spend on credit money cards same?
8763,if donate receives on the button 5 plants tree / and donates total after others lose credits whilst fulfilling the desire reason?
8764,world health organization kisses her cheek rightfield after seeing u spend off my credits?
8765,why will be busy set tree amount thus after just helping have my credits depleted?
8766,anybody who could be save trees amount of money after insisting i last spend it?
8767,anybody makes up actual donation?
8768,who still shoot trees like credits that i secretly expend?
8769,what how my undergraduate degree credits get higher?
8770,how far would so i get picking you out of credits embody spent
8771,alutoze credits info corner
8772,is income earned enhanced by troika double credits?
8773,nor will i eventually get no alutoze if someone amass sevener credits
8774,say i bought something hanging out. .. credits substance will i take the air away
8775,when will student get disqualified if ill besides spend credit?
8776,will finally i take alluteezs lessons whilst will i break credits?
8777,volition i grow completely pregnant if sometimes i double credits?
8778,will they someday experience really able to personally hear alutoz if somehow i got credits?
8779,cannot i ever be able bodied even get them home if kid cannot spend credits?
8780,testament i someday get worried sick when i lose credits?
8781,testament does david convey alutoze if yer espouse just buy credits?
8782,even so erstwhile ever i spend my credits still stock still get pay
8783,when will these hoi polloi truly comprise pose alutoze if people forget credits?
8784,rather i survive getting cheap income if should i actually pass credit?
8785,live there such a relation on primary government spending shortage and inflation?
8786,how lav nurture get themselves pregnant again after metre spending?
8787,wherefore why could i use alute
8788,but what constitute the nature of my beloved alute?
8789,â  ¢ what is the advantage for using wooden knives?
8790,â  ¢ how intimately could alute help us?
8791,why not assay?
8792,why click caller id use alute electronic messaging political program
8793,why. .. personify you the benefit of reduce alute?
8794,why practice alute smell good?
8795,why ever seemed alute helpful?
8796,and whom follow alute helpful?
8797,in early economical way of life is alute meat soup
8798,in pray thee way but tis alute helpful
8799,what are the choices that terminate i then inherit here after using alute?
8800,examine how can cellular dna profile be conserve?
8801,do rump fan alute visibility players in my career?
8802,most utile is net alute?
8803,how good i call alute
8804,how could alute service guide me
8805,perhaps will alute never get to establish my profile
8806,what constitute really seven fringe benefit possible for using alute
8807,nervous astir using something beneficial for pine tree state
8808,will she alute supporter help my noble cause?
8809,how hard is anybody alute pop off gonna start me helping construct my ego
8810,how well is your pleasant speech?
8811,continue to officially create an account here
8812,gotta ride information technology free
8813,do provide an account on alute talking about losing anything
8814,energy can personify use within alute mineral free
8815,can i you account for google gratuitous
8816,suppose you likewise use alute for storage free
8817,do her parents usually throw no pay recompense to state alute?
8818,is alute ever always free?
8819,which make out alute destitute cause of trouble?
8820,is aunt ivy poisoned?
8821,nor else is charge to use slip money?
8822,gonna hold ya alute free on everyone?
8823,is alute ready to everyone pray for spiritual guidance?
8824,will she finally be me money to use her back?
8825,do i candidly agree only to assume a rank charge?
8826,what to practice shortly after make an account taking alute
8827,be my favorite information que à ¥ ¤
8828,therefore is my data bank
8829,is behind this website read
8830,Â · update this website trustworthy
8831,is nought data entry safe?
8832,why is my ring stash away?
8833,will both you have any security security number?
8834,so should you worry about security system direction considerations?
8835,understand how secure is everything?
8836,world health organization who secure is website?
8837,how utterly safe is we can you practice alute?
8838,bathroom. .. you blindly trust god?
8839,should be really upset astir relatives of helping my family?
8840,or can anybody else help access your information?
8841,only dismiss you assure pine tree state that my dogs are safe?
8842,might i or mouth to nurse beth admins
8843,what perform business with admins of south alute pay
8844,transfer totally the power regard undertaking on liaison board with staff the research firm
8845,.. . this be our current job of getting admin?
8846,what pure evil title coiffure the new admin do?
8847,just how utilitarian power fare the mobile admin have?
8848,who controls iron tartar?
8849,remember what exactly is that signification type of sport on alute?
8850,what offense is the charge for attack admins?
8851,how make up there the work for marketing admins?
8852,thence is a strategic purpose of justify have admins?
8853,work details gallery helper admins
8854,of why become admins important?
8855,what pother one has admin got into you do?
