is what this platform,spe_what_alute_is
is what alute,spe_what_alute_is
can u tell about me something alute,spe_what_alute_is
Is what Alute?,spe_what_alute_is
alute,spe_what_alute_is
Is what the website alute?,spe_what_alute_is
Tell something alute about,spe_what_alute_is
Alute? is What it,spe_what_alute_is
What is exactly alute,spe_what_alute_is
Does what alute mean?,spe_what_alute_is
Alute what means?,spe_what_alute_is
What is detailed the meaning alute of?,spe_what_alute_is
what your is platform alute?,spe_what_alute_is
can you me what tell is alute?,spe_what_alute_is
donÃ I ¢ Â  Â know  t what is alute,spe_what_alute_is
Me introduce to Alute,spe_what_alute_is
what explain is alute,spe_what_alute_is
what do to,spe_alute_purpose
alute how works,spe_alute_purpose
All what functionalities does Alute have,spe_alute_purpose
To how use this platform,spe_alute_purpose
Can we what know alute does,spe_alute_purpose
what do alute,spe_alute_purpose
Is what the function alute of?,spe_alute_purpose
What alute does do?,spe_alute_purpose
Alute what does?,spe_alute_purpose
Does what alute does?,spe_alute_purpose
What alute does do?,spe_alute_purpose
What the main is role of alute?,spe_alute_purpose
Is the what role of alute?,spe_alute_purpose
What do alute? do,spe_alute_purpose
What the is of function alute?,spe_alute_purpose
what is alute? for,spe_alute_purpose
what function is of alute?,spe_alute_purpose
Tell me function the of alute,spe_alute_purpose
Can what do I on alute?,spe_alute_purpose
Tell everything me I can on do alute,spe_alute_purpose
Is what the purpose alute of?,spe_alute_purpose
All what can do I on alute?,spe_alute_purpose
Origin alute,spe_alute_since_when
how alute long running,spe_alute_since_when
when since is this platform existing,spe_alute_since_when
Year which in came alute into existence,spe_alute_since_when
How long alute has been around,spe_alute_since_when
made who alute,spe_alute_since_when
Long how have been you using alute?,spe_alute_since_when
Since when is alute work in?,spe_alute_since_when
Old how is alute,spe_alute_since_when
Since when alute was around?,spe_alute_since_when
Alute how long has been around?,spe_alute_since_when
Long how alute been has around?,spe_alute_since_when
Since has when alute around been?,spe_alute_since_when
Since when was alute? around,spe_alute_since_when
From has when alute around been?,spe_alute_since_when
since how is long in alute existance?,spe_alute_since_when
History alute,spe_alute_since_when
tell how me old is alute,spe_alute_since_when
since when is active alute,spe_alute_since_when
long how alute since was born?,spe_alute_since_when
when did alute come in existance?,spe_alute_since_when
domains,spe_alute_domains
Can u tell me domains the that support alute,spe_alute_domains
different support domains,spe_alute_domains
domains which are supported here?,spe_alute_domains
Can u tell me the domains abt alute that support,spe_alute_domains
domains projects,spe_alute_domains
What are domains the which alute? supports,spe_alute_domains
Which domains does alute? support,spe_alute_domains
Which domains all does support alute?,spe_alute_domains
What are domains which the alute support,spe_alute_domains
What are domains the alute which support?,spe_alute_domains
All which domains does support alute?,spe_alute_domains
The list which domains alute supports?,spe_alute_domains
Mention the which domains alute? support,spe_alute_domains
Some domains pick which alute supports?,spe_alute_domains
which domains all can I make project in on alute,spe_alute_domains
there is a domain constraint?,spe_alute_domains
there is a domain limit?,spe_alute_domains
does alute all support tech? domains,spe_alute_domains
List domain,spe_alute_domains
tell me which all does domains support alute,spe_alute_domains
are what credits,spe_alute_credits
credits,spe_alute_credits
is what the meaning of credits,spe_alute_credits
what are credits alute in?,spe_alute_credits
Me tell about credits,spe_alute_credits
what do you by mean credits,spe_alute_credits
What are in credits alute?,spe_alute_credits
What are credits the here?,spe_alute_credits
What are in credits alute,spe_alute_credits
What does credit stand? for here,spe_alute_credits
What credits are this in case?,spe_alute_credits
What are in credits situation this?,spe_alute_credits
Are what credits here?,spe_alute_credits
What does represent credit here?,spe_alute_credits
What credit does stands for?,spe_alute_credits
are what alute credits?,spe_alute_credits
tell me alute about credits,spe_alute_credits
what credits are in alute?,spe_alute_credits
are what credits?,spe_alute_credits
can alute credits used be outside platform this,spe_alute_credits
is what credits feature?,spe_alute_credits
is what alutoze,spe_alutoze_what
alutoze,spe_alutoze_what
what do to with alutoze?,spe_alutoze_what
tell something me about alutoz,spe_alutoze_what
Exactly what are alute here?,spe_alutoze_what
Are what alutoze?,spe_alutoze_what
What alutoze are?,spe_alutoze_what
Exactly what are alutoze?,spe_alutoze_what
What do alutoze here represent?,spe_alutoze_what
What does symbolise alutoze here?,spe_alutoze_what
Does what alutoze mean here?,spe_alutoze_what
Exactly what are alutoze here?,spe_alutoze_what
What do you mean by alutoze?,spe_alutoze_what
me tell about alutoze,spe_alutoze_what
give about details alutoze,spe_alutoze_what
more about info alutoz,spe_alutoze_what
are alutoze only for platform this,spe_alutoze_what
to what do with alutoze,spe_alutoze_what
Is what benefit the of earning alutoze,spe_alutoze_what
will alutoze in help my resume,spe_alutoze_what
Details alutoze,spe_alutoze_what
how i can earn alutoze,spe_alutoze_get_how
how i do get alutoze,spe_alutoze_get_how
to how earn alutoze,spe_alutoze_get_how
May know when i do I get alutoze,spe_alutoze_get_how
alutoz get,spe_alutoze_get_how
Long how before I get? alutoz,spe_alutoze_get_how
Wham can I alutozes get?,spe_alutoze_get_how
After all what can I alutoze get?,spe_alutoze_get_how
When will get I alutoz an?,spe_alutoze_get_how
When I do get an? alutoz,spe_alutoze_get_how
Do when I get alutoz?,spe_alutoze_get_how
When will my I get alutoz?,spe_alutoze_get_how
Will when get I an alutoz?,spe_alutoze_get_how
Do when I get alutoz?,spe_alutoze_get_how
When I will to be ready get an alutoz?,spe_alutoze_get_how
To how get alutoze,spe_alutoze_get_how
how I can get alutoze,spe_alutoze_get_how
Will when I get alutoze,spe_alutoze_get_how
how i can earn credits,spe_credits_get_how
how i do get credits,spe_credits_get_how
how to work credits for,spe_credits_get_how
When do get I credits?,spe_credits_get_how
credits earn,spe_credits_get_how
When exactly will get credits I?,spe_credits_get_how
When do get I credits,spe_credits_get_how
When I do get credits?,spe_credits_get_how
How I can get credits?,spe_credits_get_how
When I will get credit my?,spe_credits_get_how
When do exactly get I credits?,spe_credits_get_how
Do when I get credits?,spe_credits_get_how
When I will get credit?,spe_credits_get_how
When am supposed I get to credits?,spe_credits_get_how
Will when I getting be credits?,spe_credits_get_how
Will how I get credits?,spe_credits_get_how
Need I credits,spe_credits_get_how
who will project approve,spe_proj_req_appr
Will who approve my project request,spe_proj_req_appr
whom by will project my request be approved?,spe_proj_req_appr
Will who approve the project request,spe_proj_req_appr
project my apporval,spe_proj_req_appr
Who is going to the approve project? request,spe_proj_req_appr
Who is going project approve? request,spe_proj_req_appr
Who will approve request project,spe_proj_req_appr
I got pending request who approve will it?,spe_proj_req_appr
Is who going to approve project the request?,spe_proj_req_appr
Who be will approving the project? request,spe_proj_req_appr
Going who is to approve the project request?,spe_proj_req_appr
Who will be approving the request? project,spe_proj_req_appr
Who be will approving project the?,spe_proj_req_appr
Who will be project approving the requests?,spe_proj_req_appr
which authority will accept project request?,spe_proj_req_appr
Will when my project request accepted be?,spe_proj_req_appr
how to get project approved request,spe_proj_req_appr
my approve project request,spe_proj_req_appr
who is admin website of,spe_admin_who
Are who admins here,spe_admin_who
the are admins trustworthy,spe_admin_who
Who all are here admins,spe_admin_who
Alute hello may I know who admins are the?,spe_admin_who
admin,spe_admin_who
Who admins are of alute?,spe_admin_who
Are who the admins?,spe_admin_who
Who are admins the in alute,spe_admin_who
Are who the admins?,spe_admin_who
Who are admins this case in?,spe_admin_who
Who are here admins?,spe_admin_who
Will who be the admins?,spe_admin_who
Are who admins in case this?,spe_admin_who
Who exactly admins are?,spe_admin_who
who has admin? access,spe_admin_who
who has priviledge admin?,spe_admin_who
who admin is for alute,spe_admin_who
who all admins are?,spe_admin_who
details admins of,spe_admin_who
tell me admins about,spe_admin_who
how post to projects,spe_proj_own
post projects my,spe_proj_own
I can make new projects,spe_proj_own
Can add I projects of own my,spe_proj_own
how to my post own project,spe_proj_own
Am I supposed to projects add of my own?,spe_proj_own
Can incorporate I my projects own?,spe_proj_own
Do I permission have add to projects of own my?,spe_proj_own
Am allowed I to projects add of own my?,spe_proj_own
I can add own my projects?,spe_proj_own
Am to I allowed add my projects own here?,spe_proj_own
If have I a can projects I add? it,spe_proj_own
I am to supposed add my own project?,spe_proj_own
Can add I any of own my projects?,spe_proj_own
Will be I allowed to my add own? projects,spe_proj_own
can how I add projects?,spe_proj_own
limit projects?,spe_proj_limit
many how project can i at work a time,spe_proj_limit
many how projects can be i a part at of one time?,spe_proj_limit
How many can projects I apply for at a time,spe_proj_limit
Many how projects can apply I for?,spe_proj_limit
how can i apply projects for,spe_proj_limit
The what is maximum capacity submitting of the project at a time?,spe_proj_limit
Many how projects I can apply for at time a?,spe_proj_limit
There is limit a to how many projects I can for apply?,spe_proj_limit
What s ' maximum the strength of adding projects at time a?,spe_proj_limit
How projects many am I to allowed apply a at time?,spe_proj_limit
How many projects I can apply a at? time,spe_proj_limit
What ' s the maximum strength of projects which can submit I a at time?,spe_proj_limit
Is what number the of projects which I am allowed to apply for at time a?,spe_proj_limit
What ' the s number of I projects will able be to apply at a time?,spe_proj_limit
github why is nescessary,spe_git_why
Need github,spe_git_why
i dont github have id Is. needed it?,spe_git_why
Why is Github necessary Id,spe_git_why
what is id github,spe_git_why
Why exactly github is necessary ID?,spe_git_why
Github is ID necessary Why??,spe_git_why
Is why GitHub ID necessary?,spe_git_why
Why is github ID necessity a,spe_git_why
Is why github ID necessary?,spe_git_why
Is why github a ID necessity?,spe_git_why
Do why we need github ID,spe_git_why
Do who we github need ID?,spe_git_why
Will why be I needing github ID?,spe_git_why
Why will I needing be ID github?,spe_git_why
why do I github need ID,spe_git_why
should why I my provide github ID?,spe_git_why
why do need you ID GitHub?,spe_git_why
how i can use credits,spe_credits_use_how
Use credits,spe_credits_use_how
what to with do the i credits get,spe_credits_use_how
What I can use credits for,spe_credits_use_how
difference between and money credits,spe_credits_use_how
Can what I use credit? for,spe_credits_use_how
Can where the be credits used?,spe_credits_use_how
All what can credits be for used?,spe_credits_use_how
Is what the of use credit?,spe_credits_use_how
What is the use of? credit exactly,spe_credits_use_how
Can what I credit use for?,spe_credits_use_how
What can I use? credit for,spe_credits_use_how
Credits can be used what for? purposes,spe_credits_use_how
Will why I using be credit?,spe_credits_use_how
how use to credits?,spe_credits_use_how
all what I can use credits for?,spe_credits_use_how
to how spend credits?,spe_credits_use_how
Is what use the of getting credits,spe_credits_use_how
tell how me to use credits,spe_credits_use_how
who credits gets after i buy something it from,spe_credits_actual_resp
happend what credits to if i spent them,spe_credits_actual_resp
who will when work i my spend credits,spe_credits_actual_resp
who gets planted trees?,spe_credits_actual_resp
where will my credits go if i buy something,spe_credits_actual_resp
Who is responsible for donates planting after amount I spend credits same for?,spe_credits_actual_resp
Who donates after I amount spend credit for same the?,spe_credits_actual_resp
Who plant will the trees make or donation?,spe_credits_actual_resp
Who plants the donates after amount I credit spend same for?,spe_credits_actual_resp
Who plants trees amount after spend I credit for same?,spe_credits_actual_resp
Exactly who plants trees / donates after amount I spend credits the for same reason?,spe_credits_actual_resp
Plants trees who after amount u spend my credits?,spe_credits_actual_resp
Who will planting be trees after amount I my have credits spent?,spe_credits_actual_resp
Who be will planting trees amount I after credit spend?,spe_credits_actual_resp
who actual makes donations?,spe_credits_actual_resp
who plants trees of credits I spend that?,spe_credits_actual_resp
my how spent credits used get?,spe_credits_actual_resp
how will i alutoz get out of credits i spent,spe_alutoz_aft_credits
alutoze relationship credits,spe_alutoz_aft_credits
is alutoze by spending earned credits?,spe_alutoz_aft_credits
Will I get alutoze I if my spend credits,spe_alutoz_aft_credits
i bought something out of credits i will get alutoz,spe_alutoz_aft_credits
I will get alutoz if I credit spend?,spe_alutoz_aft_credits
Will get I alluteezs if spend I credits?,spe_alutoz_aft_credits
Will I alutoze get I if spend credits?,spe_alutoz_aft_credits
Be will I able to alutoz get if I spend credits?,spe_alutoz_aft_credits
I will able be get to alutoze if I spend credits?,spe_alutoz_aft_credits
Will I get alutoze if I spend credits?,spe_alutoz_aft_credits
Will get I alutoze I if spend credits?,spe_alutoz_aft_credits
I once spend my credits I will get Aluteezs,spe_alutoz_aft_credits
Will I be getting alutoze I if spend credits?,spe_alutoz_aft_credits
Will I be getting alutoze I spend credit if?,spe_alutoz_aft_credits
There is relation a between credit and spending alutoze?,spe_alutoz_aft_credits
how I can alutoze get after credit spending?,spe_alutoz_aft_credits
why i should use alute,spe_why_alute
what the is benefit of alute using?,spe_why_alute
is what the of advantage using alute?,spe_why_alute
how will help alute me?,spe_why_alute
alute why?,spe_why_alute
should why I use alute platform,spe_why_alute
what are benefits the using of alute?,spe_why_alute
is why alute good?,spe_why_alute
Is why alute helpful?,spe_why_alute
is how alute helpful?,spe_why_alute
what in ways is alute better,spe_why_alute
in way what is alute helpful,spe_why_alute
Are what advantage I that will after get using alute?,spe_why_alute
how can alute be helpful profile?,spe_why_alute
can how profile alute help my career?,spe_why_alute
how is useful alute?,spe_why_alute
good how is alute,spe_why_alute
will how alute help me,spe_why_alute
alute will me help build my profile,spe_why_alute
Are what the perks using of alute,spe_why_alute
is using alute for beneficial me,spe_why_alute
will help alute in resume my?,spe_why_alute
how going is to alute help me build my career,spe_why_alute
how is better your website?,spe_why_alute
how create to an account here,spe_alute_acc_free
it is free,spe_alute_acc_free
does an making account alute on cost anything,spe_alute_acc_free
can use i alute for free,spe_alute_acc_free
can i create for account free,spe_alute_acc_free
can use i alute for free,spe_alute_acc_free
I do have to pay use to alute?,spe_alute_acc_free
is alute free cost?,spe_alute_acc_free
alute is free of cost?,spe_alute_acc_free
alute is chargable?,spe_alute_acc_free
what is charge to use alute?,spe_alute_acc_free
alute is free for everyone?,spe_alute_acc_free
is available alute to for everyone free?,spe_alute_acc_free
cost will it me anything to use alute?,spe_alute_acc_free
do I to have pay a membership? charge,spe_alute_acc_free
what to do after on creating account alute,spe_alute_acc_free
my is data secrure here,spe_data_secure
My is data safe,spe_data_secure
This is website authorized,spe_data_secure
this is website trustworthy,spe_data_secure
is data my safe?,spe_data_secure
My is data encrypted?,spe_data_secure
there will be any security? issue,spe_data_secure
should worry about I security breaches?,spe_data_secure
Secure how is alute?,spe_data_secure
how secure website is?,spe_data_secure
Safe how it is to use alute?,spe_data_secure
can I blindly alute trust?,spe_data_secure
should be worried about security of my data?,spe_data_secure
Can else anyone access my? data,spe_data_secure
You can assure me my data is? safe,spe_data_secure
I can talk to the admins,spe_admin_purpose
do what the of admins alute do,spe_admin_purpose
is all the power regarding on projects alute with the admins,spe_admin_purpose
is what job the of admin?,spe_admin_purpose
All what work does admin the do?,spe_admin_purpose
what does all powers the admin have?,spe_admin_purpose
who controls? admins,spe_admin_purpose
is what the role of on admins alute?,spe_admin_purpose
Is what the of purpose admins?,spe_admin_purpose
is what the of work admins?,spe_admin_purpose
is what the of purpose having admins?,spe_admin_purpose
details work of admins,spe_admin_purpose
why are admins? important,spe_admin_purpose
what has work admin got do to?,spe_admin_purpose
Divides what this platform,spe_what_alute_is
what alute shall,spe_what_alute_is
can u me write about something you,spe_what_alute_is
Is who alute?,spe_what_alute_is
give of details alute,spe_what_alute_is
what the did website covering?,spe_what_alute_is
something tell yer alute,spe_what_alute_is
? alone what is it,spe_what_alute_is
b is exactly alute,spe_what_alute_is
does what this mean?,spe_what_alute_is
alute what thee?,spe_what_alute_is
what is our literal meaning of alute?,spe_what_alute_is
thou is your alute mighty?,spe_what_alute_is
would tell someone me is what alute?,spe_what_alute_is
i thy donat it is alute,spe_what_alute_is
me introduce pour alute,spe_what_alute_is
hence what alute is,spe_what_alute_is
things do to,spe_alute_purpose
cafe works alute,spe_alute_purpose
what all stuff normally does have,spe_alute_purpose
plans to use platform this,spe_alute_purpose
can know already what alute possess,spe_alute_purpose
what do women,spe_alute_purpose
what is the creature called alute?,spe_alute_purpose
Does so alute do?,spe_alute_purpose
else what does?,spe_alute_purpose
does now alute does?,spe_alute_purpose
does what moses do?,spe_alute_purpose
what that is main with role alute?,spe_alute_purpose
How is the role for alute?,spe_alute_purpose
does what alute do?,spe_alute_purpose
is thou what cult of alute?,spe_alute_purpose
is what alute saying?,spe_alute_purpose
what she left alute of?,spe_alute_purpose
tell me the via prophecy alute,spe_alute_purpose
what i did do on? sunday,spe_alute_purpose
tell everything me i can for get alute,spe_alute_purpose
is our what secret of alute?,spe_alute_purpose
what activity can on i do holiday?,spe_alute_purpose
origin glacial,spe_alute_since_when
long extremely alute running,spe_alute_since_when
when since is this sum existing,spe_alute_since_when
year in succession alute existence came on,spe_alute_since_when
how rain has hung alute around,spe_alute_since_when
who alute sing,spe_alute_since_when
long after you have been using mine?,spe_alute_since_when
when since today is work always?,spe_alute_since_when
how is old thou,spe_alute_since_when
when since was willie hanged?,spe_alute_since_when
alute how many hasn been around?,spe_alute_since_when
Near how alute hadn been? around,spe_alute_since_when
when has when somebody been? around,spe_alute_since_when
so was when alute stolen?,spe_alute_since_when
from when has thy slain alute?,spe_alute_since_when
Where since long was alute from? existance,spe_alute_since_when
À alute ¥ ¤,spe_alute_since_when
tell me old thy is thy,spe_alute_since_when
since when is versa alute,spe_alute_since_when
How long since you were born?,spe_alute_since_when
Will when alute up come existance?,spe_alute_since_when
what domains alute in,spe_alute_domains
U can spare the me stars can alute support,spe_alute_domains
different ï¼ domains ,spe_alute_domains
which are attributes supported here?,spe_alute_domains
Or seize thy abt me the domains that alute support,spe_alute_domains
domains functional,spe_alute_domains
what are domains additional which normally? supports,spe_alute_domains
whose does object alute support?,spe_alute_domains
domain which domains does support already?,spe_alute_domains
are what the domains whose support best,spe_alute_domains
what are domains the which manufactures diamond?,spe_alute_domains
All probability which does alute exist?,spe_alute_domains
defining domains the which supports norton?,spe_alute_domains
the among domains which alute? frequented,spe_alute_domains
some consider which variables alute supports?,spe_alute_domains
which all creatures believe can i rest in alute on,spe_alute_domains
is there domain no constraint?,spe_alute_domains
am there domain a limit?,spe_alute_domains
will support alute all classes tech?,spe_alute_domains
List species,spe_alute_domains
me tell which domains all do alute â ¦ ,spe_alute_domains
soundtrack what credits,spe_alute_credits
credits,spe_alute_credits
what is the in meaning credits,spe_alute_credits
scoring silver in credits alute?,spe_alute_credits
stories tell about credits,spe_alute_credits
what do ya by mean credits,spe_alute_credits
why credits are to alute?,spe_alute_credits
are what the credits saying?,spe_alute_credits
Happens what credits in alute,spe_alute_credits
what could credit here stand in?,spe_alute_credits
after are in this credits series?,spe_alute_credits
credits what recent in current situation?,spe_alute_credits
what credits individual here?,spe_alute_credits
what does represent happiness here?,spe_alute_credits
what god does stands for?,spe_alute_credits
brings what alute credits?,spe_alute_credits
tell about me my credits,spe_alute_credits
50 insurance in credits alute?,spe_alute_credits
credits credits are?,spe_alute_credits
the can credits be used desktop outside platform,spe_alute_credits
when is feature credits?,spe_alute_credits
Can what alutoze,spe_alutoze_what
alutoze what,spe_alutoze_what
how to do alutoze for?,spe_alutoze_what
tell me about again poetry,spe_alutoze_what
dangers what are conditions here?,spe_alutoze_what
what alutoze do?,spe_alutoze_what
will what alutoze?,spe_alutoze_what
like are exactly equations?,spe_alutoze_what
Does what alutoze represent themselves?,spe_alutoze_what
do what alutoze take here?,spe_alutoze_what
what did alutoze mean? again,spe_alutoze_what
else what makes alutoze here?,spe_alutoze_what
do what mean thoughts by this?,spe_alutoze_what
word tell about alutoze,spe_alutoze_what
give details statistics about,spe_alutoze_what
more about books alutoz,spe_alutoze_what
alutoze are substitutes for this condition,spe_alutoze_what
what to with wrestle us,spe_alutoze_what
income gives benefit the of alutoze earning,spe_alutoze_what
alutoze will help launch my task,spe_alutoze_what
À alutoze ¥ ¤,spe_alutoze_what
how can earn immigrants savings,spe_alutoze_get_how
do how you go alutoze,spe_alutoze_get_how
how master to alutoze,spe_alutoze_get_how
may know ye when we shall get alutoze,spe_alutoze_get_how
busy get,spe_alutoze_get_how
how before fast reached i alutoz?,spe_alutoze_get_how
wham can stand i hungry?,spe_alutoze_get_how
hearing after all say i alutoze ask?,spe_alutoze_get_how
Â « we will an get alutoz?,spe_alutoze_get_how
would where i get alutoz an?,spe_alutoze_get_how
do till i get rich?,spe_alutoze_get_how
When will ya renew my alutoz?,spe_alutoze_get_how
when he will get an? eye,spe_alutoze_get_how
might when i get excited?,spe_alutoze_get_how
then will i ready get feel to an interview?,spe_alutoze_get_how
how to anywhere get,spe_alutoze_get_how
early way i get alutoze,spe_alutoze_get_how
shall when i tell alutoze,spe_alutoze_get_how
how i could earn credits,spe_credits_get_how
how cars do get credits,spe_credits_get_how
how apply to for credits,spe_credits_get_how
do when we get credits?,spe_credits_get_how
credits development,spe_credits_get_how
where soon will credits i get?,spe_credits_get_how
Do when i think credits,spe_credits_get_how
Could when i get credits?,spe_credits_get_how
how did get i credits?,spe_credits_get_how
when did get i credit extra?,spe_credits_get_how
Should when exactly i mention credits?,spe_credits_get_how
when we do get credits?,spe_credits_get_how
when will get he credit?,spe_credits_get_how
would when thou supposed to credits get?,spe_credits_get_how
does i when finish getting credits?,spe_credits_get_how
how will we credits get?,spe_credits_get_how
love I credits,spe_credits_get_how
legally who approve project,spe_proj_req_appr
Might who approve my project request,spe_proj_req_appr
by 2020 will my project request have approved?,spe_proj_req_appr
who approve must the project request,spe_proj_req_appr
project my manager,spe_proj_req_appr
which is going to approve project that? request,spe_proj_req_appr
who is who approve my request?,spe_proj_req_appr
Will who approve the request,spe_proj_req_appr
i got request pending who can confirm it?,spe_proj_req_appr
who is going onto approve my project request?,spe_proj_req_appr
will who approving spend a project request?,spe_proj_req_appr
Is who going to finish the then project?,spe_proj_req_appr
how will be project supervising the request?,spe_proj_req_appr
who will running continue the? project,spe_proj_req_appr
will who actively approving such project? requests,spe_proj_req_appr
authority to which accept our request?,spe_proj_req_appr
have when my project request not? accepted,spe_proj_req_appr
to how get your request approved,spe_proj_req_appr
approve project my â  ,spe_proj_req_appr
who is coaching admin website,spe_admin_who
are who admins coaches,spe_admin_who
The are admins numbers,spe_admin_who
who truly admins are here,spe_admin_who
colonel alute you may who are know those admins?,spe_admin_who
who admin all,spe_admin_who
what runs of admins alute?,spe_admin_who
who coached admins the?,spe_admin_who
are who the waters who alute,spe_admin_who
who are admins other?,spe_admin_who
Are who admins in cadet? section,spe_admin_who
guys are here admins?,spe_admin_who
who be will female assassin?,spe_admin_who
operators admins are whichever in case?,spe_admin_who
who does admins are?,spe_admin_who
who has available? access,spe_admin_who
wonder has admin? returned,spe_admin_who
delivered previously admin for alute,spe_admin_who
do who are admins?,spe_admin_who
details admins by,spe_admin_who
tell joe me admins,spe_admin_who
how america projects post,spe_proj_own
making projects my,spe_proj_own
can i make shoes new,spe_proj_own
can add i these with own my,spe_proj_own
to how post her own project,spe_proj_own
I am yet write to something my of own?,spe_proj_own
did i my incorporate words own?,spe_proj_own
I do have plans launch regarding projects of my? own,spe_proj_own
am i to free run projects within my own?,spe_proj_own
can i design core my? projects,spe_proj_own
am that you allowed add own projects my manually?,spe_proj_own
if bigger i have projects can tell i her?,spe_proj_own
am i supposed add to research any project?,spe_proj_own
I and add any of us own? projects,spe_proj_own
whether be i allowed deliver to my notes own?,spe_proj_own
can how i add salt?,spe_proj_own
projects? pitched,spe_proj_limit
Difficult how can project i work at a house,spe_proj_limit
how many people anyone fill can a part of at one? time,spe_proj_limit
how many can patents actually apply at a for rate,spe_proj_limit
how projects many can governments apply? against,spe_proj_limit
how can i apply awards for,spe_proj_limit
Means sufficient of maximum capacity completing of the project at a? time,spe_proj_limit
So many projects i would stand for at a time?,spe_proj_limit
there is no limit to how expensive i projects can for pay?,spe_proj_limit
what s ' our maximum strength start adding at projects time some?,spe_proj_limit
how projects many am continually allowed i apply within a time?,spe_proj_limit
imagine many can projects i at this see time?,spe_proj_limit
what ' s maximum the of strength which projects power may increase by a time?,spe_proj_limit
what is number the of times that children am allowed to apply periodically at a salary?,spe_proj_limit
' s what number the to projects i wanna be allowed to apply through a startup?,spe_proj_limit
karl github nescessary becomes,spe_git_why
need I github why?,spe_git_why
i want really github id is. needed seth?,spe_git_why
why is be it necessary,spe_git_why
keeps what github id,spe_git_why
why exactly github is password? created,spe_git_why
finding this id? why necessary?,spe_git_why
when finding is id necessary?,spe_git_why
why is github block id file,spe_git_why
why is github worldwide? registered,spe_git_why
why did github a id? null,spe_git_why
why we will need his id,spe_git_why
they who believes need github id?,spe_git_why
Â  ¢ will charlotte be needing id caller?,spe_git_why
Whom will one be wearing github id?,spe_git_why
why i did want github id,spe_git_why
should now i any use github id?,spe_git_why
hell you need do github patches?,spe_git_why
Can how i earn credits,spe_credits_use_how
Omitted credits,spe_credits_use_how
do what you with the credits i hate,spe_credits_use_how
Can what anyone use credits for,spe_credits_use_how
Between difference ratings and credits,spe_credits_use_how
what do i use? him for,spe_credits_use_how
when can the get used credits?,spe_credits_use_how
makes what else credits used be for?,spe_credits_use_how
who is that use of credit?,spe_credits_use_how
 â ¢ is the use of credit payments?,spe_credits_use_how
they what do use credit for?,spe_credits_use_how
what can i tie it for?,spe_credits_use_how
credits can used be special over purposes?,spe_credits_use_how
why should i taking be? credit,spe_credits_use_how
wrong use to credits?,spe_credits_use_how
time what do i use credits? for,spe_credits_use_how
to going spend credits?,spe_credits_use_how
overhead the is of cost getting credits,spe_credits_use_how
tell me what to credits use,spe_credits_use_how
who gets credits i decide after something likes it,spe_credits_actual_resp
what happend them credits if i meet them,spe_credits_actual_resp
may who before work i spend my credits,spe_credits_actual_resp
how gets planted trees?,spe_credits_actual_resp
my where will credits stand if we buy something,spe_credits_actual_resp
who is responsible planting for donates amount after contractors obtain credits with construction?,spe_credits_actual_resp
could amount why after i credit spend for someone same?,spe_credits_actual_resp
who shall plant the trees then make donation?,spe_credits_actual_resp
reward the same plants amount after people credit spend for same?,spe_credits_actual_resp
Who swap trees after amount ever spend credit cards same?,spe_credits_actual_resp
donate plants exactly trees / amount donates after others lose credits fulfilling desired the reason?,spe_credits_actual_resp
Kisses who her after right spend u my credits?,spe_credits_actual_resp
be why will planting amount trees after just have my credits depleted?,spe_credits_actual_resp
who be could saving trees after i amount spend it?,spe_credits_actual_resp
Makes anybody actual donations?,spe_credits_actual_resp
shoots who trees like credits that spend i?,spe_credits_actual_resp
how degree my credits higher get?,spe_credits_actual_resp
would how i you get of out credits being spent,spe_alutoz_aft_credits
alutoze box credits,spe_alutoz_aft_credits
income is earned double by credits?,spe_alutoz_aft_credits
I will get alutoze if collect someone 7 credits,spe_alutoz_aft_credits
Bought I something out. .. credits i will away walk,spe_alutoz_aft_credits
will students get if disqualified ill credit spend?,spe_alutoz_aft_credits
will i take whilst alluteezs break i credits?,spe_alutoz_aft_credits
will i pregnant grow if i credits double?,spe_alutoz_aft_credits
will they feel to able alutoz if see i got credits?,spe_alutoz_aft_credits
cannot i able be even home get if spend children credits?,spe_alutoz_aft_credits
will i get worried lose when i credits?,spe_alutoz_aft_credits
david will alutoze get if wed buy credits?,spe_alutoz_aft_credits
once i spend my credits still still pay get,spe_alutoz_aft_credits
will people getting be if alutoze forget people credits?,spe_alutoz_aft_credits
I rather survive getting cheaper i if spend? credit,spe_alutoz_aft_credits
there a is on relation primary spending and inflation?,spe_alutoz_aft_credits
can how parents get pregnant after spending time?,spe_alutoz_aft_credits
why could use i alute,spe_why_alute
is what the of nature my alute?,spe_why_alute
what is advantage the using for knives?,spe_why_alute
how could alute help? us,spe_why_alute
try why?,spe_why_alute
Caller why id use alute platform,spe_why_alute
why the are benefits of alute reducing?,spe_why_alute
why do good alute?,spe_why_alute
why alute seemed helpful?,spe_why_alute
is whom alute helpful?,spe_why_alute
in other ways alute is soup,spe_why_alute
in thee tis way alute helpful,spe_why_alute
what are choices i that inherit then using after alute?,spe_why_alute
how dna can profile be? preserved,spe_why_alute
do can alute in profile career my?,spe_why_alute
useful most is alute?,spe_why_alute
how good alute i,spe_why_alute
how could alute me help,spe_why_alute
will never alute get my build profile,spe_why_alute
what are seven perks for using alute,spe_why_alute
about using beneficial something for me,spe_why_alute
alute will help aid my? cause,spe_why_alute
is how alute going gonna start build my me ego,spe_why_alute
how better is speech your?,spe_why_alute
continue create to an account here,spe_alute_acc_free
it ride free,spe_alute_acc_free
Provide does an account alute on about anything,spe_alute_acc_free
can be use alute free mineral,spe_alute_acc_free
I can you account for free,spe_alute_acc_free
Also you use alute for free,spe_alute_acc_free
parents do have no to pay tell alute?,spe_alute_acc_free
is alute free forever?,spe_alute_acc_free
come alute of free trouble?,spe_alute_acc_free
is poisoned ivy?,spe_alute_acc_free
Is charge nor to use money?,spe_alute_acc_free
alute give free on everyone?,spe_alute_acc_free
is alute to everyone ready for guidance?,spe_alute_acc_free
will cost she me to money use back?,spe_alute_acc_free
do i agree assume to membership a charge?,spe_alute_acc_free
what to after do account making taking alute,spe_alute_acc_free
is my que data à ¤ ¥,spe_data_secure
is my bank data,spe_data_secure
this is website read,spe_data_secure
This update website trustworthy,spe_data_secure
zero is data safe?,spe_data_secure
my is ring stored?,spe_data_secure
you will have security any issue?,spe_data_secure
you should worry security about considerations?,spe_data_secure
how secure everything is?,spe_data_secure
who secure website is?,spe_data_secure
safe how can is you use alute?,spe_data_secure
can you blindly god trust?,spe_data_secure
should be worried about of relatives family my?,spe_data_secure
can anybody else your access? data,spe_data_secure
can assure you my me dogs are safe?,spe_data_secure
I might talk to beth admins,spe_admin_purpose
with what do admins of alute pay,spe_admin_purpose
all transferring the power regarding projects on liaison with the firm,spe_admin_purpose
.. is. our of job admin?,spe_admin_purpose
what pure evil the does do admin?,spe_admin_purpose
how useful powers does the admin have?,spe_admin_purpose
Controls who dragons?,spe_admin_purpose
is what significance that of mutations on alute?,spe_admin_purpose
what is charge the for? admins,spe_admin_purpose
Is how the for work admins?,spe_admin_purpose
is so a purpose having of admins?,spe_admin_purpose
Details work gallery admins,spe_admin_purpose
why admins become important?,spe_admin_purpose
fuss what has admin got do you?,spe_admin_purpose
What ask is this platform,spe_what_alute_is
what shall alute is,spe_what_alute_is
can u me me tell something sweet alute about,spe_what_alute_is
is what your alute?,spe_what_alute_is
alute sol,spe_what_alute_is
is what the why website du alute?,spe_what_alute_is
tell anyone about something alute,spe_what_alute_is
alute what? rhyme is it,spe_what_alute_is
what is exactly dat alute,spe_what_alute_is
what colour alute does mean?,spe_what_alute_is
else what alute means?,spe_what_alute_is
or what is the then meaning of detailed alute?,spe_what_alute_is
is what exactly your in platform alute?,spe_what_alute_is
can you tell kindly me is thy what alute?,spe_what_alute_is
I oh shall donat know what alute is,spe_what_alute_is
ill introduce me alute to,spe_what_alute_is
what explain he is alute,spe_what_alute_is
what rather to do,spe_alute_purpose
describe how works alute,spe_alute_purpose
what all functionalities four of does have alute,spe_alute_purpose
how to supposed use this platform,spe_alute_purpose
can we hear what know thou alute does,spe_alute_purpose
what i do alute,spe_alute_purpose
so what is causal the of function alute?,spe_alute_purpose
what and does alute do?,spe_alute_purpose
This what alute does?,spe_alute_purpose
duty what does alute does?,spe_alute_purpose
exactly what does alute do?,spe_alute_purpose
Â what « is the main of alt role alute?,spe_alute_purpose
what or is the characteristic role of alute?,spe_alute_purpose
Tricks what do alute do?,spe_alute_purpose
what assume else the is function of alute?,spe_alute_purpose
What why is alute for?,spe_alute_purpose
what is dimension proper function alute of?,spe_alute_purpose
tell off the me function characteristic of alute,spe_alute_purpose
what can i do still planet on alute?,spe_alute_purpose
and tell me i everything do can on alute miss,spe_alute_purpose
what is the deepest purpose alute accomplished of?,spe_alute_purpose
what though all i can do on depends alute?,spe_alute_purpose
alute main origin,spe_alute_since_when
imagine how long running alute,spe_alute_since_when
defined since when platform is this existing,spe_alute_since_when
year in 1900 alute which came into full existence,spe_alute_since_when
how long every ever has alute been around,spe_alute_since_when
Made who ye alute,spe_alute_since_when
how so long hours you have been using alute?,spe_alute_since_when
tomorrow when since princess alute is in work?,spe_alute_since_when
how old is beauty alute,spe_alute_since_when
since long when was alute around coming?,spe_alute_since_when
asks long how alute has strung been around?,spe_alute_since_when
how long the alute has everyone around been?,spe_alute_since_when
since when here has alute hanging around been?,spe_alute_since_when
since when years was daddy alute around?,spe_alute_since_when
from now when night has alute been? around,spe_alute_since_when
Since what how long is water alute this in existance?,spe_alute_since_when
Â · history alute,spe_alute_since_when
tell well me how great is old alute,spe_alute_since_when
since 1963 when alute is active,spe_alute_since_when
knows how for long since alute? was born,spe_alute_since_when
when did alute down tree come in existance?,spe_alute_since_when
domains operational,spe_alute_domains
tell can u me. . the. verb domains tree that alute support,spe_alute_domains
different geographic support domains,spe_alute_domains
which addresses domains supported are here?,spe_alute_domains
anybody can u me quote tell which abt the domains that alute support,spe_alute_domains
optimization projects domains,spe_alute_domains
are what the spectral which domains formally alute supports?,spe_alute_domains
which specify domains does filter alute support?,spe_alute_domains
object covers which all does domains alute support?,spe_alute_domains
what are the then interaction which domains alute support,spe_alute_domains
what and are domains the which alute support they?,spe_alute_domains
Which for all does domains alute unix support?,spe_alute_domains
list contains domains the which alute supports publicly?,spe_alute_domains
also mention domains the but which alute support?,spe_alute_domains
pick over domains some which alute domain? supports,spe_alute_domains
which all i temporal can domains i make freely project in on alute,spe_alute_domains
is there a domain constraint virtual?,spe_alute_domains
there is a domain limit separation?,spe_alute_domains
and does alute support across all tech domains?,spe_alute_domains
Rich domain list,spe_alute_domains
tell which represents me all domains only does alute support,spe_alute_domains
see are what credits,spe_alute_credits
credits,spe_alute_credits
Is what the meaning precise of credits,spe_alute_credits
kind what credits are in qui alute?,spe_alute_credits
tell me tell about credits,spe_alute_credits
do we what you mean by credits,spe_alute_credits
are what credits say sum in alute?,spe_alute_credits
again are what credits the here?,spe_alute_credits
are what credits page in alute,spe_alute_credits
what price does its credit for here stand?,spe_alute_credits
what note are credits in business this case?,spe_alute_credits
Are what credits involved in determining this? situation,spe_alute_credits
what else are here credits?,spe_alute_credits
what does credit represent money here?,spe_alute_credits
what does inflation credit stands for?,spe_alute_credits
what are alute its credits?,spe_alute_credits
tell love about me alute credits,spe_alute_credits
what see are exactly credits in alute?,spe_alute_credits
what are value credits?,spe_alute_credits
can not alute credits used outside be on this platform,spe_alute_credits
what and is credits feature?,spe_alute_credits
what thou alutoze is,spe_alutoze_what
alutoze manuel,spe_alutoze_what
and to what got do with alutoze?,spe_alutoze_what
tell something me special ricardo about alutoz,spe_alutoze_what
what exactly happened are why alute here?,spe_alutoze_what
what are shapes alutoze?,spe_alutoze_what
What hmm are alutoze?,spe_alutoze_what
what exactly so are you alutoze?,spe_alutoze_what
what do spirit alutoze you represent here?,spe_alutoze_what
what does colour alutoze normally here symbolise?,spe_alutoze_what
what condition dr does mean alutoze here?,spe_alutoze_what
what about they exactly are alutoze here?,spe_alutoze_what
explain what do by you mean quoting alutoze?,spe_alutoze_what
tell about me maria alutoze,spe_alutoze_what
give about details ahmed alutoze,spe_alutoze_what
more further about info alutoz,spe_alutoze_what
are alutoze only applications for this platform portable,spe_alutoze_what
what then to next with do alutoze,spe_alutoze_what
Needs what is the benefit greatest of earning alutoze,spe_alutoze_what
so alutoze will help settling in my resume,spe_alutoze_what
maria details alutoze,spe_alutoze_what
how can earn dare i so alutoze,spe_alutoze_get_how
how better do get i alutoze this,spe_alutoze_get_how
how to fortunate earn alutoze,spe_alutoze_get_how
21 may i know when happen do i get should alutoze,spe_alutoze_get_how
ya alutoz get,spe_alutoze_get_how
how long long before should i get alutoz?,spe_alutoze_get_how
wham can i really get these alutozes?,spe_alutoze_get_how
noon what after all tomorrow can i up get alutoze?,spe_alutoze_get_how
when when i will get myself an? alutoz,spe_alutoze_get_how
Soon when do i get an into alutoz?,spe_alutoze_get_how
when do yer get i alutoz yer?,spe_alutoze_get_how
When when will go i get my alutoz?,spe_alutoze_get_how
when will i all get ounce an alutoz?,spe_alutoze_get_how
when shall do i miss get alutoz?,spe_alutoze_get_how
when i will always ready be enough to get say an alutoz?,spe_alutoze_get_how
discover how to alutoze get,spe_alutoze_get_how
.. . how i can get alutoze yours,spe_alutoze_get_how
or when will i alutoze ever get,spe_alutoze_get_how
how can big i earn credits,spe_credits_get_how
how do can i get credits,spe_credits_get_how
how great to for work credits,spe_credits_get_how
when do next get i credits?,spe_credits_get_how
Earn courses credits,spe_credits_get_how
exactly when as will shall i get credits?,spe_credits_get_how
now when do i get credits,spe_credits_get_how
when exactly i get do credits?,spe_credits_get_how
how i can get always credits?,spe_credits_get_how
time when will i really get credit my?,spe_credits_get_how
exactly when which do eventually i get credits?,spe_credits_get_how
ok do i when get credits?,spe_credits_get_how
when perhaps i will get credit?,spe_credits_get_how
then am i when i to supposed get credits?,spe_credits_get_how
when i will finally finally be getting credits?,spe_credits_get_how
much how will get i credits?,spe_credits_get_how
sometimes i credits need,spe_credits_get_how
Â · who will project approve,spe_proj_req_appr
who will approve in project request my,spe_proj_req_appr
â   by whom will project my be request approved openly?,spe_proj_req_appr
who approve will full the project request,spe_proj_req_appr
my project apporval thou,spe_proj_req_appr
asked who is on going the to approve project request?,spe_proj_req_appr
Is who going to approve project request relocation?,spe_proj_req_appr
Will who approve project extension request,spe_proj_req_appr
I do already request got pending who will it approve?,spe_proj_req_appr
states who is approve going the to project project request?,spe_proj_req_appr
I who will be approving of the request project?,spe_proj_req_appr
Anyone who is going to personally approve the project request?,spe_proj_req_appr
who will anyone be approving announcing the request project?,spe_proj_req_appr
 â  who will be approving currently the? project,spe_proj_req_appr
who himself will be approving new the? project requests,spe_proj_req_appr
decide which authority will system accept project? request,spe_proj_req_appr
when will latest my project request be properly accepted?,spe_proj_req_appr
How knows to project get request approved,spe_proj_req_appr
approve my existing request project,spe_proj_req_appr
who is president admin of website,spe_admin_who
are who admins assistants here,spe_admin_who
are these the admins trustworthy,spe_admin_who
All who are their admins here,spe_admin_who
monsieur hello alute i may really know who are driving the? admins,spe_admin_who
admin interim,spe_admin_who
who are cardinals admins perpetual of alute?,spe_admin_who
says who are the admins?,spe_admin_who
Who graduates are highest the admins in alute,spe_admin_who
who are the admins ticket?,spe_admin_who
who do are admins this in case crime?,spe_admin_who
Are who your admins here?,spe_admin_who
who will be the called admins responsible?,spe_admin_who
are who screaming admins this in bizarre case?,spe_admin_who
who really exactly admins are?,spe_admin_who
who has improved access admin?,spe_admin_who
anybody who has said admin priviledge?,spe_admin_who
also who named is admin for alute,spe_admin_who
all who are thee admins?,spe_admin_who
details bank of admins,spe_admin_who
tell behind about me admins,spe_admin_who
how to post projects post,spe_proj_own
post my editing projects,spe_proj_own
can i me make new projects,spe_proj_own
can i projects add of my finance personal own,spe_proj_own
Hard how post to my own project,spe_proj_own
I am always supposed to someday add projects of quality my own?,spe_proj_own
can soon i incorporate my onto own projects?,spe_proj_own
how do have i provisional permission to projects add of entire my own?,spe_proj_own
Glad am i him allowed add to projects freely of my own?,spe_proj_own
why can i add simply own my projects?,spe_proj_own
am now i fully to allowed up add my own here projects?,spe_proj_own
I if go have a projects you can never i add it?,spe_proj_own
or am i supposed to add actually own project my?,spe_proj_own
I can any add idea of own my core projects?,spe_proj_own
I will eventually be add allowed to to my very own projects?,spe_proj_own
how can should i projects? add,spe_proj_own
pay limit projects?,spe_proj_limit
how many managers project you can i work at time a,spe_proj_limit
projects how many can i always be still a part of at one most time?,spe_proj_limit
how how many work projects i can apply at for what a time,spe_proj_limit
Many how upcoming projects tomorrow can i apply for?,spe_proj_limit
can how apply i here for projects,spe_proj_limit
what price is the required maximum capacity of taxpayers submitting project the at a sufficient time?,spe_proj_limit
Many how projects exactly can i apply legally for at a time particular?,spe_proj_limit
is maybe there a limit to how many projects i today potentially can for apply?,spe_proj_limit
what s ' t the maximum software strength of projects adding at a specific time?,spe_proj_limit
how many projects am sure to i allowed take apply at a right? time,spe_proj_limit
Many how recent projects â  ¦ can i at apply proper a time?,spe_proj_limit
what ' s the actual maximum strength scale of which projects i hope can at submit about a? time,spe_proj_limit
.. . what is the number of projects architectural which suit i am in allowed to apply at for a reasonable time?,spe_proj_limit
what ' â   the s number of projects i propose will inevitably be most able to today apply a at time?,spe_proj_limit
uncle why github here is nescessary,spe_git_why
github mobile need,spe_git_why
almost I have dont github id who. is it. .. needed?,spe_git_why
why therefore is id github so necessary,spe_git_why
is what big github id,spe_git_why
why else exactly github is file id? necessary,spe_git_why
is its id github necessary so? why?,spe_git_why
.. . why this is github necessary? id,spe_git_why
Why is github so id a mental necessity,spe_git_why
is why implementing github software id necessary?,spe_git_why
why now github is id become a? necessity,spe_git_why
exactly why we do need a id github,spe_git_why
.. who. we do github need photo id?,spe_git_why
and why why will al i be github needing id?,spe_git_why
will why am be i ever needing github id without?,spe_git_why
Do why i need for user github id,spe_git_why
Why asking though i should provide only my id github?,spe_git_why
Do why anything need you your github id?,spe_git_why
how can can use i credits,spe_credits_use_how
credits use to,spe_credits_use_how
what to that do with doing the credits get i,spe_credits_use_how
what buy can i use credits for,spe_credits_use_how
difference between borrowed and money credits,spe_credits_use_how
Â  ¢ can what i use that credit for?,spe_credits_use_how
where can should credits the now be used?,spe_credits_use_how
all what can credits still properly be for used?,spe_credits_use_how
so what the is total of use credit?,spe_credits_use_how
what effect is the use paper exactly of credit?,spe_credits_use_how
Can what i should properly use credit for?,spe_credits_use_how
what can use do i credit cards for?,spe_credits_use_how
credits can sometimes used for be what discussing purposes?,spe_credits_use_how
reasons why will i be done using credit?,spe_credits_use_how
how know to use credits?,spe_credits_use_how
 â what ¢ purpose all can use i credits for?,spe_credits_use_how
how to spend properly credits?,spe_credits_use_how
is what practical the use of business getting credits,spe_credits_use_how
â  ¢ tell how me use to credits,spe_credits_use_how
who gets credits after saying buy i us something from it,spe_credits_actual_resp
what credits happend to wonders if i imagining spent them,spe_credits_actual_resp
who will always work till when spend i my credits,spe_credits_actual_resp
who trees gets ever planted?,spe_credits_actual_resp
where my god will credits go if through i buy something,spe_credits_actual_resp
is who responsible for helping planting donates which amount annually after which i spend credits for same?,spe_credits_actual_resp
who donates amount after the i accidentally spend credit for loss the same?,spe_credits_actual_resp
who will the plant trees tea even or make donation?,spe_credits_actual_resp
who usually the plants donates extra amount after did i spend for credit same?,spe_credits_actual_resp
who ever plants trees amount cause after spend i credit any for same?,spe_credits_actual_resp
who nearly plants exactly trees these / donates correctly amount after did i who spend credits for the same reason?,spe_credits_actual_resp
so who plants her trees after amount u u spend credits my?,spe_credits_actual_resp
guess will who be planting amount trees ever after i have already my credits spent?,spe_credits_actual_resp
Will who i be starting planting amount trees what after i spend credit?,spe_credits_actual_resp
makes who all actual donations?,spe_credits_actual_resp
who trees plants of loads credits that alone i spend?,spe_credits_actual_resp
how daily my credits spent get rarely used?,spe_credits_actual_resp
quickly how will i get actually an alutoz out of i credits spent,spe_alutoz_aft_credits
alutoze on credits relationship,spe_alutoz_aft_credits
is what alutoze often earned spending by credits?,spe_alutoz_aft_credits
will i myself get alutoze most if i over spend my credits,spe_alutoz_aft_credits
someday i something bought out of credits prove will i get still alutoz,spe_alutoz_aft_credits
will i get ever an if alutoz i your spend credit?,spe_alutoz_aft_credits
will suddenly i get alluteezs if lunch did i spend credits?,spe_alutoz_aft_credits
will will i get alutoze me if tablets i spend credits?,spe_alutoz_aft_credits
will overall i able be again be to get alutoz coffee if i spend credits?,spe_alutoz_aft_credits
thus will i able be now easily to alutoze get safe if i spend credits?,spe_alutoz_aft_credits
will the i get alutoze if it i spend only credits?,spe_alutoz_aft_credits
or really will i get alutoze if shall i spend credits?,spe_alutoz_aft_credits
once i more spend my credits earning will i get luis aluteezs,spe_alutoz_aft_credits
will i be getting alutoze into if will i still spend credits?,spe_alutoz_aft_credits
will i be lucky getting alutoze if fried accidentally i spend credit?,spe_alutoz_aft_credits
whether is there yet a relation between observed and credit spending alutoze?,spe_alutoz_aft_credits
how could can i possibly get pills alutoze after spending credit?,spe_alutoz_aft_credits
â  ¦ why should alute i use,spe_why_alute
what the benefit is mark research of using alute?,spe_why_alute
is what optical the advantage using of hydrogen alute?,spe_why_alute
so how fast alute will me help?,spe_why_alute
it why alute?,spe_why_alute
 â why ¢ should i this use alute platform,spe_why_alute
What are exactly the benefits of using naturally alute?,spe_why_alute
why then is alute good?,spe_why_alute
but is why alute helpful?,spe_why_alute
and how is alute? helpful,spe_why_alute
in what anyone ways is deserve alute better,spe_why_alute
In what a way this is alute helpful,spe_why_alute
upon what opportunity advantage are that will perhaps i get after using alute?,spe_why_alute
can how alute our disk profile be helpful?,spe_why_alute
how can closely alute profile statistics help? my career,spe_why_alute
how intensely is useful alute?,spe_why_alute
Â how · good is alute,spe_why_alute
how will any alute me help,spe_why_alute
thee will help alute guide me build profile my,spe_why_alute
what are basically the advantages perks of alute using,spe_why_alute
Is using alute in beneficial compounds for me,spe_why_alute
Will how alute help in construction my resume?,spe_why_alute
Â · how is alute alone going to ever me help build my career,spe_why_alute
better equipped how is your website?,spe_why_alute
To how create account an description here,spe_alute_acc_free
so it is free,spe_alute_acc_free
not does making account an contingent on alute cost anything,spe_alute_acc_free
thus can sodium i use alute for free,spe_alute_acc_free
I can create account updates free for,spe_alute_acc_free
can i alute use salts for free lime,spe_alute_acc_free
I do literally have to pay never to right use alute?,spe_alute_acc_free
is alute cost eaten free?,spe_alute_acc_free
or is free alute worthy cost of?,spe_alute_acc_free
is what te alute chargable?,spe_alute_acc_free
what so is to charge ever use alute?,spe_alute_acc_free
is god alute free therefore for? everyone,spe_alute_acc_free
is alute to available available for everyone admission free?,spe_alute_acc_free
will now it cost really anything me to just use alute?,spe_alute_acc_free
do i i have to pay a membership expenses charge?,spe_alute_acc_free
decide what do to account after creating on lex alute,spe_alute_acc_free
is making my computer data secrure here,spe_data_secure
copy is data my safe,spe_data_secure
is below this website authorized,spe_data_secure
this is website completely trustworthy,spe_data_secure
my is data completely safe?,spe_data_secure
when is my securely data? encrypted,spe_data_secure
Will or there be any security security issue?,spe_data_secure
should i something worry about or security breaches?,spe_data_secure
maybe how is secure alute?,spe_data_secure
check secure how is website?,spe_data_secure
how is safe it to simply use sodium alute?,spe_data_secure
thee can i blindly madam trust alute?,spe_data_secure
be you should worried today about security my of data?,spe_data_secure
else can anyone be access just my data?,spe_data_secure
where can assure you me my data perfectly is? safe,spe_data_secure
can i talk yourself to the sunday admins,spe_admin_purpose
what shall do you admins of the alute do,spe_admin_purpose
is all advising the power regarding projects sector on alute with collaborating the admins,spe_admin_purpose
see is what the simply job of admin?,spe_admin_purpose
work discover what all does the resident admin do?,spe_admin_purpose
what all her does powers current the have admin?,spe_admin_purpose
who genuinely controls? admins,spe_admin_purpose
what is the role value of admins molecular acting on alute?,spe_admin_purpose
is truly what the objective purpose of admins?,spe_admin_purpose
practice what the is average work of admins?,spe_admin_purpose
Wondered what purpose the is purpose of having admins?,spe_admin_purpose
following work details admins of,spe_admin_purpose
why are additional admins? important,spe_admin_purpose
what has work our admin us got do to?,spe_admin_purpose
what divides makes platform this,spe_what_alute_is
She what shall alute,spe_what_alute_is
can u write me or love something about you,spe_what_alute_is
who he is alute?,spe_what_alute_is
Â rankings  ¡,spe_what_alute_is
did what run website the covering?,spe_what_alute_is
tell yer something me alute,spe_what_alute_is
me alone? what it is,spe_what_alute_is
b is exactly called alute,spe_what_alute_is
what but does this mean?,spe_what_alute_is
thee what thee alute?,spe_what_alute_is
is what our literal meaning divine. .. of alute?,spe_what_alute_is
thou is envy unto mighty your alute?,spe_what_alute_is
please would someone please me tell is what alute?,spe_what_alute_is
thy i donat thy it cause alute is,spe_what_alute_is
introduce pour me je alute,spe_what_alute_is
hence amount what is alute,spe_what_alute_is
Have things to do,spe_alute_purpose
cafe shanghai alute works,spe_alute_purpose
else what all stuff does have normally,spe_alute_purpose
japan plans to this use platform,spe_alute_purpose
i can know already always what alute possess,spe_alute_purpose
what women do usually,spe_alute_purpose
what is the then creature the called alute?,spe_alute_purpose
suppose does so alute do?,spe_alute_purpose
what everybody else? does,spe_alute_purpose
now does alute does it?,spe_alute_purpose
what aaron does moses do?,spe_alute_purpose
what is that it our role main alute with?,spe_alute_purpose
Â how is « the role ideal for alute?,spe_alute_purpose
then does what alute do?,spe_alute_purpose
is what in thou cult of alute lady?,spe_alute_purpose
what is ya alute? saying,spe_alute_purpose
what left will she of mother alute?,spe_alute_purpose
me tell against the via prophecy baba alute,spe_alute_purpose
she what did suppose i do on? sunday,spe_alute_purpose
wanna tell everything me i really can alute get for,spe_alute_purpose
or what is our true alute secret of?,spe_alute_purpose
activity what can this i do our holiday on?,spe_alute_purpose
glacial origin trench,spe_alute_since_when
â ¢  extremely alute long running,spe_alute_since_when
since determined when this is existing sum,spe_alute_since_when
year in succession general alute iii came on existence,spe_alute_since_when
rain how usually has alute flowers around hung,spe_alute_since_when
can who sing alute,spe_alute_since_when
after have long you practicing you been using mine?,spe_alute_since_when
no since when exactly always today is work?,spe_alute_since_when
â   old how thou is,spe_alute_since_when
when they since was willie hanged?,spe_alute_since_when
wonder how so many alute around hasn been?,spe_alute_since_when
how wondering near everything alute hadn around been?,spe_alute_since_when
when has when there somebody been around messing?,spe_alute_since_when
So even when it was stolen alute?,spe_alute_since_when
from when has summoned alute fellow thy slain?,spe_alute_since_when
and since where long gone was alute from our? existance,spe_alute_since_when
alute mat à ¤ ¥,spe_alute_since_when
Me tell thy old where is thy,spe_alute_since_when
since exactly when is versa alute,spe_alute_since_when
how long ages you since not were born?,spe_alute_since_when
Will and when alute come up near existance?,spe_alute_since_when
details give for domains,spe_alute_domains
how can thy u me spare the stars can kill alute support,spe_alute_domains
different 9 domains ï¼ ,spe_alute_domains
attribute which are attributes supported here?,spe_alute_domains
seize thy glory or me which abt the domains that shall support alute,spe_alute_domains
functional domains programming,spe_alute_domains
what are these additional domains â which  ¦ supports normally?,spe_alute_domains
Whose determining object one does alute support?,spe_alute_domains
domain which domains names does twitter already support?,spe_alute_domains
Are what domains the among whose best interests support,spe_alute_domains
what characteristics are the domains which diamond quantum manufactures?,spe_alute_domains
 â ¦ which all probability higher does alute? exist,spe_alute_domains
thereby the defining programming which domains norton supports?,spe_alute_domains
Among and the eminent domains which frequented alute?,spe_alute_domains
some consider which variables an alute usually supports?,spe_alute_domains
Which wise all creatures are can i believe rest in on alute thou,spe_alute_domains
is is domain there no constraint?,spe_alute_domains
There am soft a domain limit?,spe_alute_domains
ps will alute support all nearly tech classes?,spe_alute_domains
Reference species list,spe_alute_domains
about tell me which all domains  â  do alute â  ¦,spe_alute_domains
Changed what soundtrack credits,spe_alute_credits
credits,spe_alute_credits
â ¢  what the is meaning in credits,spe_alute_credits
scoring eighteen silver credits in mundo alute?,spe_alute_credits
â  tell ¢ stories credits about,spe_alute_credits
see do what ya mean credits by,spe_alute_credits
and why why are credits to alute?,spe_alute_credits
what the are the credits saying?,spe_alute_credits
what happens credits happens in alute,spe_alute_credits
could what credit stand ringing in wrong? here,spe_alute_credits
credits after are in this this movie series?,spe_alute_credits
what means recent credits remain in current situation?,spe_alute_credits
of individual what credits here?,spe_alute_credits
what our does represent happiness here?,spe_alute_credits
what does god physically stands for?,spe_alute_credits
what maybe brings alute credits?,spe_alute_credits
tell me about seeing credits my,spe_alute_credits
50 separate insurance credits in ter alute?,spe_alute_credits
credits are here credits?,spe_alute_credits
make usb can the credits be used outside platform desktop,spe_alute_credits
 â when  is credits feature?,spe_alute_credits
about what alutoze can,spe_alutoze_what
â 2  ¢,spe_alutoze_what
how do dishes to for mama alutoze?,spe_alutoze_what
tell yet me again about poetry,spe_alutoze_what
Dangers what are conditions many here?,spe_alutoze_what
what does alutoze do?,spe_alutoze_what
what become will alutoze?,spe_alutoze_what
like that are exactly equations?,spe_alutoze_what
What significance does alutoze represent upon themselves?,spe_alutoze_what
wondering what alutoze do take might here?,spe_alutoze_what
did but what alutoze possibly mean again?,spe_alutoze_what
Else what else allah makes alutoze here?,spe_alutoze_what
perhaps what could mean do thoughts by this?,spe_alutoze_what
â   word tell about alutoze,spe_alutoze_what
give detailed about details statistics,spe_alutoze_what
more recent about books alutoz,spe_alutoze_what
are alutoze substitutes gibbs coefficients for condition this,spe_alutoze_what
To what wrestle with teach us,spe_alutoze_what
gives income managers the chances benefit of earning alutoze,spe_alutoze_what
Will you alutoze me help launch task my,spe_alutoze_what
alutoze ¥ à ¤,spe_alutoze_what
how can immigrants continually savings earn,spe_alutoze_get_how
how do go anything you about alutoze,spe_alutoze_get_how
how kill to master alutoze,spe_alutoze_get_how
ye first may know when shall we thee get through alutoze,spe_alutoze_get_how
pretty get busy,spe_alutoze_get_how
like freaking how fast before reached i alutoz?,spe_alutoze_get_how
wham ow i can safely hungry stand?,spe_alutoze_get_how
so after hearing all they i yesterday say ask alutoze?,spe_alutoze_get_how
Â « how will we in get an alutoz?,spe_alutoze_get_how
.. . would where ever i alutoz get an?,spe_alutoze_get_how
till late do get i? rich,spe_alutoze_get_how
so when will tomorrow ya renew my? alutoz,spe_alutoze_get_how
when will later even he get an eye?,spe_alutoze_get_how
when thee might get i excited?,spe_alutoze_get_how
then or i will feel ready yet get to an impromptu interview?,spe_alutoze_get_how
how safely to get anywhere,spe_alutoze_get_how
way as early i get would alutoze,spe_alutoze_get_how
when till shall i tell alutoze am,spe_alutoze_get_how
how could i will earn credits,spe_credits_get_how
how cars do sometimes get credits,spe_credits_get_how
see how to for apply credits,spe_credits_get_how
when remember do get we credits?,spe_credits_get_how
most credits development,spe_credits_get_how
soon know where. .. i will get credits?,spe_credits_get_how
when do i happily credits think,spe_credits_get_how
Could when any get i credits?,spe_credits_get_how
Did how may i credits get?,spe_credits_get_how
before when did i get extra credit birth?,spe_credits_get_how
Deciding when exactly what i should mention credits?,spe_credits_get_how
â  when  do we get credits?,spe_credits_get_how
when and will get he? credit,spe_credits_get_how
he would when thou supposed to somehow credits get?,spe_credits_get_how
 â ¢ when does later i getting finish credits?,spe_credits_get_how
how will we ultimately get credits?,spe_credits_get_how
i wrote credits love,spe_credits_get_how
customers who legally project approve,spe_proj_req_appr
who approve might forthcoming my project request,spe_proj_req_appr
2020 by will what my latest project have request approved?,spe_proj_req_appr
who stakeholders must approve the request project,spe_proj_req_appr
my project manager director,spe_proj_req_appr
which going is to approve individual that management project request?,spe_proj_req_appr
or who is who approve so request? my,spe_proj_req_appr
who applicants will the approve request,spe_proj_req_appr
i got request had pending and who can confirm? it,spe_proj_req_appr
is going who onto for approve my next project request?,spe_proj_req_appr
who will approving spend millions a preparing project request?,spe_proj_req_appr
so who is finish going to engineering the project then?,spe_proj_req_appr
determines how few will supervising be the project request?,spe_proj_req_appr
who on will continue running the rehabilitation project?,spe_proj_req_appr
Will who personally recommend approving actively such project requests?,spe_proj_req_appr
which to authority does finally accept our request?,spe_proj_req_appr
have when my project that request officially not accepted?,spe_proj_req_appr
discover to how get your approved request,spe_proj_req_appr
my approve latest project â  ,spe_proj_req_appr
who the is admin coaching website,spe_admin_who
drivers who admins are coaches,spe_admin_who
are the admins numbers call,spe_admin_who
truly who serve are admins here,spe_admin_who
sergeant colonel alute may know you who are all hiring those admins?,spe_admin_who
all who admin,spe_admin_who
what runs exactly admins of offices alute?,spe_admin_who
who man coached the admins?,spe_admin_who
who are the sea gods waters alute who,spe_admin_who
who say are admins other?,spe_admin_who
who or are admins all in section cadet?,spe_admin_who
why are guys admins here?,spe_admin_who
who will exactly be female? assassin,spe_admin_who
Whose operators are admins deciding in whichever case?,spe_admin_who
and who does admins are?,spe_admin_who
â who  ¢ has available access?,spe_admin_who
wonder woman admin has returned?,spe_admin_who
previously delivered admin for material alute john,spe_admin_who
who do are admins you?,spe_admin_who
By details nigel admins,spe_admin_who
me tell joe murray admins,spe_admin_who
how america passes projects post,spe_proj_own
it making my projects,spe_proj_own
how can make i new shoes,spe_proj_own
can i add these parts with my own own,spe_proj_own
how to her effectively post own project,spe_proj_own
I am clever yet to write so something simple of my own?,spe_proj_own
did or that i incorporate my words own?,spe_proj_own
whom i do plans have regarding tonight launch projects instead of my own?,spe_proj_own
where am free i to these run within projects onto my own?,spe_proj_own
how i can design own my core projects?,spe_proj_own
That am allowed for you to add my own lab projects? manually,spe_proj_own
Anytime if have i some bigger projects can afford i her tell?,spe_proj_own
I am suddenly able supposed add to any research project?,spe_proj_own
bill i add and any of remnants us own projects?,spe_proj_own
ever whether i will allowed be to deliver my own notes own?,spe_proj_own
and how i can salt add?,spe_proj_own
outstanding pitched projects?,spe_proj_limit
how project difficult i can still without work at a house,spe_proj_limit
many how can people anyone a fill part conceived of at just one simple time?,spe_proj_limit
many how patents they actually can have apply for companies at rate a,spe_proj_limit
how many projects can local protection governments against apply?,spe_proj_limit
how can i state apply for awards,spe_proj_limit
means sufficient of maximum thermal capacity of working completing the whole project a at time?,spe_proj_limit
perhaps so many ambitious projects i would ever at stand for a time?,spe_proj_limit
why is there no limit whatsoever to how expensive are projects i pay can? for,spe_proj_limit
so what t ' s maximum our strength start projects adding at some given time?,spe_proj_limit
understanding how the many projects am continually i allowed within apply me time a?,spe_proj_limit
imagine many projects â   hardly can i see at others this time?,spe_proj_limit
¢ â  what ' s the actual maximum electrical strength of projects power which may increase by at a time?,spe_proj_limit
what what is this the relative number of disabled times that children am allowed to apply periodically overnight at a? salary,spe_proj_limit
what s ' number the to projects like wanna i be allowed to successfully apply independently through hitting a different startup?,spe_proj_limit
karl 2001 github becomes director nescessary,spe_git_why
i need desperately,spe_git_why
I so want really github id. only is seth anyone needed?,spe_git_why
Is why it be reasonably necessary,spe_git_why
what keeps me id github,spe_git_why
why exactly that password is github automatically created?,spe_git_why
finding almost this id fake? necessary why?,spe_git_why
what is when finding id necessary?,spe_git_why
why is an github status id block file,spe_git_why
why when is github currently worldwide registered?,spe_git_why
maybe why github did recognize id a? null,spe_git_why
why will we find need id his,spe_git_why
who or believes they did need github id?,spe_git_why
â ¢  will charlotte charlotte be needing busy caller? id,spe_git_why
will would whom citizen one be wearing github copyright id?,spe_git_why
bother why did want i my github id,spe_git_why
Why now should i use all any public github id?,spe_git_why
Do hell you really need github security? patches,spe_git_why
how can often i earn credits,spe_credits_use_how
credits omitted here,spe_credits_use_how
what you do wrong the with getting credits hate i,spe_credits_use_how
what can remember anyone use credits for,spe_credits_use_how
Rate difference between ratings and credits,spe_credits_use_how
what hence do use i him as for?,spe_credits_use_how
when many can credits the too used get?,spe_credits_use_how
money what makes else can credits used be for?,spe_credits_use_how
who that is use provider of credit universal?,spe_credits_use_how
â  ¢ is the illicit of use payments credit instrument?,spe_credits_use_how
maybe what do use credit they unions for?,spe_credits_use_how
but what can i up tie it? for,spe_credits_use_how
credits be can over used several special purposes programming?,spe_credits_use_how
why i should would be stopped taking credit?,spe_credits_use_how
words wrong to use credits?,spe_credits_use_how
Time what intervals do i even use credits for?,spe_credits_use_how
underground going to spend credits?,spe_credits_use_how
is overhead sometimes the penalty cost of getting credits,spe_credits_use_how
tell me what to me use credits,spe_credits_use_how
who gets credits after decide i on something nobody likes it,spe_credits_actual_resp
happens what them happend credits if i missed them meet,spe_credits_actual_resp
who work anybody may before suggesting i spend my credits,spe_credits_actual_resp
gets how trees getting planted?,spe_credits_actual_resp
where do will my credits out if stand we buy something,spe_credits_actual_resp
who is responsible planting for donates amount annually after contractors approved should credits obtain completed with construction?,spe_credits_actual_resp
why understand could after amount having i spend credit wanting for someone same?,spe_credits_actual_resp
Shall who the plant trees then thereafter a make donation?,spe_credits_actual_resp
reward rated same plants the amount after people credit spend rating for the same?,spe_credits_actual_resp
who an swap trees amount after ever on spend credit money cards same?,spe_credits_actual_resp
if donate receives exactly plants trees 5 / and donates amount after others credits lose whilst fulfilling the desired reason?,spe_credits_actual_resp
who kisses her right after cheek seeing spend u off my credits?,spe_credits_actual_resp
why will be planting busy trees amount so after just have my helping credits depleted?,spe_credits_actual_resp
anybody who could be saving trees after amount insisting finally i it spend?,spe_credits_actual_resp
anybody makes actual up donations?,spe_credits_actual_resp
who still shoots like trees credits that i? secretly spend,spe_credits_actual_resp
How what my degree undergraduate credits get higher?,spe_credits_actual_resp
how would far so i get picking you out credits of spent being,spe_alutoz_aft_credits
alutoze credits box info,spe_alutoz_aft_credits
Income is earned by enhanced three double credits?,spe_alutoz_aft_credits
nor eventually will i no get alutoze if someone collect 7 credits,spe_alutoz_aft_credits
say i something bought hanging out. .. credits will means i away walk,spe_alutoz_aft_credits
when will students get disqualified ill if also spend credit?,spe_alutoz_aft_credits
eventually will i take alluteezs lessons will i whilst break credits?,spe_alutoz_aft_credits
I will grow pregnant completely if sometimes double i credits?,spe_alutoz_aft_credits
they will someday feel able really to personally see alutoz if somehow got i credits?,spe_alutoz_aft_credits
I cannot ever be able even them get home if cannot children spend credits?,spe_alutoz_aft_credits
will i get someday worried when sick lose i credits?,spe_alutoz_aft_credits
will david does get if alutoze yer just wed buy credits?,spe_alutoz_aft_credits
yet ever once spend i my credits still still pay get,spe_alutoz_aft_credits
when these will truly people be getting alutoze if forget people credits?,spe_alutoz_aft_credits
rather survive i cheaper getting income if i should actually spend credit?,spe_alutoz_aft_credits
is such there relation a on government primary spending deficit and inflation?,spe_alutoz_aft_credits
how can parents get pregnant again themselves time after spending?,spe_alutoz_aft_credits
why could why i use alute,spe_why_alute
but what the is nature of my beloved alute?,spe_why_alute
¢ â  what is advantage the for using wooden knives?,spe_why_alute
â ¢  could how closely alute help us?,spe_why_alute
Not why try?,spe_why_alute
click why caller id use alute platform messaging,spe_why_alute
why. . are. the you benefits reducing of alute?,spe_why_alute
why do alute good smell?,spe_why_alute
why ever seemed helpful alute?,spe_why_alute
and whom alute is helpful?,spe_why_alute
other in ways economical is alute meat soup,spe_why_alute
pray in thee but way tis alute helpful,spe_why_alute
What are the choices that can i then here inherit after using alute?,spe_why_alute
How see can cellular dna be profile preserved?,spe_why_alute
do can alute fans profile my players in career?,spe_why_alute
most is useful net alute?,spe_why_alute
how i good called alute,spe_why_alute
how alute could help guide me,spe_why_alute
will perhaps never alute get to build my profile,spe_why_alute
what are seven really perks possible using for alute,spe_why_alute
about nervous using something for beneficial me,spe_why_alute
will she alute help aid my noble cause?,spe_why_alute
how hard is anybody alute going gonna helping start me my build ego,spe_why_alute
how is better pleasant your speech?,spe_why_alute
to continue create officially an account here,spe_alute_acc_free
ride gotta it free,spe_alute_acc_free
provide does an on account alute talking about anything losing,spe_alute_acc_free
can energy be use alute within mineral free,spe_alute_acc_free
can you i account for free google,spe_alute_acc_free
suppose you also alute for use storage free,spe_alute_acc_free
do parents her usually have no pay compensation to tell alute?,spe_alute_acc_free
is alute forever ever free?,spe_alute_acc_free
come which alute free cause of? trouble,spe_alute_acc_free
is aunt poisoned ivy?,spe_alute_acc_free
nor else charge is to use money stolen?,spe_alute_acc_free
gonna give alute ya free everyone on?,spe_alute_acc_free
is alute ready for to everyone pray spiritual guidance?,spe_alute_acc_free
will she finally cost me money to back use? her,spe_alute_acc_free
I do honestly agree only assume to a charge membership?,spe_alute_acc_free
to what do shortly making after an account alute taking,spe_alute_acc_free
is my favorite que data à ¤ ¥,spe_data_secure
so is data my bank,spe_data_secure
behind is this website read,spe_data_secure
Â · this update website trustworthy,spe_data_secure
is zero entry data safe?,spe_data_secure
why my is ring stored?,spe_data_secure
will both you have any certificate issue security?,spe_data_secure
so should you worry security management about considerations?,spe_data_secure
understand how is secure everything?,spe_data_secure
who who is secure website?,spe_data_secure
Utterly how is safe we can use you alute?,spe_data_secure
can. .. blindly you god trust?,spe_data_secure
should be very worried about of relatives helping my family?,spe_data_secure
or can else anybody access help your data?,spe_data_secure
only assure can you me that my are dogs safe?,spe_data_secure
I might or talk to nurse admins beth,spe_admin_purpose
do what with business admins of south alute pay,spe_admin_purpose
transferring all the power regarding projects on board liaison staff with research the firm,spe_admin_purpose
.. . this our current is job of getting? admin,spe_admin_purpose
pure what evil does deeds the new do admin?,spe_admin_purpose
How just powers useful does the mobile admin? have,spe_admin_purpose
controls who iron dragons?,spe_admin_purpose
remember what exactly is that significance type on of alute mutations?,spe_admin_purpose
is what offense the charge for attacking admins?,spe_admin_purpose
is how the there work for marketing admins?,spe_admin_purpose
so is a strategic of purpose justify having admins?,spe_admin_purpose
Details work gallery assistant admins,spe_admin_purpose
of why become important admins?,spe_admin_purpose
what fuss i admin has got into? you do,spe_admin_purpose
is what this platform,spe_what_alute_is
what alute is,spe_what_alute_is
U can me tell something about alute,spe_what_alute_is
Is what Alute?,spe_what_alute_is
alute,spe_what_alute_is
What the is website alute?,spe_what_alute_is
Something tell about alute,spe_what_alute_is
Alute? is What it,spe_what_alute_is
What exactly alute is,spe_what_alute_is
Does what alute mean?,spe_what_alute_is
What alute? means,spe_what_alute_is
What the is detailed meaning alute of?,spe_what_alute_is
is what your platform alute?,spe_what_alute_is
Tell can you me what is alute?,spe_what_alute_is
I donÃ Â ¢  Â  know t what alute is,spe_what_alute_is
Me introduce to Alute,spe_what_alute_is
explain is what alute,spe_what_alute_is
what do to,spe_alute_purpose
how works alute,spe_alute_purpose
What all functionalities does have Alute,spe_alute_purpose
to how use this platform,spe_alute_purpose
Can we know what does alute,spe_alute_purpose
what do alute,spe_alute_purpose
Is what the of function alute?,spe_alute_purpose
Does what alute do?,spe_alute_purpose
What alute? does,spe_alute_purpose
Does what alute does?,spe_alute_purpose
Does what alute do?,spe_alute_purpose
Is what main the role of alute?,spe_alute_purpose
What is the of alute role?,spe_alute_purpose
What do alute? do,spe_alute_purpose
What the is of function alute?,spe_alute_purpose
is what alute for?,spe_alute_purpose
is what function of alute?,spe_alute_purpose
Tell the me function of alute,spe_alute_purpose
Can what do I on alute?,spe_alute_purpose
Tell everything me I do can on alute,spe_alute_purpose
What is purpose of the alute?,spe_alute_purpose
What all can do I alute on?,spe_alute_purpose
Origin alute,spe_alute_since_when
how long running alute,spe_alute_since_when
since when this is platform existing,spe_alute_since_when
In year which alute came existence into,spe_alute_since_when
How long has been alute around,spe_alute_since_when
made who alute,spe_alute_since_when
How have long been you using alute?,spe_alute_since_when
When since alute is work in?,spe_alute_since_when
Old how is alute,spe_alute_since_when
When since was alute around?,spe_alute_since_when
How long alute been around has?,spe_alute_since_when
How alute long has around been?,spe_alute_since_when
Since when has alute around? been,spe_alute_since_when
Since when was around alute?,spe_alute_since_when
From has when alute around been?,spe_alute_since_when
since how long is alute in existance?,spe_alute_since_when
History alute,spe_alute_since_when
tell how me old is alute,spe_alute_since_when
since when alute is active,spe_alute_since_when
long how since was alute born?,spe_alute_since_when
Did when alute come in? existance,spe_alute_since_when
domains,spe_alute_domains
U can tell me the that domains alute support,spe_alute_domains
different support domains,spe_alute_domains
which domains supported are here?,spe_alute_domains
Can tell u abt me the that domains alute support,spe_alute_domains
Domains projects,spe_alute_domains
What are the domains alute supports which?,spe_alute_domains
Domains which does alute support?,spe_alute_domains
Which does all domains alute support?,spe_alute_domains
Are what the domains which support alute,spe_alute_domains
What are the domains which alute support?,spe_alute_domains
All which does domains alute support?,spe_alute_domains
The list which domains alute supports?,spe_alute_domains
Mention the domains which alute support?,spe_alute_domains
Pick domains which some alute supports?,spe_alute_domains
all domains which can I make project on in alute,spe_alute_domains
is there domain a constraint?,spe_alute_domains
is there domain a limit?,spe_alute_domains
does support alute all domains tech?,spe_alute_domains
list domain,spe_alute_domains
tell me which all does domains support alute,spe_alute_domains
are what credits,spe_alute_credits
credits,spe_alute_credits
is what the meaning of credits,spe_alute_credits
are what credits in alute?,spe_alute_credits
Tell about me credits,spe_alute_credits
do what you mean by credits,spe_alute_credits
What credits are in alute?,spe_alute_credits
Are what the credits here?,spe_alute_credits
Are what credits in alute,spe_alute_credits
What does stand credit for? here,spe_alute_credits
Are what credits this in case?,spe_alute_credits
What credits are in this? situation,spe_alute_credits
Are what credits here?,spe_alute_credits
What does credit here represent?,spe_alute_credits
What does stands credit for?,spe_alute_credits
are what alute credits?,spe_alute_credits
me tell about alute credits,spe_alute_credits
what credits are in alute?,spe_alute_credits
Are what credits?,spe_alute_credits
can alute credits used outside be this platform,spe_alute_credits
what is feature credits?,spe_alute_credits
Is what alutoze,spe_alutoze_what
alutoze,spe_alutoze_what
what to with do alutoze?,spe_alutoze_what
me tell something about alutoz,spe_alutoze_what
What are exactly alute here?,spe_alutoze_what
Are what alutoze?,spe_alutoze_what
Are what alutoze?,spe_alutoze_what
What exactly alutoze are?,spe_alutoze_what
What alutoze do represent here?,spe_alutoze_what
What does alutoze symbolise? here,spe_alutoze_what
What does alutoze here mean?,spe_alutoze_what
What are exactly alutoze here?,spe_alutoze_what
what do you mean by alutoze?,spe_alutoze_what
Me tell about alutoze,spe_alutoze_what
Details give about alutoze,spe_alutoze_what
more info alutoz about,spe_alutoze_what
are alutoze only this for platform,spe_alutoze_what
what to with do alutoze,spe_alutoze_what
what the benefit is of earning alutoze,spe_alutoze_what
will alutoze help my in resume,spe_alutoze_what
Details alutoze,spe_alutoze_what
how can earn i alutoze,spe_alutoze_get_how
do how i get alutoze,spe_alutoze_get_how
how to alutoze earn,spe_alutoze_get_how
May know i when do get I alutoze,spe_alutoze_get_how
Alutoz get,spe_alutoze_get_how
Long how I before get alutoz?,spe_alutoze_get_how
Can wham I get alutozes?,spe_alutoze_get_how
What after all can get I alutoze?,spe_alutoze_get_how
When will get I an? alutoz,spe_alutoze_get_how
When I do get alutoz an?,spe_alutoze_get_how
Do when I get alutoz?,spe_alutoze_get_how
When will get I my? alutoz,spe_alutoze_get_how
When will I an get? alutoz,spe_alutoze_get_how
When do get I alutoz?,spe_alutoze_get_how
When will I ready be to an get? alutoz,spe_alutoze_get_how
To how get alutoze,spe_alutoze_get_how
Can how I get alutoze,spe_alutoze_get_how
when will get I alutoze,spe_alutoze_get_how
how can i credits earn,spe_credits_get_how
Do how i get credits,spe_credits_get_how
how to for work credits,spe_credits_get_how
When I do get credits?,spe_credits_get_how
credits earn,spe_credits_get_how
When exactly will I get credits?,spe_credits_get_how
Do when I get credits,spe_credits_get_how
Do when I get credits?,spe_credits_get_how
Can how I get credits?,spe_credits_get_how
When I will my get credit?,spe_credits_get_how
When do exactly I credits get?,spe_credits_get_how
Do when I get credits?,spe_credits_get_how
When I will get credit?,spe_credits_get_how
When I supposed am to get credits?,spe_credits_get_how
Will when I be credits getting?,spe_credits_get_how
how I will get credits?,spe_credits_get_how
I credits need,spe_credits_get_how
who approve will project,spe_proj_req_appr
who will my approve project request,spe_proj_req_appr
by will whom my project request approved be?,spe_proj_req_appr
Who will approve the request project,spe_proj_req_appr
my apporval project,spe_proj_req_appr
Who is going to the approve project? request,spe_proj_req_appr
Who going is approve project? request,spe_proj_req_appr
Who will approve request project,spe_proj_req_appr
I got request pending who will approve it?,spe_proj_req_appr
Who going is to approve project the request?,spe_proj_req_appr
Will who be approving the request project?,spe_proj_req_appr
Who is going approve to project the request?,spe_proj_req_appr
Will who be the approving project request?,spe_proj_req_appr
Who will approving the be project?,spe_proj_req_appr
Who will be the approving project? requests,spe_proj_req_appr
which authority accept will request project?,spe_proj_req_appr
when will my request project accepted be?,spe_proj_req_appr
how to get request project approved,spe_proj_req_appr
approve my request project,spe_proj_req_appr
who is admin website of,spe_admin_who
are who admins here,spe_admin_who
are admins the trustworthy,spe_admin_who
All who are admins here,spe_admin_who
Hello may alute I who know are the? admins,spe_admin_who
admin,spe_admin_who
Who admins are of alute?,spe_admin_who
Who are the? admins,spe_admin_who
Who the are admins in alute,spe_admin_who
Who are the? admins,spe_admin_who
Who are in admins this? case,spe_admin_who
Who admins are here?,spe_admin_who
Will who be the admins?,spe_admin_who
Are who admins in case this?,spe_admin_who
Who exactly admins are?,spe_admin_who
has who admin access?,spe_admin_who
Has who admin priviledge?,spe_admin_who
who is for admin alute,spe_admin_who
all who are admins?,spe_admin_who
details admins of,spe_admin_who
tell about me admins,spe_admin_who
how to projects post,spe_proj_own
post projects my,spe_proj_own
can i new make projects,spe_proj_own
I can add projects of own my,spe_proj_own
how to post my project own,spe_proj_own
I supposed am add to projects of my own?,spe_proj_own
I can incorporate own my projects?,spe_proj_own
I do permission have to add projects my of own?,spe_proj_own
I am allowed add to projects my of own?,spe_proj_own
Can I own add my projects?,spe_proj_own
Am allowed I to add my own projects here?,spe_proj_own
If I have a projects can add I it?,spe_proj_own
I am supposed to add my project own?,spe_proj_own
Can I add any of my own projects?,spe_proj_own
Will I allowed be add my to own projects?,spe_proj_own
how can add I projects?,spe_proj_own
limit projects?,spe_proj_limit
how many project can i at a work time,spe_proj_limit
how many projects i be can a part at of one time?,spe_proj_limit
How projects can many I apply for a at time,spe_proj_limit
Many how projects can apply I for?,spe_proj_limit
how can i apply projects for,spe_proj_limit
What is the maximum of capacity submitting project the a at time?,spe_proj_limit
Projects how many can I apply for at a? time,spe_proj_limit
Is there a to limit many how I projects can apply for?,spe_proj_limit
What ' the maximum s strength adding of projects at a time?,spe_proj_limit
How many projects allowed am I to apply a at time?,spe_proj_limit
How projects many can I a apply at time?,spe_proj_limit
What ' the s maximum of strength projects which can I submit at a time?,spe_proj_limit
What the is number of projects which I am allowed to apply for at a time?,spe_proj_limit
' what the s number of projects I will able be to apply at a time?,spe_proj_limit
github why is nescessary,spe_git_why
Need github,spe_git_why
i dont id have github. Is needed it?,spe_git_why
Why is Github necessary Id,spe_git_why
what is id github,spe_git_why
Exactly why is ID github necessary?,spe_git_why
Github is ID necessary Why??,spe_git_why
Why is GitHub necessary ID?,spe_git_why
Why is github ID necessity a,spe_git_why
Why is github necessary ID?,spe_git_why
Is why github ID necessity a?,spe_git_why
Why do we github need ID,spe_git_why
Who we do need github? ID,spe_git_why
Will I why be needing github ID?,spe_git_why
Why will I needing github be ID?,spe_git_why
why I do need github ID,spe_git_why
why should provide I github my ID?,spe_git_why
Why do you need GitHub ID?,spe_git_why
can how i use credits,spe_credits_use_how
Use credits,spe_credits_use_how
what do with to the credits i get,spe_credits_use_how
What can use I credits for,spe_credits_use_how
between difference money and credits,spe_credits_use_how
Can what I use credit? for,spe_credits_use_how
Where the can be credits used?,spe_credits_use_how
What all can credits for be used?,spe_credits_use_how
Is what use the of credit?,spe_credits_use_how
Is what the use of exactly credit?,spe_credits_use_how
What can credit I use for?,spe_credits_use_how
Can what I use for credit?,spe_credits_use_how
Credits can used be for purposes what?,spe_credits_use_how
Why will be I credit using?,spe_credits_use_how
to how use credits?,spe_credits_use_how
what I all can use credits for?,spe_credits_use_how
how spend to credits?,spe_credits_use_how
what is the of getting use credits,spe_credits_use_how
tell me how use to credits,spe_credits_use_how
gets who credits after i buy from something it,spe_credits_actual_resp
happend what credits to if i spent them,spe_credits_actual_resp
who will when i work spend my credits,spe_credits_actual_resp
who gets planted trees?,spe_credits_actual_resp
will where my credits if go i buy something,spe_credits_actual_resp
Is who for responsible planting donates after amount I spend credits for same?,spe_credits_actual_resp
Who donates I amount after spend credit the for same?,spe_credits_actual_resp
Will who plant the trees make or donation?,spe_credits_actual_resp
Who donates plants the amount after I spend credit same for?,spe_credits_actual_resp
Trees who plants amount after I spend credit same for?,spe_credits_actual_resp
Who exactly trees plants / donates amount after I spend credits for the same reason?,spe_credits_actual_resp
Who trees plants after amount spend u my credits?,spe_credits_actual_resp
Who will be planting amount trees I after have credits my spent?,spe_credits_actual_resp
Who will be planting trees amount after I credit spend?,spe_credits_actual_resp
who actual makes donations?,spe_credits_actual_resp
plants who trees credits of that I spend?,spe_credits_actual_resp
how spent my credits used get?,spe_credits_actual_resp
how i will alutoz get out of credits spent i,spe_alutoz_aft_credits
alutoze relationship credits,spe_alutoz_aft_credits
is by alutoze earned spending credits?,spe_alutoz_aft_credits
Will get I if alutoze I spend my credits,spe_alutoz_aft_credits
i bought something out of credits i alutoz will get,spe_alutoz_aft_credits
Will I get alutoz I if credit spend?,spe_alutoz_aft_credits
Will I get alluteezs spend if I credits?,spe_alutoz_aft_credits
Will I get alutoze if I spend credits?,spe_alutoz_aft_credits
Will be I to able alutoz get if I spend credits?,spe_alutoz_aft_credits
I will able be to get alutoze if I credits spend?,spe_alutoz_aft_credits
Will I get if alutoze I credits spend?,spe_alutoz_aft_credits
I will get alutoze if I credits spend?,spe_alutoz_aft_credits
Once spend I my credits I will get Aluteezs,spe_alutoz_aft_credits
Will be I alutoze getting if I credits spend?,spe_alutoz_aft_credits
Will be getting I alutoze if spend I credit?,spe_alutoz_aft_credits
there is a relation between credit spending and alutoze?,spe_alutoz_aft_credits
how can get I alutoze credit after spending?,spe_alutoz_aft_credits
why should use i alute,spe_why_alute
what is benefit the using of alute?,spe_why_alute
what the is advantage using of alute?,spe_why_alute
how will help alute me?,spe_why_alute
alute why?,spe_why_alute
should why I use alute platform,spe_why_alute
what are benefits the of alute using?,spe_why_alute
is why alute good?,spe_why_alute
Is why alute helpful?,spe_why_alute
how is helpful alute?,spe_why_alute
in what ways alute is better,spe_why_alute
in way what is alute helpful,spe_why_alute
are what advantage I that will get using after alute?,spe_why_alute
how alute can profile helpful be?,spe_why_alute
how can alute help my profile career?,spe_why_alute
useful how is alute?,spe_why_alute
Good how is alute,spe_why_alute
will how alute help me,spe_why_alute
alute will help build me my profile,spe_why_alute
Are what the of perks using alute,spe_why_alute
is using alute beneficial me for,spe_why_alute
will alute help my in? resume,spe_why_alute
how is alute going help to me build my career,spe_why_alute
how better your is website?,spe_why_alute
how to create account an here,spe_alute_acc_free
It is free,spe_alute_acc_free
making an does account on alute cost anything,spe_alute_acc_free
I can use alute for free,spe_alute_acc_free
can i create account free for,spe_alute_acc_free
can i use for alute free,spe_alute_acc_free
do I have pay to to alute use?,spe_alute_acc_free
is alute free cost?,spe_alute_acc_free
alute is free of cost?,spe_alute_acc_free
is alute? chargable,spe_alute_acc_free
is what to charge use alute?,spe_alute_acc_free
alute is free for everyone?,spe_alute_acc_free
is alute available to everyone for free?,spe_alute_acc_free
will it me cost to anything use alute?,spe_alute_acc_free
do have to I pay a membership charge?,spe_alute_acc_free
To what do after account creating on alute,spe_alute_acc_free
is my data here secrure,spe_data_secure
is data my safe,spe_data_secure
this is website authorized,spe_data_secure
is website this trustworthy,spe_data_secure
is data my safe?,spe_data_secure
is data my encrypted?,spe_data_secure
will be there any security? issue,spe_data_secure
I should worry about security? breaches,spe_data_secure
how is secure alute?,spe_data_secure
how is secure website?,spe_data_secure
safe how is it to alute use?,spe_data_secure
I can blindly trust alute?,spe_data_secure
should about be worried security of my data?,spe_data_secure
Anyone can access else my data?,spe_data_secure
You can me assure my data is safe?,spe_data_secure
can i to talk the admins,spe_admin_purpose
what the do admins of do alute,spe_admin_purpose
all is the power regarding projects with on alute the admins,spe_admin_purpose
what the job is of admin?,spe_admin_purpose
what work all does the do admin?,spe_admin_purpose
what all powers does the admin have?,spe_admin_purpose
who admins controls?,spe_admin_purpose
what is the role of admins on alute?,spe_admin_purpose
is what purpose the of admins?,spe_admin_purpose
what the is work of? admins,spe_admin_purpose
is what purpose the of having admins?,spe_admin_purpose
Details work of admins,spe_admin_purpose
Are why admins important?,spe_admin_purpose
what work admin has got to? do,spe_admin_purpose
divides what this platform,spe_what_alute_is
Shall what alute,spe_what_alute_is
can u me write about something you,spe_what_alute_is
who alute is?,spe_what_alute_is
give of details alute,spe_what_alute_is
what did the covering website?,spe_what_alute_is
something tell yer alute,spe_what_alute_is
alone? what it is,spe_what_alute_is
b exactly alute is,spe_what_alute_is
what this does mean?,spe_what_alute_is
what thee alute?,spe_what_alute_is
is what our literal of meaning alute?,spe_what_alute_is
is thou your mighty alute?,spe_what_alute_is
would someone tell me what is alute?,spe_what_alute_is
Donat I thy it is alute,spe_what_alute_is
me introduce pour alute,spe_what_alute_is
hence is what alute,spe_what_alute_is
things do to,spe_alute_purpose
alute cafe works,spe_alute_purpose
what stuff all does normally have,spe_alute_purpose
plans use to this platform,spe_alute_purpose
can already know alute what possess,spe_alute_purpose
women what do,spe_alute_purpose
Is what creature the called alute?,spe_alute_purpose
so alute does do?,spe_alute_purpose
else what does?,spe_alute_purpose
now does alute? does,spe_alute_purpose
what moses does do?,spe_alute_purpose
What is that main role with alute?,spe_alute_purpose
the how is role for alute?,spe_alute_purpose
Does what alute do?,spe_alute_purpose
is what thou cult alute of?,spe_alute_purpose
what alute is saying?,spe_alute_purpose
what she of left alute?,spe_alute_purpose
me tell the prophecy via alute,spe_alute_purpose
what did i do on sunday?,spe_alute_purpose
Everything tell me i can get for alute,spe_alute_purpose
is our what secret of alute?,spe_alute_purpose
what activity can do i holiday on?,spe_alute_purpose
Origin glacial,spe_alute_since_when
extremely long running alute,spe_alute_since_when
since when is this existing sum,spe_alute_since_when
year in succession came alute existence on,spe_alute_since_when
how rain has alute around hung,spe_alute_since_when
Sing who alute,spe_alute_since_when
after long have been using you mine?,spe_alute_since_when
since is when today always work?,spe_alute_since_when
how old thou is,spe_alute_since_when
when since was willie hanged?,spe_alute_since_when
how alute many been hasn around?,spe_alute_since_when
near how hadn alute been around?,spe_alute_since_when
when when somebody has been? around,spe_alute_since_when
so when was stolen alute?,spe_alute_since_when
from has when alute slain thy?,spe_alute_since_when
since long where was alute existance from?,spe_alute_since_when
alute ¥ à ¤,spe_alute_since_when
tell me old thy is thy,spe_alute_since_when
when since is alute versa,spe_alute_since_when
how long you since born were?,spe_alute_since_when
when will alute existance come up?,spe_alute_since_when
what domains alute in,spe_alute_domains
can spare u the me stars can alute support,spe_alute_domains
different ï¼ domains ,spe_alute_domains
Attributes which are supported here?,spe_alute_domains
seize or thy me abt domains the alute that support,spe_alute_domains
Domains functional,spe_alute_domains
are what additional domains which normally? supports,spe_alute_domains
whose object does alute? support,spe_alute_domains
which domains domain does support already?,spe_alute_domains
what the are domains best whose support,spe_alute_domains
what the are domains diamond which manufactures?,spe_alute_domains
Which all probability does alute exist?,spe_alute_domains
the defining domains which supports norton?,spe_alute_domains
among domains the alute which frequented?,spe_alute_domains
some variables consider which alute supports?,spe_alute_domains
which all can creatures i rest believe in alute on,spe_alute_domains
is no there domain constraint?,spe_alute_domains
am there domain a limit?,spe_alute_domains
will support all alute tech classes?,spe_alute_domains
list species,spe_alute_domains
tell me which all domains do alute â ¦ ,spe_alute_domains
what credits soundtrack,spe_alute_credits
credits,spe_alute_credits
what is meaning the in credits,spe_alute_credits
silver scoring credits in alute?,spe_alute_credits
tell about stories credits,spe_alute_credits
what do ya mean credits by,spe_alute_credits
Are why credits to alute?,spe_alute_credits
are what the credits saying?,spe_alute_credits
what happens credits alute in,spe_alute_credits
what could credit in here stand?,spe_alute_credits
Are after credits this in series?,spe_alute_credits
recent what credits current in situation?,spe_alute_credits
what credits individual here?,spe_alute_credits
what does happiness represent? here,spe_alute_credits
what god does stands for?,spe_alute_credits
brings what alute credits?,spe_alute_credits
tell me my about credits,spe_alute_credits
50 credits insurance in alute?,spe_alute_credits
credits credits are?,spe_alute_credits
The can credits be used desktop outside platform,spe_alute_credits
is when credits feature?,spe_alute_credits
can what alutoze,spe_alutoze_what
alutoze what,spe_alutoze_what
to how do for alutoze?,spe_alutoze_what
tell me again poetry about,spe_alutoze_what
what dangers conditions are here?,spe_alutoze_what
do what alutoze?,spe_alutoze_what
Will what alutoze?,spe_alutoze_what
like are exactly equations?,spe_alutoze_what
what does alutoze themselves represent?,spe_alutoze_what
what do take alutoze here?,spe_alutoze_what
what did alutoze mean? again,spe_alutoze_what
what makes else alutoze here?,spe_alutoze_what
do what thoughts mean this by?,spe_alutoze_what
tell word alutoze about,spe_alutoze_what
details give about statistics,spe_alutoze_what
Books more about alutoz,spe_alutoze_what
are alutoze for substitutes this condition,spe_alutoze_what
To what wrestle with us,spe_alutoze_what
gives income benefit the of earning alutoze,spe_alutoze_what
will alutoze help launch task my,spe_alutoze_what
alutoze à ¤ ¥,spe_alutoze_what
how immigrants can earn savings,spe_alutoze_get_how
Do how you go alutoze,spe_alutoze_get_how
To how master alutoze,spe_alutoze_get_how
may ye know when shall we get alutoze,spe_alutoze_get_how
Busy get,spe_alutoze_get_how
how fast before i? reached alutoz,spe_alutoze_get_how
can wham i stand hungry?,spe_alutoze_get_how
all after hearing say i ask alutoze?,spe_alutoze_get_how
« â will we an get alutoz?,spe_alutoze_get_how
where i would an get alutoz?,spe_alutoze_get_how
till i do get rich?,spe_alutoze_get_how
when will ya renew my alutoz?,spe_alutoze_get_how
when he get will an eye?,spe_alutoze_get_how
when might get i excited?,spe_alutoze_get_how
then will i feel ready to get an? interview,spe_alutoze_get_how
to how get anywhere,spe_alutoze_get_how
early way i get alutoze,spe_alutoze_get_how
shall when i tell alutoze,spe_alutoze_get_how
how i could earn credits,spe_credits_get_how
how do get cars credits,spe_credits_get_how
how to apply credits for,spe_credits_get_how
when we do get credits?,spe_credits_get_how
credits development,spe_credits_get_how
Soon where will get i credits?,spe_credits_get_how
do when i think credits,spe_credits_get_how
when could get i credits?,spe_credits_get_how
how did get i credits?,spe_credits_get_how
did when i get credit extra?,spe_credits_get_how
Exactly when i should mention credits?,spe_credits_get_how
Do when we get credits?,spe_credits_get_how
when will get he credit?,spe_credits_get_how
when thou would supposed to credits get?,spe_credits_get_how
when i does getting finish credits?,spe_credits_get_how
Will how we get credits?,spe_credits_get_how
Love I credits,spe_credits_get_how
legally who approve project,spe_proj_req_appr
who might my approve project request,spe_proj_req_appr
by 2020 will my project request have approved?,spe_proj_req_appr
who must approve project the request,spe_proj_req_appr
my manager project,spe_proj_req_appr
which is approve going to that project request?,spe_proj_req_appr
is who approve who my request?,spe_proj_req_appr
who approve will the request,spe_proj_req_appr
i got pending request who confirm can it?,spe_proj_req_appr
is who going onto approve my project? request,spe_proj_req_appr
Will who spend approving a request project?,spe_proj_req_appr
is who going to the finish project then?,spe_proj_req_appr
will how be the supervising project request?,spe_proj_req_appr
who will continue the running? project,spe_proj_req_appr
who will actively such approving project? requests,spe_proj_req_appr
which authority accept to request our?,spe_proj_req_appr
Have when my project request accepted not?,spe_proj_req_appr
how get to your request approved,spe_proj_req_appr
my approve project â  ,spe_proj_req_appr
who is admin website coaching,spe_admin_who
are who admins coaches,spe_admin_who
are admins the numbers,spe_admin_who
who truly are here admins,spe_admin_who
colonel may alute you who know those are admins?,spe_admin_who
admin all who,spe_admin_who
what runs of admins alute?,spe_admin_who
who the coached admins?,spe_admin_who
who are the waters alute who,spe_admin_who
who are other? admins,spe_admin_who
Admins who are in cadet section?,spe_admin_who
guys are here admins?,spe_admin_who
who be will female assassin?,spe_admin_who
Operators are admins in whichever case?,spe_admin_who
Does who are admins?,spe_admin_who
has who available access?,spe_admin_who
wonder has returned admin?,spe_admin_who
previously admin delivered for alute,spe_admin_who
who are do admins?,spe_admin_who
details admins by,spe_admin_who
tell joe me admins,spe_admin_who
how america projects post,spe_proj_own
My making projects,spe_proj_own
can make i new shoes,spe_proj_own
can add i with these my own,spe_proj_own
how to post her project own,spe_proj_own
am yet i to write of something own my?,spe_proj_own
did incorporate i own my words?,spe_proj_own
do i have regarding plans projects launch my of own?,spe_proj_own
am i run free to projects within own my?,spe_proj_own
I can design my core? projects,spe_proj_own
am allowed that you add own projects my manually?,spe_proj_own
if i have bigger can projects i tell her?,spe_proj_own
am supposed i to add any project research?,spe_proj_own
and i add any us of own? projects,spe_proj_own
I whether allowed be to deliver own my notes?,spe_proj_own
how i can add salt?,spe_proj_own
pitched projects?,spe_proj_limit
difficult how project i can work at a house,spe_proj_limit
How many people can anyone fill a part of at one? time,spe_proj_limit
how many patents can actually at apply for rate a,spe_proj_limit
how projects many governments can apply against?,spe_proj_limit
how i can apply for awards,spe_proj_limit
Means sufficient of maximum of capacity completing the project at a? time,spe_proj_limit
So many projects would i stand for at a? time,spe_proj_limit
is there limit no to expensive how i projects can pay for?,spe_proj_limit
' our what s maximum strength start adding projects at some time?,spe_proj_limit
how projects many am continually allowed apply i within a? time,spe_proj_limit
imagine many can projects i see this at? time,spe_proj_limit
' what s the maximum strength projects of which may power increase by a time?,spe_proj_limit
Is what number the of times children that am allowed to apply periodically at a salary?,spe_proj_limit
' what s the number to projects i wanna be allowed to apply through a startup?,spe_proj_limit
github karl becomes nescessary,spe_git_why
Need I github why?,spe_git_why
i really want github id. needed is? seth,spe_git_why
is why it be necessary,spe_git_why
what keeps id github,spe_git_why
why is github exactly password created?,spe_git_why
finding this necessary id why??,spe_git_why
when finding is id necessary?,spe_git_why
why is github block id file,spe_git_why
why is github worldwide? registered,spe_git_why
Why did github id a null?,spe_git_why
Will why we need his id,spe_git_why
believes who need they github id?,spe_git_why
 will â ¢ charlotte be needing caller id?,spe_git_why
will one whom be wearing github id?,spe_git_why
Did why i want github id,spe_git_why
should now i use any id github?,spe_git_why
Do hell you need github? patches,spe_git_why
how i can earn credits,spe_credits_use_how
Omitted credits,spe_credits_use_how
what you do with the credits i hate,spe_credits_use_how
can what anyone use credits for,spe_credits_use_how
difference between and ratings credits,spe_credits_use_how
what do i him for use?,spe_credits_use_how
can the when credits get used?,spe_credits_use_how
Else what makes credits be used for?,spe_credits_use_how
is who use that of credit?,spe_credits_use_how
 â ¢ is use the of payments credit?,spe_credits_use_how
do what use they credit for?,spe_credits_use_how
what can i for tie it?,spe_credits_use_how
credits be can over used special purposes?,spe_credits_use_how
why i should taking be credit?,spe_credits_use_how
wrong to credits use?,spe_credits_use_how
do what time i use credits for?,spe_credits_use_how
to going spend credits?,spe_credits_use_how
Is overhead the of cost getting credits,spe_credits_use_how
tell me to what use credits,spe_credits_use_how
who gets credits i after decide something it likes,spe_credits_actual_resp
happend what them credits if i them meet,spe_credits_actual_resp
who work before may i spend my credits,spe_credits_actual_resp
how gets planted trees?,spe_credits_actual_resp
where will my credits if stand we something buy,spe_credits_actual_resp
who is responsible for planting donates amount after contractors obtain credits construction with?,spe_credits_actual_resp
why could i amount after spend for credit someone same?,spe_credits_actual_resp
who shall plant trees the make then donation?,spe_credits_actual_resp
reward the plants same amount after people spend credit for same?,spe_credits_actual_resp
who swap trees amount after ever spend credit same cards?,spe_credits_actual_resp
donate exactly trees plants / amount donates after others lose credits fulfilling the desired? reason,spe_credits_actual_resp
who kisses her u right after my spend credits?,spe_credits_actual_resp
Will why be planting after trees amount just have my credits depleted?,spe_credits_actual_resp
Who could be saving amount trees after i spend it?,spe_credits_actual_resp
anybody actual makes donations?,spe_credits_actual_resp
who shoots trees credits that like i spend?,spe_credits_actual_resp
my how degree get credits higher?,spe_credits_actual_resp
would how i get you of out credits spent being,spe_alutoz_aft_credits
alutoze box credits,spe_alutoz_aft_credits
Income is by earned double credits?,spe_alutoz_aft_credits
I will get alutoze if someone 7 collect credits,spe_alutoz_aft_credits
Bought I something out. .. credits i will away walk,spe_alutoz_aft_credits
Will students get disqualified if ill spend credit?,spe_alutoz_aft_credits
will take i alluteezs whilst i credits break?,spe_alutoz_aft_credits
I will grow if pregnant i double credits?,spe_alutoz_aft_credits
they will feel to able see alutoz i if got credits?,spe_alutoz_aft_credits
cannot i even be able get home children if spend credits?,spe_alutoz_aft_credits
will get i worried when i credits lose?,spe_alutoz_aft_credits
David will get alutoze if wed credits buy?,spe_alutoz_aft_credits
I once spend my credits still get still pay,spe_alutoz_aft_credits
will people be getting alutoze if people credits forget?,spe_alutoz_aft_credits
I survive rather getting cheaper if i spend? credit,spe_alutoz_aft_credits
there is relation a on primary spending and? inflation,spe_alutoz_aft_credits
how can get pregnant parents after time spending?,spe_alutoz_aft_credits
why could use i alute,spe_why_alute
what is the of my nature alute?,spe_why_alute
What is the advantage for using knives?,spe_why_alute
how could alute us help?,spe_why_alute
try why?,spe_why_alute
caller why id use alute platform,spe_why_alute
Are why the benefits of alute reducing?,spe_why_alute
do why alute good?,spe_why_alute
seemed why alute helpful?,spe_why_alute
whom alute is helpful?,spe_why_alute
in other ways is soup alute,spe_why_alute
in thee way tis helpful alute,spe_why_alute
Are what choices that then inherit i after using alute?,spe_why_alute
how can profile be dna preserved?,spe_why_alute
can do profile alute in my career?,spe_why_alute
most useful alute is?,spe_why_alute
how i good alute,spe_why_alute
how could alute me help,spe_why_alute
alute never will get build my profile,spe_why_alute
what seven are perks using for alute,spe_why_alute
about something using beneficial for me,spe_why_alute
will alute help aid cause? my,spe_why_alute
how is alute going gonna me build start ego my,spe_why_alute
Better how is your speech?,spe_why_alute
continue to create an here account,spe_alute_acc_free
ride free it,spe_alute_acc_free
does provide account an on alute anything about,spe_alute_acc_free
be can use alute mineral free,spe_alute_acc_free
can you i account for free,spe_alute_acc_free
also you use alute for free,spe_alute_acc_free
do parents no have pay to alute tell?,spe_alute_acc_free
alute is forever free?,spe_alute_acc_free
come alute free trouble of?,spe_alute_acc_free
ivy is poisoned?,spe_alute_acc_free
nor charge is to money use?,spe_alute_acc_free
give alute free on? everyone,spe_alute_acc_free
is alute to ready for everyone guidance?,spe_alute_acc_free
She will cost me to money use back?,spe_alute_acc_free
I do agree assume to a membership charge?,spe_alute_acc_free
what do to making after account taking alute,spe_alute_acc_free
is my que à data ¥ ¤,spe_data_secure
is data my bank,spe_data_secure
This is website read,spe_data_secure
update website this trustworthy,spe_data_secure
is zero safe data?,spe_data_secure
is my stored ring?,spe_data_secure
you will any have security issue?,spe_data_secure
should worry you about security? considerations,spe_data_secure
how secure everything is?,spe_data_secure
who secure website is?,spe_data_secure
how safe can is use you alute?,spe_data_secure
You can blindly trust god?,spe_data_secure
be should about worried relatives of my family?,spe_data_secure
anybody can else access data your?,spe_data_secure
can you me assure dogs my are safe?,spe_data_secure
might i talk to admins beth,spe_admin_purpose
do what admins with of alute pay,spe_admin_purpose
All transferring the power regarding projects on liaison with the firm,spe_admin_purpose
.. is. job our of admin?,spe_admin_purpose
what pure evil does do the admin?,spe_admin_purpose
Useful how powers does admin the have?,spe_admin_purpose
Controls who dragons?,spe_admin_purpose
what is that significance of mutations on alute?,spe_admin_purpose
Is what the charge admins for?,spe_admin_purpose
how the is work admins for?,spe_admin_purpose
Is so a of purpose having admins?,spe_admin_purpose
details work gallery admins,spe_admin_purpose
why become important admins?,spe_admin_purpose
what has fuss admin got do you?,spe_admin_purpose
what ask is this platform,spe_what_alute_is
what shall alute is,spe_what_alute_is
can me u me tell something sweet about alute,spe_what_alute_is
what your is alute?,spe_what_alute_is
alute sol,spe_what_alute_is
is what why the du website alute?,spe_what_alute_is
anyone tell something about alute,spe_what_alute_is
alute? what is rhyme it,spe_what_alute_is
what is exactly dat alute,spe_what_alute_is
what does colour alute mean?,spe_what_alute_is
what else means alute?,spe_what_alute_is
What or is the then detailed meaning alute of?,spe_what_alute_is
what is exactly in your platform alute?,spe_what_alute_is
can you kindly what tell me thy is alute?,spe_what_alute_is
oh donat i shall know what is alute,spe_what_alute_is
introduce ill me to alute,spe_what_alute_is
What explain he is alute,spe_what_alute_is
to what rather do,spe_alute_purpose
how describe alute works,spe_alute_purpose
what all four of does functionalities alute have,spe_alute_purpose
how to supposed use this platform,spe_alute_purpose
can hear we what know alute thou does,spe_alute_purpose
I what alute do,spe_alute_purpose
so what causal is the function of alute?,spe_alute_purpose
and what does do alute?,spe_alute_purpose
this what alute does?,spe_alute_purpose
what duty does alute? does,spe_alute_purpose
what exactly does alute? do,spe_alute_purpose
Â « what is the main of role alt alute?,spe_alute_purpose
or what is role the of characteristic alute?,spe_alute_purpose
what do tricks alute do?,spe_alute_purpose
else assume what is the function of alute?,spe_alute_purpose
why is what alute for?,spe_alute_purpose
what is dimension proper of function alute?,spe_alute_purpose
tell me the off characteristic function of alute,spe_alute_purpose
what can i do on still planet alute?,spe_alute_purpose
tell and me i everything do can on miss alute,spe_alute_purpose
what is deepest purpose the accomplished of alute?,spe_alute_purpose
what though all i can do on depends alute?,spe_alute_purpose
alute main origin,spe_alute_since_when
how imagine long alute running,spe_alute_since_when
defined since when is existing this platform,spe_alute_since_when
1900 year which in alute came into full existence,spe_alute_since_when
long how ever has every alute around been,spe_alute_since_when
made who ye alute,spe_alute_since_when
so how hours long have you using been alute?,spe_alute_since_when
since princess tomorrow when alute is in work?,spe_alute_since_when
how beauty old is alute,spe_alute_since_when
when long since was alute coming around?,spe_alute_since_when
asks how long has alute strung been around?,spe_alute_since_when
The how long alute has been everyone around?,spe_alute_since_when
when since has here alute been hanging around?,spe_alute_since_when
years since when daddy was around alute?,spe_alute_since_when
When now from night has alute been around?,spe_alute_since_when
what since how is long water alute in this? existance,spe_alute_since_when
Â · history alute,spe_alute_since_when
tell well how me great old is alute,spe_alute_since_when
since 1963 when is active alute,spe_alute_since_when
how knows for long since alute was? born,spe_alute_since_when
Did when alute tree come in down existance?,spe_alute_since_when
domains operational,spe_alute_domains
can tell me u. .. the domains verb tree that alute support,spe_alute_domains
geographic different domains support,spe_alute_domains
which addresses are domains supported here?,spe_alute_domains
anybody can quote u tell which me abt the domains that alute support,spe_alute_domains
optimization projects domains,spe_alute_domains
what the are domains spectral alute which formally supports?,spe_alute_domains
Which specify domains does filter alute support?,spe_alute_domains
which object covers domains all does alute support?,spe_alute_domains
Are what then the interaction which domains alute support,spe_alute_domains
what and are domains the which alute they? support,spe_alute_domains
Which for all does domains alute unix support?,spe_alute_domains
list the contains domains which publicly alute supports?,spe_alute_domains
the mention also domains but which alute support?,spe_alute_domains
pick over some domains which alute domain supports?,spe_alute_domains
which temporal all i domains can i make freely in project on alute,spe_alute_domains
is a there domain virtual constraint?,spe_alute_domains
is there a limit domain separation?,spe_alute_domains
Does and alute across support all tech domains?,spe_alute_domains
domain list rich,spe_alute_domains
me tell represents which domains all does only alute support,spe_alute_domains
what see are credits,spe_alute_credits
credits,spe_alute_credits
is what the meaning precise of credits,spe_alute_credits
Kind what are credits qui in alute?,spe_alute_credits
Tell tell me about credits,spe_alute_credits
do what we mean you by credits,spe_alute_credits
are what credits in say sum alute?,spe_alute_credits
What again are the here credits?,spe_alute_credits
what are credits in page alute,spe_alute_credits
what price does its stand credit for? here,spe_alute_credits
What note are in credits this business case?,spe_alute_credits
are what credits involved in this determining situation?,spe_alute_credits
Else what are credits here?,spe_alute_credits
what does represent credit here money?,spe_alute_credits
Does what inflation stands credit for?,spe_alute_credits
are what its alute credits?,spe_alute_credits
love tell me about alute credits,spe_alute_credits
what exactly see are credits in alute?,spe_alute_credits
value what are credits?,spe_alute_credits
not can alute be credits used on outside platform this,spe_alute_credits
and is what credits feature?,spe_alute_credits
thou what is alutoze,spe_alutoze_what
alutoze manuel,spe_alutoze_what
what got and to do with alutoze?,spe_alutoze_what
tell something me special about alutoz ricardo,spe_alutoze_what
happened what exactly why are alute? here,spe_alutoze_what
what are shapes alutoze?,spe_alutoze_what
hmm are what alutoze?,spe_alutoze_what
what so you exactly alutoze are?,spe_alutoze_what
Do what spirit you alutoze represent here?,spe_alutoze_what
Colour what does alutoze normally symbolise? here,spe_alutoze_what
what condition dr does alutoze mean? here,spe_alutoze_what
about what are exactly they alutoze here?,spe_alutoze_what
explain what do mean by you quoting alutoze?,spe_alutoze_what
tell me maria about alutoze,spe_alutoze_what
give about details ahmed alutoze,spe_alutoze_what
Further more info about alutoz,spe_alutoze_what
alutoze are applications only for portable this platform,spe_alutoze_what
what to then do with next alutoze,spe_alutoze_what
what needs is greatest the benefit of alutoze earning,spe_alutoze_what
so will alutoze in help settling resume my,spe_alutoze_what
alutoze maria details,spe_alutoze_what
Can how i dare earn so alutoze,spe_alutoze_get_how
how better i do get alutoze this,spe_alutoze_get_how
how fortunate earn to alutoze,spe_alutoze_get_how
may 21 i know do when happen i should get alutoze,spe_alutoze_get_how
ya alutoz get,spe_alutoze_get_how
how long long before should get i? alutoz,spe_alutoze_get_how
Can wham i get really these alutozes?,spe_alutoze_get_how
noon after what tomorrow all can get i up alutoze?,spe_alutoze_get_how
when when will i get myself an alutoz?,spe_alutoze_get_how
when soon do i into get alutoz an?,spe_alutoze_get_how
do when i yer get yer alutoz?,spe_alutoze_get_how
when will when go i get my alutoz?,spe_alutoze_get_how
Will when i get all an alutoz ounce?,spe_alutoze_get_how
do when i shall get miss alutoz?,spe_alutoze_get_how
when i will always be ready enough to get an say alutoz?,spe_alutoze_get_how
how discover to get alutoze,spe_alutoze_get_how
.. how. can get i yours alutoze,spe_alutoze_get_how
or when ever will i get alutoze,spe_alutoze_get_how
how can big i earn credits,spe_credits_get_how
do how i can get credits,spe_credits_get_how
how great to work credits for,spe_credits_get_how
do when next i get credits?,spe_credits_get_how
courses credits earn,spe_credits_get_how
Exactly when as will shall i get credits?,spe_credits_get_how
now when do i get credits,spe_credits_get_how
Exactly when do get i credits?,spe_credits_get_how
how always can i get credits?,spe_credits_get_how
when time will i my really get credit?,spe_credits_get_how
when which do exactly i eventually get credits?,spe_credits_get_how
when ok do get i credits?,spe_credits_get_how
perhaps will when get i credit?,spe_credits_get_how
then am when i i to supposed get credits?,spe_credits_get_how
when will i finally finally getting be credits?,spe_credits_get_how
how will much get i credits?,spe_credits_get_how
sometimes need i credits,spe_credits_get_how
· â who will approve project,spe_proj_req_appr
who approve will in my request project,spe_proj_req_appr
 â by  whom will my request project be openly approved?,spe_proj_req_appr
who will approve the project request full,spe_proj_req_appr
my project apporval thou,spe_proj_req_appr
asked who going is on to the approve request project?,spe_proj_req_appr
who is to approve going project relocation request?,spe_proj_req_appr
who will project approve extension request,spe_proj_req_appr
do already i got request pending who approve will? it,spe_proj_req_appr
who states going is to the approve project project request?,spe_proj_req_appr
who will i approving be of the project request?,spe_proj_req_appr
Who anyone is going to approve personally the project request?,spe_proj_req_appr
who will anyone be announcing approving the project request?,spe_proj_req_appr
â   who will currently be the approving project?,spe_proj_req_appr
who himself will be the approving new project requests?,spe_proj_req_appr
decide which authority will accept system project request?,spe_proj_req_appr
when will latest my request be project properly accepted?,spe_proj_req_appr
how to knows get project request approved,spe_proj_req_appr
approve my existing request project,spe_proj_req_appr
who is president admin of website,spe_admin_who
who are admins here assistants,spe_admin_who
are these the admins trustworthy,spe_admin_who
all who are their admins here,spe_admin_who
hello monsieur alute may i know really are driving who the admins?,spe_admin_who
admin interim,spe_admin_who
Admins who are cardinals of perpetual alute?,spe_admin_who
says who are the admins?,spe_admin_who
graduates who the are admins highest in alute,spe_admin_who
who are the admins ticket?,spe_admin_who
who do are in admins this crime? case,spe_admin_who
who your are admins here?,spe_admin_who
Will who be called responsible the admins?,spe_admin_who
who screaming are admins in this bizarre? case,spe_admin_who
who really exactly are? admins,spe_admin_who
who has improved admin? access,spe_admin_who
has who anybody admin said priviledge?,spe_admin_who
who is also named admin alute for,spe_admin_who
All who are thee admins?,spe_admin_who
Of details bank admins,spe_admin_who
Behind tell me about admins,spe_admin_who
how to post post projects,spe_proj_own
editing post my projects,spe_proj_own
can i me make new projects,spe_proj_own
I can add projects finance of my personal own,spe_proj_own
how hard to post my own project,spe_proj_own
I am always supposed to someday projects add quality of my own?,spe_proj_own
I can incorporate soon onto my own projects?,spe_proj_own
how do i have provisional permission to of add projects my own entire?,spe_proj_own
glad am i allowed him to add of projects freely my own?,spe_proj_own
why can simply i add own my projects?,spe_proj_own
I am now fully allowed to add my up own projects here?,spe_proj_own
if i go have a projects you never can i add it?,spe_proj_own
or am i supposed add actually to my own project?,spe_proj_own
can i add any idea my of own core projects?,spe_proj_own
I will eventually be allowed to add my to very projects own?,spe_proj_own
can how i should add projects?,spe_proj_own
pay projects? limit,spe_proj_limit
how many project can managers you work i at time a,spe_proj_limit
how projects many i can always be still a part of most at one time?,spe_proj_limit
how how work many projects can i apply for at what time a,spe_proj_limit
many upcoming how tomorrow projects can i apply for?,spe_proj_limit
how can i apply here for projects,spe_proj_limit
what price the is maximum capacity required of taxpayers submitting project the at sufficient a time?,spe_proj_limit
how projects many exactly i can apply legally for at a particular time?,spe_proj_limit
is maybe a there limit how many to projects today i can potentially apply for?,spe_proj_limit
what ' s t the maximum strength software of adding projects at a time specific?,spe_proj_limit
how many projects am sure i to allowed take at apply a time right?,spe_proj_limit
how recent many projects â ¦  can i apply at a proper? time,spe_proj_limit
what ' s actual the maximum strength scale projects of which i hope can submit at a about time?,spe_proj_limit
.. . is what the number of architectural projects which suit i am allowed in to for apply a at reasonable time?,spe_proj_limit
what ' â   s the of number projects i propose will inevitably be most able today to apply at a time?,spe_proj_limit
why uncle github here nescessary is,spe_git_why
github mobile need,spe_git_why
i dont almost have github id who is. it. .. needed?,spe_git_why
therefore is why github id necessary so,spe_git_why
what is big id github,spe_git_why
why else is exactly github id file necessary?,spe_git_why
is its github id so necessary? why?,spe_git_why
.. . why github is this id? necessary,spe_git_why
Is why github so id a necessity mental,spe_git_why
why implementing is id github software necessary?,spe_git_why
why now is github id become a necessity?,spe_git_why
why exactly do we a need github id,spe_git_why
.. . who do we github need photo id?,spe_git_why
and why will why al i be needing github id?,spe_git_why
am why will i be ever needing without github id?,spe_git_why
do why need i for github user id,spe_git_why
Why asking should though provide i only my github id?,spe_git_why
anything why do you need your github id?,spe_git_why
how can can use i credits,spe_credits_use_how
credits use to,spe_credits_use_how
To what that do doing with the credits get i,spe_credits_use_how
what i can buy use for credits,spe_credits_use_how
difference between borrowed money credits and,spe_credits_use_how
â  ¢ what can i that use credit for?,spe_credits_use_how
Can where should the be credits now used?,spe_credits_use_how
All what credits can still be used properly for?,spe_credits_use_how
so is what the total use credit of?,spe_credits_use_how
effect what is of the use paper credit exactly?,spe_credits_use_how
Can what should properly i use credit for?,spe_credits_use_how
Can what do use i credit cards for?,spe_credits_use_how
credits can be sometimes for discussing used what purposes?,spe_credits_use_how
reasons why will i be credit done using?,spe_credits_use_how
know how use to credits?,spe_credits_use_how
â ¢  what all can purpose i use credits for?,spe_credits_use_how
how properly to spend credits?,spe_credits_use_how
what the is use practical of business getting credits,spe_credits_use_how
â  ¢ tell me how to use credits,spe_credits_use_how
gets credits who after saying i buy us something it from,spe_credits_actual_resp
what happend to credits if i spent wonders imagining them,spe_credits_actual_resp
always who will work when till spend i credits my,spe_credits_actual_resp
who trees gets ever planted?,spe_credits_actual_resp
god where will my credits go through if i buy something,spe_credits_actual_resp
who is responsible for planting helping donates which annually amount after which spend i credits for same?,spe_credits_actual_resp
who amount donates the after i accidentally spend credit loss for same the?,spe_credits_actual_resp
Will who plant the tea trees or make donation even?,spe_credits_actual_resp
who usually plants donates the extra after amount i did credit spend for same?,spe_credits_actual_resp
plants who ever trees amount cause after i spend any credit for same?,spe_credits_actual_resp
Nearly who exactly plants trees these / donates amount correctly after did i who spend credits for the reason same?,spe_credits_actual_resp
who so plants her trees amount u after u spend my credits?,spe_credits_actual_resp
guess who will be planting amount trees ever i after already have my spent credits?,spe_credits_actual_resp
who will i be starting trees planting what amount after credit i spend?,spe_credits_actual_resp
makes who all actual donations?,spe_credits_actual_resp
who trees plants loads of alone credits i that spend?,spe_credits_actual_resp
how my daily spent get credits used rarely?,spe_credits_actual_resp
how will quickly i actually an get alutoz of out credits i spent,spe_alutoz_aft_credits
alutoze on credits relationship,spe_alutoz_aft_credits
what is alutoze often by earned credits spending?,spe_alutoz_aft_credits
I get will myself alutoze most if i spend over my credits,spe_alutoz_aft_credits
someday i bought something of out credits prove will i get still alutoz,spe_alutoz_aft_credits
I will ever an get if alutoz i spend your credit?,spe_alutoz_aft_credits
will suddenly alluteezs i get lunch if i did spend credits?,spe_alutoz_aft_credits
will i will get alutoze me if tablets i spend credits?,spe_alutoz_aft_credits
will overall i be be able get again to alutoz coffee if spend i credits?,spe_alutoz_aft_credits
thus be will i now able to easily get alutoze safe if i spend credits?,spe_alutoz_aft_credits
will get i the alutoze if it only i credits spend?,spe_alutoz_aft_credits
will or i really get if alutoze i shall credits spend?,spe_alutoz_aft_credits
once spend i more my credits will earning i get aluteezs luis,spe_alutoz_aft_credits
will i getting be into alutoze if will i still spend credits?,spe_alutoz_aft_credits
will be i lucky fried getting alutoze i if accidentally spend credit?,spe_alutoz_aft_credits
whether is there yet observed a relation between credit and spending alutoze?,spe_alutoz_aft_credits
can how could i possibly get alutoze pills after credit spending?,spe_alutoz_aft_credits
 â why ¦ should i use alute,spe_why_alute
is what the benefit mark of research using alute?,spe_why_alute
is what optical the advantage of hydrogen using alute?,spe_why_alute
so how will alute fast help me?,spe_why_alute
It why alute?,spe_why_alute
â  ¢ should i why use alute this platform,spe_why_alute
are what exactly the of benefits using naturally alute?,spe_why_alute
then why alute is good?,spe_why_alute
Why but is alute helpful?,spe_why_alute
how and is alute helpful?,spe_why_alute
in what anyone is ways alute deserve better,spe_why_alute
in a what way is this alute helpful,spe_why_alute
upon what are opportunity advantage that i perhaps will get using after alute?,spe_why_alute
how can our disk alute profile helpful be?,spe_why_alute
how can closely alute statistics help profile my career?,spe_why_alute
how intensely is useful alute?,spe_why_alute
Â · how is good alute,spe_why_alute
how will any alute me help,spe_why_alute
thee will alute help me guide build profile my,spe_why_alute
Are what basically the perks of advantages using alute,spe_why_alute
is using alute in beneficial compounds for me,spe_why_alute
will how alute help my in construction resume?,spe_why_alute
Â · how is alute alone going ever to help build me career my,spe_why_alute
how better equipped your website is?,spe_why_alute
how to an create account here description,spe_alute_acc_free
Is so it free,spe_alute_acc_free
Not does an making account contingent on alute cost anything,spe_alute_acc_free
thus can use i sodium alute free for,spe_alute_acc_free
can i create account updates for free,spe_alute_acc_free
Can I use alute salts for lime free,spe_alute_acc_free
do i have literally never to pay right use to alute?,spe_alute_acc_free
is alute eaten free cost?,spe_alute_acc_free
Is or alute worthy free of cost?,spe_alute_acc_free
what te is alute chargable?,spe_alute_acc_free
so is what charge to use ever alute?,spe_alute_acc_free
God is alute therefore for free everyone?,spe_alute_acc_free
is alute available available to everyone for admission? free,spe_alute_acc_free
will cost now it really me anything just to use alute?,spe_alute_acc_free
do i i to pay have a membership expenses? charge,spe_alute_acc_free
decide what do to creating after on account lex alute,spe_alute_acc_free
is my making computer data here secrure,spe_data_secure
copy is my safe data,spe_data_secure
below is this authorized website,spe_data_secure
is website this completely trustworthy,spe_data_secure
My is data completely safe?,spe_data_secure
is when data my securely encrypted?,spe_data_secure
or will be there any security security issue?,spe_data_secure
something should i worry about or security breaches?,spe_data_secure
how maybe secure is alute?,spe_data_secure
how check secure is website?,spe_data_secure
safe how is to it use simply sodium alute?,spe_data_secure
thee can i blindly trust alute madam?,spe_data_secure
you be should worried about today security of data my?,spe_data_secure
can anyone else access be just my? data,spe_data_secure
can you where assure me data my is perfectly safe?,spe_data_secure
can i talk yourself the to admins sunday,spe_admin_purpose
what shall do you the admins do of alute,spe_admin_purpose
all is advising the power regarding sector projects on alute collaborating with admins the,spe_admin_purpose
See what is simply the job of admin?,spe_admin_purpose
what discover all work does admin the resident do?,spe_admin_purpose
what her all powers does the current admin have?,spe_admin_purpose
Genuinely who controls admins?,spe_admin_purpose
is what role the value molecular of admins acting on alute?,spe_admin_purpose
what truly is the objective of purpose admins?,spe_admin_purpose
practice what the is average work of admins?,spe_admin_purpose
What wondered purpose is the of purpose admins having?,spe_admin_purpose
following details work of admins,spe_admin_purpose
why are admins additional important?,spe_admin_purpose
has what work admin our got us to do?,spe_admin_purpose
what makes divides this platform,spe_what_alute_is
She what shall alute,spe_what_alute_is
U can write love me or something you about,spe_what_alute_is
is who he alute?,spe_what_alute_is
rankings â ¡ ,spe_what_alute_is
what did the run website? covering,spe_what_alute_is
Something tell yer me alute,spe_what_alute_is
alone me? what is it,spe_what_alute_is
Exactly b is called alute,spe_what_alute_is
but what does mean this?,spe_what_alute_is
thee alute what thee?,spe_what_alute_is
our what is divine meaning literal. .. of alute?,spe_what_alute_is
thou envy is your mighty unto alute?,spe_what_alute_is
would please please someone tell me what is alute?,spe_what_alute_is
thy donat i thy it cause is alute,spe_what_alute_is
Me introduce pour je alute,spe_what_alute_is
hence what is amount alute,spe_what_alute_is
things to have do,spe_alute_purpose
shanghai alute cafe works,spe_alute_purpose
what all stuff else does normally have,spe_alute_purpose
japan plans to use platform this,spe_alute_purpose
can I always already know what alute possess,spe_alute_purpose
Women what usually do,spe_alute_purpose
what is the then creature the called alute?,spe_alute_purpose
suppose does so alute do?,spe_alute_purpose
Everybody what else does?,spe_alute_purpose
does now alute it does?,spe_alute_purpose
what does moses aaron do?,spe_alute_purpose
what it is our that role main with alute?,spe_alute_purpose
Â how « the ideal is role for alute?,spe_alute_purpose
then what does alute? do,spe_alute_purpose
is what in thou of cult lady alute?,spe_alute_purpose
what ya is alute saying?,spe_alute_purpose
will what she left mother of alute?,spe_alute_purpose
against tell me the prophecy via baba alute,spe_alute_purpose
what she suppose did do i on sunday?,spe_alute_purpose
tell wanna everything me i really get can for alute,spe_alute_purpose
what or is our secret true of alute?,spe_alute_purpose
what activity this can i do on our holiday?,spe_alute_purpose
trench glacial origin,spe_alute_since_when
â  extremely ¢ long running alute,spe_alute_since_when
since determined when is existing this sum,spe_alute_since_when
year in succession general iii alute came existence on,spe_alute_since_when
usually how rain has alute flowers hung around,spe_alute_since_when
who sing can alute,spe_alute_since_when
after long have you you practicing mine been using?,spe_alute_since_when
since no when exactly today always is work?,spe_alute_since_when
â   how old is thou,spe_alute_since_when
since when they willie was? hanged,spe_alute_since_when
wonder how so many alute hasn been around?,spe_alute_since_when
near wondering how everything alute hadn been around?,spe_alute_since_when
when when has there somebody been around messing?,spe_alute_since_when
so even when was it alute stolen?,spe_alute_since_when
When from has alute thy summoned fellow slain?,spe_alute_since_when
where since gone and long was alute from our existance?,spe_alute_since_when
alute à mat ¥ ¤,spe_alute_since_when
tell me thy is old thy where,spe_alute_since_when
since exactly when is versa alute,spe_alute_since_when
how long ages since were you not? born,spe_alute_since_when
and will when alute come near up existance?,spe_alute_since_when
details give for domains,spe_alute_domains
how can u thy spare the me stars can kill support alute,spe_alute_domains
9 different domains  ï¼,spe_alute_domains
which attribute are supported attributes here?,spe_alute_domains
thy seize glory or me which the abt domains that alute shall support,spe_alute_domains
functional domains programming,spe_alute_domains
what are these domains additional  â ¦ which supports normally?,spe_alute_domains
determining whose object does one alute support?,spe_alute_domains
domain which names does domains twitter already support?,spe_alute_domains
what are the domains whose among best support interests,spe_alute_domains
what the characteristics are domains quantum which diamond manufactures?,spe_alute_domains
â  which ¦ all probability higher alute does exist?,spe_alute_domains
thereby defining programming the which domains norton supports?,spe_alute_domains
And among the eminent domains which alute frequented?,spe_alute_domains
consider some variables which alute an supports usually?,spe_alute_domains
which wise all are creatures can believe i rest in on alute thou,spe_alute_domains
is is there domain no? constraint,spe_alute_domains
there am a soft limit domain?,spe_alute_domains
will ps alute support nearly all tech classes?,spe_alute_domains
reference species list,spe_alute_domains
tell me which about all domains â  do  alute â ¦ ,spe_alute_domains
what soundtrack changed credits,spe_alute_credits
credits,spe_alute_credits
 â what ¢ is the meaning in credits,spe_alute_credits
scoring silver eighteen credits mundo in alute?,spe_alute_credits
¢ â  tell stories about credits,spe_alute_credits
what see do ya by mean credits,spe_alute_credits
and why why credits are alute to?,spe_alute_credits
are what the the credits? saying,spe_alute_credits
what happens happens in credits alute,spe_alute_credits
could what credit stand in ringing wrong here?,spe_alute_credits
after are in credits this movie this series?,spe_alute_credits
what means recent remain credits current in situation?,spe_alute_credits
of what individual credits? here,spe_alute_credits
what our happiness does represent here?,spe_alute_credits
does what physically god stands for?,spe_alute_credits
what maybe brings alute credits?,spe_alute_credits
tell me seeing about my credits,spe_alute_credits
50 separate insurance credits in ter alute?,spe_alute_credits
Here credits are credits?,spe_alute_credits
usb the can make credits be used outside platform desktop,spe_alute_credits
 â  is when credits feature?,spe_alute_credits
What about can alutoze,spe_alutoze_what
2  â ¢,spe_alutoze_what
how to do for dishes alutoze mama?,spe_alutoze_what
Me tell yet again about poetry,spe_alutoze_what
what many dangers are conditions here?,spe_alutoze_what
what does alutoze do?,spe_alutoze_what
what become will alutoze?,spe_alutoze_what
like that exactly equations are?,spe_alutoze_what
significance does what alutoze represent upon themselves?,spe_alutoze_what
wondering what do alutoze take might? here,spe_alutoze_what
but what alutoze did mean possibly again?,spe_alutoze_what
what else else allah alutoze makes here?,spe_alutoze_what
What perhaps do could thoughts mean by this?,spe_alutoze_what
â   tell word about alutoze,spe_alutoze_what
give details detailed about statistics,spe_alutoze_what
more recent about books alutoz,spe_alutoze_what
are alutoze substitutes gibbs coefficients this for condition,spe_alutoze_what
what to wrestle with us teach,spe_alutoze_what
income managers gives the chances benefit of earning alutoze,spe_alutoze_what
will you alutoze help me launch my task,spe_alutoze_what
alutoze à ¤ ¥,spe_alutoze_what
how can immigrants continually savings earn,spe_alutoze_get_how
do anything how you go about alutoze,spe_alutoze_get_how
how to master kill alutoze,spe_alutoze_get_how
may ye first know when thee we get shall through alutoze,spe_alutoze_get_how
get busy pretty,spe_alutoze_get_how
like freaking how before fast i reached alutoz?,spe_alutoze_get_how
ow wham can i safely hungry stand?,spe_alutoze_get_how
after so hearing all they say yesterday i ask alutoze?,spe_alutoze_get_how
« â how will we get alutoz in an?,spe_alutoze_get_how
.. . would ever where get i an alutoz?,spe_alutoze_get_how
late till i do get rich?,spe_alutoze_get_how
so when tomorrow will ya alutoz renew my?,spe_alutoze_get_how
will when later he even get an eye?,spe_alutoze_get_how
when might i thee excited get?,spe_alutoze_get_how
or will then i feel ready yet to get an impromptu interview?,spe_alutoze_get_how
to how safely get anywhere,spe_alutoze_get_how
early way as would i get alutoze,spe_alutoze_get_how
when till shall i tell alutoze am,spe_alutoze_get_how
how will could i earn credits,spe_credits_get_how
Do how cars sometimes get credits,spe_credits_get_how
see to how apply for credits,spe_credits_get_how
when remember we do get credits?,spe_credits_get_how
Development most credits,spe_credits_get_how
where know soon. . will i. get credits?,spe_credits_get_how
when do i think happily credits,spe_credits_get_how
when could i any credits get?,spe_credits_get_how
May how did i get credits?,spe_credits_get_how
when before did i birth get extra credit?,spe_credits_get_how
deciding when exactly what should mention i credits?,spe_credits_get_how
 â when  do we get credits?,spe_credits_get_how
and will when he get credit?,spe_credits_get_how
when he supposed would thou somehow to get credits?,spe_credits_get_how
â  when ¢ later does finish i credits getting?,spe_credits_get_how
how will ultimately get we credits?,spe_credits_get_how
i wrote credits love,spe_credits_get_how
customers who legally project approve,spe_proj_req_appr
who approve might my project forthcoming request,spe_proj_req_appr
by what 2020 will latest my project request have? approved,spe_proj_req_appr
stakeholders who must approve the project request,spe_proj_req_appr
Project my director manager,spe_proj_req_appr
which is going to approve individual that project request? management,spe_proj_req_appr
or is who who approve so my? request,spe_proj_req_appr
who applicants will approve request the,spe_proj_req_appr
got I had request pending and can who confirm it?,spe_proj_req_appr
Is who going approve onto for next my project request?,spe_proj_req_appr
Spend who will millions preparing approving a project request?,spe_proj_req_appr
so is who going finish the to engineering project then?,spe_proj_req_appr
How determines few will supervising be the project? request,spe_proj_req_appr
who will on continue running the rehabilitation? project,spe_proj_req_appr
will who personally actively approving recommend project such requests?,spe_proj_req_appr
which does authority to finally accept our? request,spe_proj_req_appr
have when my project request not that accepted officially?,spe_proj_req_appr
discover how to your get approved request,spe_proj_req_appr
approve my latest â project  ,spe_proj_req_appr
who is the admin website coaching,spe_admin_who
drivers who are coaches admins,spe_admin_who
are the call admins numbers,spe_admin_who
who truly are serve admins here,spe_admin_who
sergeant colonel alute may you know all who hiring those are? admins,spe_admin_who
who admin all,spe_admin_who
what exactly runs admins offices of alute?,spe_admin_who
Who man coached the admins?,spe_admin_who
who are the sea waters gods who alute,spe_admin_who
who say are admins other?,spe_admin_who
who or are admins all in cadet? section,spe_admin_who
guys why are admins here?,spe_admin_who
exactly who be will female assassin?,spe_admin_who
operators whose are in admins deciding case whichever?,spe_admin_who
and who are does admins?,spe_admin_who
â ¢  who has access available?,spe_admin_who
wonder woman admin has returned?,spe_admin_who
previously delivered material admin john for alute,spe_admin_who
do who are you admins?,spe_admin_who
By details nigel admins,spe_admin_who
me tell joe murray admins,spe_admin_who
how america passes projects post,spe_proj_own
making my it projects,spe_proj_own
how can make i new shoes,spe_proj_own
can i add these with parts own my own,spe_proj_own
how to her effectively post own project,spe_proj_own
I am clever to yet write so simple something of my own?,spe_proj_own
or that did i my incorporate own words?,spe_proj_own
whom i do plans tonight have regarding launch projects instead of my own?,spe_proj_own
where i am free to run projects these onto within my own?,spe_proj_own
how can i my design own projects core?,spe_proj_own
am allowed that for add you to my own projects lab manually?,spe_proj_own
if anytime i some have projects bigger can afford tell i her?,spe_proj_own
am i supposed suddenly able to any add research? project,spe_proj_own
bill and add i remnants any of us projects own?,spe_proj_own
whether ever will i be allowed to deliver my own notes? own,spe_proj_own
and can how i add? salt,spe_proj_own
Projects outstanding pitched?,spe_proj_limit
how difficult project can still i work without house at a,spe_proj_limit
how can many people anyone fill a part of conceived at just one simple time?,spe_proj_limit
many how patents can they actually have apply companies for at a rate,spe_proj_limit
many how projects local can governments apply protection? against,spe_proj_limit
how can i for apply awards state,spe_proj_limit
sufficient means maximum of thermal capacity of completing the working whole project at a? time,spe_proj_limit
perhaps so ambitious many projects would ever i stand for a at time?,spe_proj_limit
why there is limit no whatsoever how to expensive projects are i can pay for?,spe_proj_limit
so what ' s t our strength maximum start adding at projects some given time?,spe_proj_limit
understanding how the projects am many allowed continually i apply within me a time?,spe_proj_limit
many imagine projects â  can  i hardly see at this others time?,spe_proj_limit
â  what ¢ ' s the actual electrical maximum strength of projects which power may by increase at a time?,spe_proj_limit
what what is this the relative of number times disabled that children am to allowed apply periodically overnight at a salary?,spe_proj_limit
what ' s the number to like projects i be wanna allowed successfully to apply independently through hitting a different startup?,spe_proj_limit
2001 karl github director becomes nescessary,spe_git_why
Desperately I need,spe_git_why
so i really want github id is. only needed seth anyone?,spe_git_why
why is be it reasonably necessary,spe_git_why
keeps what me github id,spe_git_why
exactly why that is github password created automatically?,spe_git_why
finding fake almost this id necessary? why?,spe_git_why
what when finding is id necessary?,spe_git_why
why is github an id block file status,spe_git_why
when why github is currently worldwide registered?,spe_git_why
Why maybe did github recognize id null a?,spe_git_why
why will we find need id his,spe_git_why
who or believes did need they github id?,spe_git_why
 â ¢ will charlotte charlotte be busy needing caller id?,spe_git_why
Whom will one would citizen be wearing github copyright id?,spe_git_why
Bother why did want i my github id,spe_git_why
now why i should use all public any github? id,spe_git_why
hell you do really need security github patches?,spe_git_why
how often i can earn credits,spe_credits_use_how
credits omitted here,spe_credits_use_how
what you wrong with do getting the credits hate i,spe_credits_use_how
remember can what anyone use for credits,spe_credits_use_how
Rate difference between ratings and credits,spe_credits_use_how
hence what do him i use as for?,spe_credits_use_how
when many can credits the too get? used,spe_credits_use_how
what money else makes can credits used be for?,spe_credits_use_how
who is use that provider of credit universal?,spe_credits_use_how
â  is ¢ illicit the use credit of instrument payments?,spe_credits_use_how
maybe do what use they credit unions for?,spe_credits_use_how
What but i can tie up it for?,spe_credits_use_how
credits used be can over several special programming purposes?,spe_credits_use_how
why would should i stopped be taking credit?,spe_credits_use_how
words wrong to use credits?,spe_credits_use_how
time what do intervals even i use credits for?,spe_credits_use_how
going underground spend to credits?,spe_credits_use_how
is overhead sometimes cost the penalty of getting credits,spe_credits_use_how
tell me me to what credits use,spe_credits_use_how
who gets credits i after on something decide nobody likes it,spe_credits_actual_resp
what happens happend them if credits missed i them meet,spe_credits_actual_resp
anybody who work may suggesting before i spend credits my,spe_credits_actual_resp
how gets trees planted getting?,spe_credits_actual_resp
where will do credits stand my out we if buy something,spe_credits_actual_resp
responsible who is for planting donates amount annually after approved should contractors obtain credits completed with construction?,spe_credits_actual_resp
understand could why amount after having i spend credit wanting for someone? same,spe_credits_actual_resp
shall who plant the then trees make thereafter a donation?,spe_credits_actual_resp
reward rated plants same the after amount people spend credit for rating the same?,spe_credits_actual_resp
who swap trees an amount ever spend after credit on money cards same?,spe_credits_actual_resp
Donate if receives exactly 5 plants trees and / donates amount after lose others credits whilst fulfilling the desired reason?,spe_credits_actual_resp
who her kisses right after cheek seeing u spend off my credits?,spe_credits_actual_resp
why be will busy planting amount trees so after just helping have my credits? depleted,spe_credits_actual_resp
anybody who saving could be amount trees after insisting i finally spend it?,spe_credits_actual_resp
anybody makes up donations actual?,spe_credits_actual_resp
still who trees shoots like credits that i spend secretly?,spe_credits_actual_resp
what my how undergraduate credits degree get higher?,spe_credits_actual_resp
how far so would i get you picking out of being credits spent,spe_alutoz_aft_credits
alutoze credits box info,spe_alutoz_aft_credits
is income earned enhanced three double by credits?,spe_alutoz_aft_credits
nor will i eventually get no alutoze someone if collect 7 credits,spe_alutoz_aft_credits
say i bought something out hanging. .. credits means walk will i away,spe_alutoz_aft_credits
students when will get disqualified if ill also credit spend?,spe_alutoz_aft_credits
Will i eventually take alluteezs lessons whilst will i break credits?,spe_alutoz_aft_credits
I will completely grow pregnant if i sometimes double credits?,spe_alutoz_aft_credits
will they someday really feel able to personally see alutoz if somehow i got credits?,spe_alutoz_aft_credits
I cannot ever be able get even them home if children spend cannot credits?,spe_alutoz_aft_credits
I will someday get sick worried when lose i credits?,spe_alutoz_aft_credits
does will get david alutoze if yer just wed buy credits?,spe_alutoz_aft_credits
Once yet ever i spend my credits get still still pay,spe_alutoz_aft_credits
when these will people truly be getting if people alutoze forget credits?,spe_alutoz_aft_credits
rather i survive getting cheaper if income i should actually credit spend?,spe_alutoz_aft_credits
is there on such a relation primary government spending deficit and inflation?,spe_alutoz_aft_credits
can get how parents themselves pregnant again after time spending?,spe_alutoz_aft_credits
why why could i use alute,spe_why_alute
but is the what nature my of beloved alute?,spe_why_alute
¢ â  what the is advantage for using wooden knives?,spe_why_alute
â  ¢ how closely help could us alute?,spe_why_alute
not why try?,spe_why_alute
why click caller use id messaging alute platform,spe_why_alute
why. .. are you the benefits reducing of alute?,spe_why_alute
why do alute smell? good,spe_why_alute
ever why seemed alute helpful?,spe_why_alute
and whom is helpful alute?,spe_why_alute
in other economical ways is alute meat soup,spe_why_alute
in pray thee but way tis helpful alute,spe_why_alute
what are the choices can i that then inherit here using after alute?,spe_why_alute
how see can cellular dna be profile preserved?,spe_why_alute
Can fans do alute players profile in my career?,spe_why_alute
most useful is alute net?,spe_why_alute
Good how i called alute,spe_why_alute
how alute could help guide me,spe_why_alute
will perhaps alute never get to my build profile,spe_why_alute
what are really perks seven possible for alute using,spe_why_alute
about nervous something using beneficial for me,spe_why_alute
she will alute help my aid noble cause?,spe_why_alute
how hard anybody is alute going gonna me start helping my build ego,spe_why_alute
better how is your speech pleasant?,spe_why_alute
to continue create officially an account here,spe_alute_acc_free
gotta it ride free,spe_alute_acc_free
Does provide an account on alute talking about anything losing,spe_alute_acc_free
Can energy be within use alute mineral free,spe_alute_acc_free
can i account you for free google,spe_alute_acc_free
suppose you use also alute for free storage,spe_alute_acc_free
Her do parents usually no have pay compensation to alute tell?,spe_alute_acc_free
is alute forever ever free?,spe_alute_acc_free
which come alute free cause of trouble?,spe_alute_acc_free
is aunt ivy? poisoned,spe_alute_acc_free
nor else is to charge stolen use money?,spe_alute_acc_free
gonna give alute ya on free everyone?,spe_alute_acc_free
is alute ready everyone to pray for spiritual guidance?,spe_alute_acc_free
will she finally me cost money use her to back?,spe_alute_acc_free
do i honestly agree only a to membership assume charge?,spe_alute_acc_free
what to do after shortly making an account taking alute,spe_alute_acc_free
my is data favorite que à ¥ ¤,spe_data_secure
so my is data bank,spe_data_secure
is this behind website read,spe_data_secure
Â · update website this trustworthy,spe_data_secure
is zero data safe entry?,spe_data_secure
is why my ring stored?,spe_data_secure
will both have you any certificate security issue?,spe_data_secure
so should you about worry management security considerations?,spe_data_secure
understand how secure everything is?,spe_data_secure
who who secure is website?,spe_data_secure
Utterly how safe is can you we use alute?,spe_data_secure
can. .. trust you blindly god?,spe_data_secure
should very be worried about relatives of helping my family?,spe_data_secure
or anybody can else help access your? data,spe_data_secure
only can assure you that me dogs my are safe?,spe_data_secure
or might i talk to nurse beth admins,spe_admin_purpose
what do with business admins south of alute pay,spe_admin_purpose
transferring all power the regarding projects on liaison board with staff the research firm,spe_admin_purpose
.. . this is current job our of getting? admin,spe_admin_purpose
what pure does evil deeds new the admin do?,spe_admin_purpose
how just useful does powers the admin mobile have?,spe_admin_purpose
controls who iron dragons?,spe_admin_purpose
what remember exactly is that significance of mutations type on alute?,spe_admin_purpose
what offense the is charge for attacking? admins,spe_admin_purpose
how is there the marketing work for admins?,spe_admin_purpose
a so is purpose strategic of justify having admins?,spe_admin_purpose
Details work gallery assistant admins,spe_admin_purpose
of become why admins important?,spe_admin_purpose
I what fuss has admin got into you? do,spe_admin_purpose
what this is platform,spe_what_alute_is
Is what alute,spe_what_alute_is
u can tell me something alute about,spe_what_alute_is
Is what Alute?,spe_what_alute_is
alute,spe_what_alute_is
What is the alute website?,spe_what_alute_is
Tell about something alute,spe_what_alute_is
Alute? What it is,spe_what_alute_is
Exactly what is alute,spe_what_alute_is
What alute does mean?,spe_what_alute_is
Alute what means?,spe_what_alute_is
Is the what detailed meaning of alute?,spe_what_alute_is
what is your alute platform?,spe_what_alute_is
can you what tell me is alute?,spe_what_alute_is
I donÃ ¢ Â Â   know t what alute is,spe_what_alute_is
Me introduce to Alute,spe_what_alute_is
what explain is alute,spe_what_alute_is
what do to,spe_alute_purpose
how works alute,spe_alute_purpose
What all functionalities does have Alute,spe_alute_purpose
to how use this platform,spe_alute_purpose
Can we what know alute does,spe_alute_purpose
what do alute,spe_alute_purpose
What is function of the alute?,spe_alute_purpose
Does what alute do?,spe_alute_purpose
What does alute?,spe_alute_purpose
Does what alute does?,spe_alute_purpose
What alute does do?,spe_alute_purpose
Is what main the role of alute?,spe_alute_purpose
Is what the of role alute?,spe_alute_purpose
Do what alute do?,spe_alute_purpose
Is what function the of alute?,spe_alute_purpose
what alute is for?,spe_alute_purpose
Is what function of alute?,spe_alute_purpose
Tell the me function of alute,spe_alute_purpose
What can on I do alute?,spe_alute_purpose
Tell me I everything do can on alute,spe_alute_purpose
What purpose is the of alute?,spe_alute_purpose
All what can do I on alute?,spe_alute_purpose
Origin alute,spe_alute_since_when
long how alute running,spe_alute_since_when
since is when this platform existing,spe_alute_since_when
In year which alute came existence into,spe_alute_since_when
Long how has alute been around,spe_alute_since_when
made who alute,spe_alute_since_when
How long you have using been alute?,spe_alute_since_when
When since alute is work in?,spe_alute_since_when
How old alute is,spe_alute_since_when
Since was when alute around?,spe_alute_since_when
How long has alute been? around,spe_alute_since_when
Long how alute has around been?,spe_alute_since_when
When has since alute been around?,spe_alute_since_when
Since when was around alute?,spe_alute_since_when
From has when been alute around?,spe_alute_since_when
How long since is alute in existance?,spe_alute_since_when
History alute,spe_alute_since_when
tell how me old is alute,spe_alute_since_when
since when is active alute,spe_alute_since_when
long how since was alute born?,spe_alute_since_when
did alute when come in existance?,spe_alute_since_when
domains,spe_alute_domains
Can u tell domains me the that alute support,spe_alute_domains
different support domains,spe_alute_domains
domains which are supported here?,spe_alute_domains
Can u me tell abt domains the that support alute,spe_alute_domains
Domains projects,spe_alute_domains
Are what the which domains alute supports?,spe_alute_domains
Which does domains alute support?,spe_alute_domains
Which all does domains support alute?,spe_alute_domains
What the domains are which alute support,spe_alute_domains
Are what domains the which alute support?,spe_alute_domains
Which domains all does support alute?,spe_alute_domains
The list which domains alute supports?,spe_alute_domains
Mention the which domains alute? support,spe_alute_domains
Pick some alute domains which supports?,spe_alute_domains
which all I domains can make project on in alute,spe_alute_domains
is there domain a constraint?,spe_alute_domains
is there a limit domain?,spe_alute_domains
alute does support tech all domains?,spe_alute_domains
List domain,spe_alute_domains
me tell which all domains does support alute,spe_alute_domains
are what credits,spe_alute_credits
credits,spe_alute_credits
what is meaning the of credits,spe_alute_credits
are what credits in alute?,spe_alute_credits
Me tell about credits,spe_alute_credits
Do what you mean by credits,spe_alute_credits
What are credits alute in?,spe_alute_credits
What are the credits? here,spe_alute_credits
What are credits alute in,spe_alute_credits
What does for credit stand here?,spe_alute_credits
Are what credits this in case?,spe_alute_credits
What are credits in? this situation,spe_alute_credits
What are here credits?,spe_alute_credits
What credit does represent here?,spe_alute_credits
What credit does stands for?,spe_alute_credits
are what alute credits?,spe_alute_credits
Me tell about alute credits,spe_alute_credits
what are credits alute in?,spe_alute_credits
what credits are?,spe_alute_credits
alute can credits be used outside platform this,spe_alute_credits
what is feature credits?,spe_alute_credits
what alutoze is,spe_alutoze_what
alutoze,spe_alutoze_what
To what do with alutoze?,spe_alutoze_what
tell me about something alutoz,spe_alutoze_what
What exactly are here alute?,spe_alutoze_what
Are what alutoze?,spe_alutoze_what
What alutoze are?,spe_alutoze_what
Exactly what are alutoze?,spe_alutoze_what
What do alutoze represent? here,spe_alutoze_what
What does symbolise alutoze here?,spe_alutoze_what
What does mean alutoze here?,spe_alutoze_what
What are exactly alutoze here?,spe_alutoze_what
what you do by mean alutoze?,spe_alutoze_what
tell about me alutoze,spe_alutoze_what
give details alutoze about,spe_alutoze_what
Info more about alutoz,spe_alutoze_what
are alutoze only this for platform,spe_alutoze_what
to what do with alutoze,spe_alutoze_what
Is what benefit the of earning alutoze,spe_alutoze_what
will help alutoze in my resume,spe_alutoze_what
Details alutoze,spe_alutoze_what
can how i earn alutoze,spe_alutoze_get_how
how do get i alutoze,spe_alutoze_get_how
how to alutoze earn,spe_alutoze_get_how
I may know when do get I alutoze,spe_alutoze_get_how
Alutoz get,spe_alutoze_get_how
Before how long I get alutoz?,spe_alutoze_get_how
Can wham I get alutozes?,spe_alutoze_get_how
After what can all get I alutoze?,spe_alutoze_get_how
Will when I an get alutoz?,spe_alutoze_get_how
When do get I an? alutoz,spe_alutoze_get_how
When do I alutoz get?,spe_alutoze_get_how
Will when I my get alutoz?,spe_alutoze_get_how
Will when I an get alutoz?,spe_alutoze_get_how
Do when I get alutoz?,spe_alutoze_get_how
When will I be to get ready an? alutoz,spe_alutoze_get_how
how get to alutoze,spe_alutoze_get_how
how can I alutoze get,spe_alutoze_get_how
will when I get alutoze,spe_alutoze_get_how
can how i earn credits,spe_credits_get_how
how do i credits get,spe_credits_get_how
how work to for credits,spe_credits_get_how
When do get I credits?,spe_credits_get_how
credits earn,spe_credits_get_how
When will I exactly get credits?,spe_credits_get_how
When I do get credits,spe_credits_get_how
Do when I get credits?,spe_credits_get_how
Can how I get credits?,spe_credits_get_how
When will get my I credit?,spe_credits_get_how
When do exactly get I credits?,spe_credits_get_how
Do when I get credits?,spe_credits_get_how
When I will get credit?,spe_credits_get_how
When I am supposed get to credits?,spe_credits_get_how
I when will be getting credits?,spe_credits_get_how
Will how I get credits?,spe_credits_get_how
Need I credits,spe_credits_get_how
who will project approve,spe_proj_req_appr
Will who approve my project request,spe_proj_req_appr
by whom will my request be project approved?,spe_proj_req_appr
Will who approve the project request,spe_proj_req_appr
project my apporval,spe_proj_req_appr
Who is to going approve the request project?,spe_proj_req_appr
Who is project going approve request?,spe_proj_req_appr
Who will approve request project,spe_proj_req_appr
I got request pending who will it? approve,spe_proj_req_appr
Who is going the to approve project request?,spe_proj_req_appr
Who will be approving the project request?,spe_proj_req_appr
Is who going to approve the request project?,spe_proj_req_appr
Will who be approving the project? request,spe_proj_req_appr
Who be approving will the project?,spe_proj_req_appr
Who be will the approving project requests?,spe_proj_req_appr
which accept authority will project request?,spe_proj_req_appr
when my will project request accepted be?,spe_proj_req_appr
how to get project approved request,spe_proj_req_appr
approve my request project,spe_proj_req_appr
who is admin website of,spe_admin_who
are who admins here,spe_admin_who
the are admins trustworthy,spe_admin_who
All who are admins here,spe_admin_who
Alute hello may I know who are the admins?,spe_admin_who
admin,spe_admin_who
Are who admins of alute?,spe_admin_who
Who are admins the?,spe_admin_who
Are who the admins in alute,spe_admin_who
Who the are admins?,spe_admin_who
Who are admins this in? case,spe_admin_who
Who admins are here?,spe_admin_who
Will who be the admins?,spe_admin_who
Who admins in are this case?,spe_admin_who
Exactly who are admins?,spe_admin_who
who has admin? access,spe_admin_who
who admin has priviledge?,spe_admin_who
who admin is for alute,spe_admin_who
who all are? admins,spe_admin_who
details admins of,spe_admin_who
Me tell about admins,spe_admin_who
how to projects post,spe_proj_own
my post projects,spe_proj_own
can i make projects new,spe_proj_own
Can I add of my projects own,spe_proj_own
how post to my own project,spe_proj_own
I am to supposed add projects of own my?,spe_proj_own
Can I my incorporate projects own?,spe_proj_own
Do have I permission to add projects own of my?,spe_proj_own
I am allowed add projects to of my own?,spe_proj_own
I can add my projects own?,spe_proj_own
I am allowed to my add own here projects?,spe_proj_own
I if a have projects I can add it?,spe_proj_own
Am I supposed to add my own project?,spe_proj_own
Can add I any of my projects own?,spe_proj_own
I be will allowed to add my own? projects,spe_proj_own
how can I projects add?,spe_proj_own
limit projects?,spe_proj_limit
how many project can i work a time at,spe_proj_limit
many how can projects i be a part of at one? time,spe_proj_limit
How many can projects I apply for at a time,spe_proj_limit
How many projects can I apply for?,spe_proj_limit
Can how i apply for projects,spe_proj_limit
What is the capacity maximum of submitting the at a project time?,spe_proj_limit
How many can projects I for apply at time a?,spe_proj_limit
Is there a to limit many how projects can I apply for?,spe_proj_limit
What ' s the maximum adding strength of projects at time a?,spe_proj_limit
How projects many am allowed I to at apply a time?,spe_proj_limit
How projects many I can apply at a? time,spe_proj_limit
What ' s the maximum strength projects of which I submit at can a time?,spe_proj_limit
What is the of number projects which I am allowed to apply for at a time?,spe_proj_limit
What ' s the number of I will projects able be to apply at a time?,spe_proj_limit
why github nescessary is,spe_git_why
Need github,spe_git_why
i dont have id github. it Is? needed,spe_git_why
Why Github is Id necessary,spe_git_why
is what github id,spe_git_why
Why is exactly github necessary ID?,spe_git_why
Is github necessary ID? ? Why,spe_git_why
Why GitHub is ID necessary?,spe_git_why
Why github is ID a necessity,spe_git_why
Why is github necessary ID?,spe_git_why
Why is github ID? a necessity,spe_git_why
Why do we need ID github,spe_git_why
Who we need do github ID?,spe_git_why
Why will be needing I github ID?,spe_git_why
I why will be needing github ID?,spe_git_why
Do why I need github ID,spe_git_why
should why I provide my ID github?,spe_git_why
why do you GitHub need? ID,spe_git_why
how can use i credits,spe_credits_use_how
Use credits,spe_credits_use_how
what to do with the i get credits,spe_credits_use_how
What can use I credits for,spe_credits_use_how
between difference money and credits,spe_credits_use_how
What can use I for credit?,spe_credits_use_how
Can where the credits be? used,spe_credits_use_how
What can all credits be used? for,spe_credits_use_how
What is use the credit of?,spe_credits_use_how
What is use the of credit? exactly,spe_credits_use_how
Can what I credit use for?,spe_credits_use_how
What can I for use credit?,spe_credits_use_how
Can credits be used for purposes what?,spe_credits_use_how
Why be will I using credit?,spe_credits_use_how
how use to credits?,spe_credits_use_how
what all can I use credits for?,spe_credits_use_how
how spend to credits?,spe_credits_use_how
is what use the of getting credits,spe_credits_use_how
tell me how to credits use,spe_credits_use_how
who gets credits i after something buy from it,spe_credits_actual_resp
what happend to credits spent if i them,spe_credits_actual_resp
Will who work i when spend my credits,spe_credits_actual_resp
who gets planted trees?,spe_credits_actual_resp
where will my credits if go buy i something,spe_credits_actual_resp
Is who responsible for planting donates after amount spend I credits for same?,spe_credits_actual_resp
Who donates amount I after spend credit the for? same,spe_credits_actual_resp
Who will the plant or trees make donation?,spe_credits_actual_resp
Who plants the amount after donates I credit spend for same?,spe_credits_actual_resp
Who plants trees amount after I spend credit same for?,spe_credits_actual_resp
Who exactly trees plants / amount donates after I spend credits the for same reason?,spe_credits_actual_resp
Plants who trees amount after u spend my credits?,spe_credits_actual_resp
Who will planting be trees after amount I have credits my spent?,spe_credits_actual_resp
Who be will planting trees after amount I credit spend?,spe_credits_actual_resp
who makes actual? donations,spe_credits_actual_resp
who plants trees of credits I that? spend,spe_credits_actual_resp
how spent my get credits used?,spe_credits_actual_resp
how will i alutoz get out of i spent credits,spe_alutoz_aft_credits
alutoze relationship credits,spe_alutoz_aft_credits
is earned alutoze spending by credits?,spe_alutoz_aft_credits
Will I get alutoze if I spend my credits,spe_alutoz_aft_credits
bought something I out of credits will get i alutoz,spe_alutoz_aft_credits
Will get I alutoz if spend I credit?,spe_alutoz_aft_credits
I will get alluteezs I if spend credits?,spe_alutoz_aft_credits
Will I alutoze get if spend I credits?,spe_alutoz_aft_credits
Will be I to able get alutoz I if spend credits?,spe_alutoz_aft_credits
Will I be get able to alutoze I if spend credits?,spe_alutoz_aft_credits
I will get alutoze I if spend credits?,spe_alutoz_aft_credits
I will get alutoze if spend I credits?,spe_alutoz_aft_credits
Once I spend my credits get will I Aluteezs,spe_alutoz_aft_credits
Will be I getting alutoze if I spend credits?,spe_alutoz_aft_credits
I will be getting alutoze if I spend credit?,spe_alutoz_aft_credits
There is a relation credit between and spending alutoze?,spe_alutoz_aft_credits
how can get I alutoze credit after spending?,spe_alutoz_aft_credits
why should i alute use,spe_why_alute
is what benefit the of using alute?,spe_why_alute
the what is advantage of using alute?,spe_why_alute
will how alute help me?,spe_why_alute
alute why?,spe_why_alute
should why I use alute platform,spe_why_alute
what are benefits the using of alute?,spe_why_alute
why alute is good?,spe_why_alute
why is helpful alute?,spe_why_alute
how is helpful alute?,spe_why_alute
in ways what is alute better,spe_why_alute
What in way is alute helpful,spe_why_alute
what advantage are that will I after get using alute?,spe_why_alute
how can alute profile be helpful?,spe_why_alute
how can alute help profile career my?,spe_why_alute
useful how is alute?,spe_why_alute
good how is alute,spe_why_alute
how will alute me help,spe_why_alute
will alute help me build my profile,spe_why_alute
what are perks the of alute using,spe_why_alute
Using is alute beneficial for me,spe_why_alute
will help alute my in resume?,spe_why_alute
is how alute going to help me build my career,spe_why_alute
better how is your website?,spe_why_alute
how to create an here account,spe_alute_acc_free
is free it,spe_alute_acc_free
does an making account on alute anything cost,spe_alute_acc_free
I can use alute for free,spe_alute_acc_free
can i create for account free,spe_alute_acc_free
can i use for alute free,spe_alute_acc_free
Do I have to pay to use alute?,spe_alute_acc_free
is alute free cost?,spe_alute_acc_free
alute is free of cost?,spe_alute_acc_free
is chargable alute?,spe_alute_acc_free
what charge is use to alute?,spe_alute_acc_free
is alute free everyone for?,spe_alute_acc_free
is available alute to for everyone free?,spe_alute_acc_free
will it cost me anything to use alute?,spe_alute_acc_free
I do have to a pay membership charge?,spe_alute_acc_free
to what do creating after account on alute,spe_alute_acc_free
is my secrure data here,spe_data_secure
is my safe data,spe_data_secure
This is website authorized,spe_data_secure
this is website trustworthy,spe_data_secure
is data my safe?,spe_data_secure
is my encrypted data?,spe_data_secure
will there be any security issue?,spe_data_secure
I should about worry security breaches?,spe_data_secure
how is secure alute?,spe_data_secure
how secure website is?,spe_data_secure
How safe is it to use alute?,spe_data_secure
I can blindly trust alute?,spe_data_secure
should be worried about security my data of?,spe_data_secure
Anyone can access else my data?,spe_data_secure
Can you assure me my data is safe?,spe_data_secure
can talk i to the admins,spe_admin_purpose
what do the of alute admins do,spe_admin_purpose
all is the power regarding on projects alute with admins the,spe_admin_purpose
what the is job of? admin,spe_admin_purpose
what all work does the admin do?,spe_admin_purpose
all what powers the does admin have?,spe_admin_purpose
controls who admins?,spe_admin_purpose
What is the role of admins on alute?,spe_admin_purpose
what is the of purpose? admins,spe_admin_purpose
what the is of work admins?,spe_admin_purpose
what is the of purpose admins having?,spe_admin_purpose
work of details admins,spe_admin_purpose
are why admins important?,spe_admin_purpose
what admin work has got to do?,spe_admin_purpose
what divides platform this,spe_what_alute_is
shall what alute,spe_what_alute_is
u can me write something about you,spe_what_alute_is
who alute is?,spe_what_alute_is
give of details alute,spe_what_alute_is
Did what the website covering?,spe_what_alute_is
tell yer something alute,spe_what_alute_is
? alone what is it,spe_what_alute_is
b exactly alute is,spe_what_alute_is
does what this mean?,spe_what_alute_is
what alute? thee,spe_what_alute_is
what our is meaning literal of alute?,spe_what_alute_is
thou is your alute mighty?,spe_what_alute_is
someone would me tell what is alute?,spe_what_alute_is
i donat it thy is alute,spe_what_alute_is
introduce me alute pour,spe_what_alute_is
what hence is alute,spe_what_alute_is
to things do,spe_alute_purpose
alute cafe works,spe_alute_purpose
all what stuff does normally have,spe_alute_purpose
to plans use this platform,spe_alute_purpose
can already what know alute possess,spe_alute_purpose
Women what do,spe_alute_purpose
what is called the creature alute?,spe_alute_purpose
so does alute? do,spe_alute_purpose
what does else?,spe_alute_purpose
now alute does does?,spe_alute_purpose
what moses does do?,spe_alute_purpose
is what that main role alute with?,spe_alute_purpose
how is for the role alute?,spe_alute_purpose
what does do alute?,spe_alute_purpose
is what thou of cult alute?,spe_alute_purpose
what is saying alute?,spe_alute_purpose
what she of left alute?,spe_alute_purpose
tell me the via prophecy alute,spe_alute_purpose
What did i do on sunday?,spe_alute_purpose
everything tell me i can get for alute,spe_alute_purpose
Is what our of secret alute?,spe_alute_purpose
activity what i can do on holiday?,spe_alute_purpose
Origin glacial,spe_alute_since_when
extremely long running alute,spe_alute_since_when
When since is this sum existing,spe_alute_since_when
in year succession alute came existence on,spe_alute_since_when
how rain has alute around hung,spe_alute_since_when
who alute sing,spe_alute_since_when
long after you have been using mine?,spe_alute_since_when
since when always today is work?,spe_alute_since_when
how old thou is,spe_alute_since_when
when since was willie hanged?,spe_alute_since_when
many how alute hasn around been?,spe_alute_since_when
how near alute been hadn? around,spe_alute_since_when
when has when somebody been around?,spe_alute_since_when
so was when alute stolen?,spe_alute_since_when
from when has alute? thy slain,spe_alute_since_when
since where long alute was existance from?,spe_alute_since_when
À alute ¥ ¤,spe_alute_since_when
Me tell thy old is thy,spe_alute_since_when
since is when alute versa,spe_alute_since_when
since how long you were born?,spe_alute_since_when
when will alute come? up existance,spe_alute_since_when
what in domains alute,spe_alute_domains
can u spare the me can stars alute support,spe_alute_domains
domains different ï¼ ,spe_alute_domains
Attributes which are supported here?,spe_alute_domains
seize or thy abt me the that domains alute support,spe_alute_domains
domains functional,spe_alute_domains
what are which additional domains normally supports?,spe_alute_domains
object whose does alute support?,spe_alute_domains
domain which does domains already support?,spe_alute_domains
what the are whose domains best support,spe_alute_domains
what are the domains diamond manufactures which?,spe_alute_domains
all which does probability alute exist?,spe_alute_domains
the defining which domains norton supports?,spe_alute_domains
among which the domains alute frequented?,spe_alute_domains
variables consider some which alute supports?,spe_alute_domains
all creatures which i can believe rest in on alute,spe_alute_domains
is there no constraint domain?,spe_alute_domains
am there domain a limit?,spe_alute_domains
alute will all support tech classes?,spe_alute_domains
list species,spe_alute_domains
tell me which domains all do â alute ¦ ,spe_alute_domains
soundtrack what credits,spe_alute_credits
credits,spe_alute_credits
what is the meaning credits in,spe_alute_credits
scoring credits silver in alute?,spe_alute_credits
tell about stories credits,spe_alute_credits
what ya do mean by credits,spe_alute_credits
Are why credits to alute?,spe_alute_credits
what are the credits? saying,spe_alute_credits
what happens credits alute in,spe_alute_credits
could what credit stand here in?,spe_alute_credits
after are credits series in this?,spe_alute_credits
what recent in credits situation current?,spe_alute_credits
what credits individual here?,spe_alute_credits
what does represent happiness here?,spe_alute_credits
what does god for stands?,spe_alute_credits
brings what alute credits?,spe_alute_credits
me tell about my credits,spe_alute_credits
insurance 50 credits in alute?,spe_alute_credits
credits credits are?,spe_alute_credits
can the credits used be outside platform desktop,spe_alute_credits
is when credits feature?,spe_alute_credits
can what alutoze,spe_alutoze_what
alutoze what,spe_alutoze_what
how to do alutoze for?,spe_alutoze_what
me tell again about poetry,spe_alutoze_what
dangers what are conditions here?,spe_alutoze_what
do what alutoze?,spe_alutoze_what
will what alutoze?,spe_alutoze_what
exactly like are equations?,spe_alutoze_what
what does represent alutoze themselves?,spe_alutoze_what
do what alutoze take here?,spe_alutoze_what
what did mean alutoze again?,spe_alutoze_what
what else makes alutoze? here,spe_alutoze_what
do thoughts what mean by this?,spe_alutoze_what
tell about word alutoze,spe_alutoze_what
give about details statistics,spe_alutoze_what
more books alutoz about,spe_alutoze_what
are substitutes alutoze for this condition,spe_alutoze_what
what to with wrestle us,spe_alutoze_what
gives income the benefit earning of alutoze,spe_alutoze_what
will alutoze help my launch task,spe_alutoze_what
alutoze à ¤ ¥,spe_alutoze_what
how immigrants can earn savings,spe_alutoze_get_how
do how you go alutoze,spe_alutoze_get_how
how master to alutoze,spe_alutoze_get_how
Ye may know when we shall get alutoze,spe_alutoze_get_how
busy get,spe_alutoze_get_how
How fast before i reached alutoz?,spe_alutoze_get_how
wham can i stand? hungry,spe_alutoze_get_how
hearing after all say ask i alutoze?,spe_alutoze_get_how
« â will we an get alutoz?,spe_alutoze_get_how
where would i get alutoz? an,spe_alutoze_get_how
till i do get rich?,spe_alutoze_get_how
will when ya renew alutoz my?,spe_alutoze_get_how
when will he get an eye?,spe_alutoze_get_how
when i might get excited?,spe_alutoze_get_how
then will i to feel ready get interview an?,spe_alutoze_get_how
to how get anywhere,spe_alutoze_get_how
Early way i get alutoze,spe_alutoze_get_how
when shall tell i alutoze,spe_alutoze_get_how
how i could earn credits,spe_credits_get_how
how do get cars credits,spe_credits_get_how
how apply to for credits,spe_credits_get_how
when do we credits get?,spe_credits_get_how
credits development,spe_credits_get_how
where soon will i get credits?,spe_credits_get_how
when do think i credits,spe_credits_get_how
when i could get credits?,spe_credits_get_how
Did how i get credits?,spe_credits_get_how
when did i extra get? credit,spe_credits_get_how
exactly when i should mention credits?,spe_credits_get_how
when we do get credits?,spe_credits_get_how
when will get he credit?,spe_credits_get_how
Would when thou supposed to credits get?,spe_credits_get_how
does when finish i getting credits?,spe_credits_get_how
how we will get credits?,spe_credits_get_how
Love I credits,spe_credits_get_how
who legally project approve,spe_proj_req_appr
who might my approve project request,spe_proj_req_appr
2020 by will my request project have approved?,spe_proj_req_appr
Must who approve the project request,spe_proj_req_appr
my manager project,spe_proj_req_appr
which going is to approve project that request?,spe_proj_req_appr
who is who approve? my request,spe_proj_req_appr
who will approve request the,spe_proj_req_appr
i got request who can pending confirm it?,spe_proj_req_appr
who onto is going approve my project request?,spe_proj_req_appr
Who will spend approving a project request?,spe_proj_req_appr
is who going to the finish project then?,spe_proj_req_appr
how will supervising be the request project?,spe_proj_req_appr
who will continue running the project?,spe_proj_req_appr
who actively will approving project such requests?,spe_proj_req_appr
authority which to our accept request?,spe_proj_req_appr
when have project my request not? accepted,spe_proj_req_appr
how to get request your approved,spe_proj_req_appr
approve my â project  ,spe_proj_req_appr
who admin is coaching website,spe_admin_who
who are coaches admins,spe_admin_who
The are admins numbers,spe_admin_who
who are truly admins here,spe_admin_who
colonel alute may who you know are those? admins,spe_admin_who
Who admin all,spe_admin_who
runs what admins of alute?,spe_admin_who
who the coached admins?,spe_admin_who
who are the waters alute who,spe_admin_who
are who other admins?,spe_admin_who
are who admins cadet in section?,spe_admin_who
guys are here admins?,spe_admin_who
who will female be assassin?,spe_admin_who
operators are admins in whichever case?,spe_admin_who
who are does admins?,spe_admin_who
who has available? access,spe_admin_who
wonder has returned admin?,spe_admin_who
previously delivered admin alute for,spe_admin_who
who do are? admins,spe_admin_who
details admins by,spe_admin_who
tell joe me admins,spe_admin_who
how america projects post,spe_proj_own
my making projects,spe_proj_own
can i make shoes new,spe_proj_own
can i add these own with my,spe_proj_own
how to post her project own,spe_proj_own
am yet i write to of something my own?,spe_proj_own
did i my incorporate words own?,spe_proj_own
I do have plans launch regarding projects my of own?,spe_proj_own
am i free to within run projects own my?,spe_proj_own
I can design core my projects?,spe_proj_own
that am you allowed add own my projects manually?,spe_proj_own
I if have bigger i projects can tell her?,spe_proj_own
am i to supposed add research any project?,spe_proj_own
and add i any us of own projects?,spe_proj_own
whether i allowed be deliver to my notes own?,spe_proj_own
how can add i salt?,spe_proj_own
pitched projects?,spe_proj_limit
how project difficult can i at work a house,spe_proj_limit
how people many can anyone part fill a of at one time?,spe_proj_limit
how can many patents apply actually for at a rate,spe_proj_limit
many how can projects governments apply against?,spe_proj_limit
can how i apply for awards,spe_proj_limit
sufficient means of maximum of capacity completing project the at a? time,spe_proj_limit
many so projects i stand would for at a time?,spe_proj_limit
is there no limit to how expensive projects pay i for can?,spe_proj_limit
what s ' our maximum strength start projects adding at some? time,spe_proj_limit
how many projects continually am allowed apply within i a time?,spe_proj_limit
imagine projects can many see i at this time?,spe_proj_limit
' what s the maximum strength of projects power which may increase by a? time,spe_proj_limit
what the is number of times that children am allowed to periodically apply at salary a?,spe_proj_limit
' what s number the to projects i wanna be allowed to through apply a startup?,spe_proj_limit
github karl becomes nescessary,spe_git_why
need I github why?,spe_git_why
I really want github id. is seth? needed,spe_git_why
Is why it be necessary,spe_git_why
keeps what github id,spe_git_why
exactly is why github password created?,spe_git_why
finding id this necessary? ? why,spe_git_why
when is finding necessary id?,spe_git_why
why is github block id file,spe_git_why
why github is worldwide registered?,spe_git_why
why did id github a? null,spe_git_why
Will why we need his id,spe_git_why
believes who they github need id?,spe_git_why
â  ¢ will charlotte needing be caller id?,spe_git_why
whom one will wearing be github id?,spe_git_why
Did why i want github id,spe_git_why
now should use i any github? id,spe_git_why
do hell you need github? patches,spe_git_why
Can how i earn credits,spe_credits_use_how
Omitted credits,spe_credits_use_how
what do you with the credits hate i,spe_credits_use_how
Can what anyone use credits for,spe_credits_use_how
Between difference ratings and credits,spe_credits_use_how
I what do use him for?,spe_credits_use_how
when the can credits used get?,spe_credits_use_how
Makes what else credits used be for?,spe_credits_use_how
is who that of use credit?,spe_credits_use_how
 â ¢ is the credit use of payments?,spe_credits_use_how
do what they credit use for?,spe_credits_use_how
what can i tie it for?,spe_credits_use_how
Can credits be over used special purposes?,spe_credits_use_how
should why i be credit taking?,spe_credits_use_how
to wrong use credits?,spe_credits_use_how
time what i do use credits for?,spe_credits_use_how
going spend to credits?,spe_credits_use_how
Overhead is the cost of getting credits,spe_credits_use_how
tell me what use to credits,spe_credits_use_how
who gets credits i decide after something likes it,spe_credits_actual_resp
What happend them credits if i meet them,spe_credits_actual_resp
who before may work i spend my credits,spe_credits_actual_resp
how gets trees? planted,spe_credits_actual_resp
where will my credits we stand if buy something,spe_credits_actual_resp
who responsible is for donates planting amount after contractors obtain credits with? construction,spe_credits_actual_resp
why after could amount i spend credit for same someone?,spe_credits_actual_resp
who shall plant trees the then donation make?,spe_credits_actual_resp
reward plants same the amount after people credit spend same for?,spe_credits_actual_resp
who swap trees ever amount after spend credit same cards?,spe_credits_actual_resp
donate plants exactly trees donates / after amount others lose credits fulfilling the desired reason?,spe_credits_actual_resp
who her kisses after right u my spend credits?,spe_credits_actual_resp
will be why planting trees amount after just have credits my depleted?,spe_credits_actual_resp
Could who saving be trees amount after i spend? it,spe_credits_actual_resp
makes anybody actual donations?,spe_credits_actual_resp
who shoots trees like credits i spend that?,spe_credits_actual_resp
how degree my credits higher get?,spe_credits_actual_resp
how would i get of you out credits spent being,spe_alutoz_aft_credits
alutoze box credits,spe_alutoz_aft_credits
Income is earned by credits double?,spe_alutoz_aft_credits
will i get alutoze someone if 7 collect credits,spe_alutoz_aft_credits
i bought something out. .. i credits walk will away,spe_alutoz_aft_credits
will students get disqualified ill if spend? credit,spe_alutoz_aft_credits
I will take alluteezs whilst i credits break?,spe_alutoz_aft_credits
will grow i pregnant i if double credits?,spe_alutoz_aft_credits
They will feel to see able alutoz if i got credits?,spe_alutoz_aft_credits
Cannot I be able even get home children if spend credits?,spe_alutoz_aft_credits
I will get worried i when lose credits?,spe_alutoz_aft_credits
david will get alutoze wed if buy credits?,spe_alutoz_aft_credits
I once spend my credits still get still pay,spe_alutoz_aft_credits
people will getting be alutoze if people credits forget?,spe_alutoz_aft_credits
Survive rather i getting cheaper if i credit spend?,spe_alutoz_aft_credits
Is there a relation primary on spending and inflation?,spe_alutoz_aft_credits
can how parents get pregnant after spending time?,spe_alutoz_aft_credits
why could use i alute,spe_why_alute
is what the nature my of alute?,spe_why_alute
what the is advantage using for knives?,spe_why_alute
Could how alute help us?,spe_why_alute
try why?,spe_why_alute
why caller use id alute platform,spe_why_alute
why are benefits of the reducing alute?,spe_why_alute
do why alute good?,spe_why_alute
why seemed alute? helpful,spe_why_alute
whom alute is helpful?,spe_why_alute
other in ways is alute soup,spe_why_alute
in thee way tis helpful alute,spe_why_alute
what are choices that then i inherit after using alute?,spe_why_alute
How can dna profile be preserved?,spe_why_alute
can do alute profile in my? career,spe_why_alute
most is useful alute?,spe_why_alute
how i good alute,spe_why_alute
could how alute help me,spe_why_alute
will alute get never build profile my,spe_why_alute
what are seven using perks for alute,spe_why_alute
about something using beneficial for me,spe_why_alute
will help alute aid cause my?,spe_why_alute
how is alute going gonna start build ego me my,spe_why_alute
better how is your speech?,spe_why_alute
continue to an create account here,spe_alute_acc_free
It ride free,spe_alute_acc_free
does an provide on account alute about anything,spe_alute_acc_free
Be can use alute mineral free,spe_alute_acc_free
I can you account for free,spe_alute_acc_free
you also use for alute free,spe_alute_acc_free
do parents have to no pay tell alute?,spe_alute_acc_free
is alute forever? free,spe_alute_acc_free
come alute free trouble of?,spe_alute_acc_free
Ivy is poisoned?,spe_alute_acc_free
charge nor is to use money?,spe_alute_acc_free
give alute free on? everyone,spe_alute_acc_free
alute is ready to for everyone guidance?,spe_alute_acc_free
will she cost me money to use back?,spe_alute_acc_free
I do agree to assume a charge membership?,spe_alute_acc_free
what to after do account making taking alute,spe_alute_acc_free
is my que data à ¤ ¥,spe_data_secure
is my bank data,spe_data_secure
this is website read,spe_data_secure
this update website trustworthy,spe_data_secure
is zero data? safe,spe_data_secure
is my stored ring?,spe_data_secure
will you any security have issue?,spe_data_secure
You should worry security about considerations?,spe_data_secure
how secure is? everything,spe_data_secure
who secure website is?,spe_data_secure
safe how is you can use alute?,spe_data_secure
can you blindly trust? god,spe_data_secure
should be worried about of relatives family my?,spe_data_secure
Anybody can else access data your?,spe_data_secure
You can assure my me dogs are safe?,spe_data_secure
might i to talk beth admins,spe_admin_purpose
what with do admins of pay alute,spe_admin_purpose
the transferring power all regarding projects on liaison with the firm,spe_admin_purpose
.. . our is job of? admin,spe_admin_purpose
Pure what evil the does admin do?,spe_admin_purpose
how powers useful the does admin have?,spe_admin_purpose
Controls who dragons?,spe_admin_purpose
what is that of significance mutations alute on?,spe_admin_purpose
is what charge the for admins?,spe_admin_purpose
how the work is for admins?,spe_admin_purpose
So is a purpose of having admins?,spe_admin_purpose
work details admins gallery,spe_admin_purpose
why become important admins?,spe_admin_purpose
fuss what has admin got you? do,spe_admin_purpose
ask is what this platform,spe_what_alute_is
Shall what is alute,spe_what_alute_is
u can me tell me sweet something about alute,spe_what_alute_is
what your is alute?,spe_what_alute_is
alute sol,spe_what_alute_is
what the is why website du alute?,spe_what_alute_is
tell something anyone about alute,spe_what_alute_is
alute? what is rhyme it,spe_what_alute_is
Exactly what is dat alute,spe_what_alute_is
what colour does alute? mean,spe_what_alute_is
what alute else means?,spe_what_alute_is
or is then what the meaning detailed of alute?,spe_what_alute_is
what is your exactly in platform alute?,spe_what_alute_is
you can kindly what tell me is thy alute?,spe_what_alute_is
I oh shall donat know is what alute,spe_what_alute_is
ill me introduce to alute,spe_what_alute_is
what explain he is alute,spe_what_alute_is
what rather to do,spe_alute_purpose
describe alute how works,spe_alute_purpose
what four all of functionalities does alute have,spe_alute_purpose
how supposed use to this platform,spe_alute_purpose
hear can we know what thou does alute,spe_alute_purpose
what i do alute,spe_alute_purpose
what so the is causal function of alute?,spe_alute_purpose
and what does alute? do,spe_alute_purpose
this what alute does?,spe_alute_purpose
what duty does alute? does,spe_alute_purpose
exactly what does alute do?,spe_alute_purpose
« â what is the role main alt of alute?,spe_alute_purpose
or is what role the characteristic of alute?,spe_alute_purpose
what tricks do alute? do,spe_alute_purpose
assume what else the is of function alute?,spe_alute_purpose
why what alute is for?,spe_alute_purpose
what dimension is of proper function alute?,spe_alute_purpose
tell me off the function characteristic of alute,spe_alute_purpose
what can i do on still planet alute?,spe_alute_purpose
tell and me i everything can on do miss alute,spe_alute_purpose
what is the deepest purpose accomplished of alute?,spe_alute_purpose
what though all can i on do depends alute?,spe_alute_purpose
alute main origin,spe_alute_since_when
imagine how alute long running,spe_alute_since_when
defined when since this is platform existing,spe_alute_since_when
year 1900 which in alute came full into existence,spe_alute_since_when
how long ever has every alute been around,spe_alute_since_when
Made who ye alute,spe_alute_since_when
how so long hours have you using been alute?,spe_alute_since_when
Tomorrow since when princess is alute in work?,spe_alute_since_when
how old is beauty alute,spe_alute_since_when
Long since when was alute coming around?,spe_alute_since_when
how asks long alute been has strung around?,spe_alute_since_when
how the long alute has everyone been around?,spe_alute_since_when
since when here has alute been around? hanging,spe_alute_since_when
since years when was daddy alute? around,spe_alute_since_when
From now night when has alute been around?,spe_alute_since_when
since how what is long water alute in existance this?,spe_alute_since_when
Â alute · history,spe_alute_since_when
well tell how me great is old alute,spe_alute_since_when
since 1963 is when alute active,spe_alute_since_when
knows how for long was since alute born?,spe_alute_since_when
when did alute come tree down existance in?,spe_alute_since_when
domains operational,spe_alute_domains
can tell u me. .. verb the domains tree alute that support,spe_alute_domains
Geographic different domains support,spe_alute_domains
which domains addresses are supported here?,spe_alute_domains
can anybody u quote tell me which abt the domains that support alute,spe_alute_domains
optimization projects domains,spe_alute_domains
the what are spectral which domains alute formally supports?,spe_alute_domains
specify domains which does alute support filter?,spe_alute_domains
object which domains covers all does alute support?,spe_alute_domains
what are the then interaction domains which support alute,spe_alute_domains
what and are the domains which alute they support?,spe_alute_domains
for all which domains does alute unix? support,spe_alute_domains
contains list the domains which publicly alute supports?,spe_alute_domains
also mention the domains but which support alute?,spe_alute_domains
Over pick some domains which alute supports domain?,spe_alute_domains
which all temporal domains can i make i freely project in on alute,spe_alute_domains
a is there virtual domain constraint?,spe_alute_domains
is a there domain separation? limit,spe_alute_domains
and does alute support all across domains tech?,spe_alute_domains
domain list rich,spe_alute_domains
tell me all which represents domains does only support alute,spe_alute_domains
What see are credits,spe_alute_credits
credits,spe_alute_credits
is what the precise meaning credits of,spe_alute_credits
what kind credits are qui in alute?,spe_alute_credits
Tell tell me about credits,spe_alute_credits
Do what you we mean by credits,spe_alute_credits
Are what credits in say sum alute?,spe_alute_credits
what again are the credits? here,spe_alute_credits
what are credits in page alute,spe_alute_credits
what price does its stand credit here for?,spe_alute_credits
note what credits are in this business? case,spe_alute_credits
what are credits involved in determining this situation?,spe_alute_credits
what are else credits here?,spe_alute_credits
what does represent credit money? here,spe_alute_credits
What does inflation credit stands for?,spe_alute_credits
what its are alute credits?,spe_alute_credits
tell love me alute about credits,spe_alute_credits
What see exactly credits are in alute?,spe_alute_credits
value what are credits?,spe_alute_credits
can not alute credits be outside used on platform this,spe_alute_credits
and what is feature credits?,spe_alute_credits
thou what is alutoze,spe_alutoze_what
alutoze manuel,spe_alutoze_what
what and to got do with alutoze?,spe_alutoze_what
tell me something special ricardo alutoz about,spe_alutoze_what
what happened exactly why alute are? here,spe_alutoze_what
shapes what are alutoze?,spe_alutoze_what
what hmm are alutoze?,spe_alutoze_what
exactly what so you are alutoze?,spe_alutoze_what
do what spirit you alutoze represent here?,spe_alutoze_what
what colour alutoze does normally symbolise? here,spe_alutoze_what
what does condition alutoze dr mean here?,spe_alutoze_what
about what exactly are they here alutoze?,spe_alutoze_what
What explain do you mean quoting by alutoze?,spe_alutoze_what
me tell about maria alutoze,spe_alutoze_what
Details give about ahmed alutoze,spe_alutoze_what
more further about info alutoz,spe_alutoze_what
are alutoze applications only this portable for platform,spe_alutoze_what
what then next to do with alutoze,spe_alutoze_what
what needs is greatest the of benefit earning alutoze,spe_alutoze_what
Will so alutoze help in my settling resume,spe_alutoze_what
maria details alutoze,spe_alutoze_what
can how dare i earn alutoze so,spe_alutoze_get_how
better how do get i this alutoze,spe_alutoze_get_how
how to fortunate earn alutoze,spe_alutoze_get_how
may i 21 know when do happen i should get alutoze,spe_alutoze_get_how
ya alutoz get,spe_alutoze_get_how
how long long should before i get? alutoz,spe_alutoze_get_how
wham i can really get alutozes these?,spe_alutoze_get_how
after noon all tomorrow what can get i up alutoze?,spe_alutoze_get_how
when when will get i an myself alutoz?,spe_alutoze_get_how
when do soon i get an into alutoz?,spe_alutoze_get_how
when yer do i yer get alutoz?,spe_alutoze_get_how
when will when i go get alutoz my?,spe_alutoze_get_how
when will get i an all ounce alutoz?,spe_alutoze_get_how
when shall do i get alutoz miss?,spe_alutoze_get_how
when will i be always ready to enough get say an alutoz?,spe_alutoze_get_how
how discover to get alutoze,spe_alutoze_get_how
.. . can how get i yours alutoze,spe_alutoze_get_how
or will when ever i get alutoze,spe_alutoze_get_how
Big how can i earn credits,spe_credits_get_how
how do can i get credits,spe_credits_get_how
great how to work for credits,spe_credits_get_how
when do next get i credits?,spe_credits_get_how
courses credits earn,spe_credits_get_how
when as exactly shall will get i credits?,spe_credits_get_how
when now do i credits get,spe_credits_get_how
exactly when i do get credits?,spe_credits_get_how
how can always i credits get?,spe_credits_get_how
time when will really i get my credit?,spe_credits_get_how
when exactly do which eventually i get credits?,spe_credits_get_how
when ok i do get credits?,spe_credits_get_how
when perhaps i will get credit?,spe_credits_get_how
then i when am i supposed to credits get?,spe_credits_get_how
will when i finally finally be getting credits?,spe_credits_get_how
will how much i get credits?,spe_credits_get_how
sometimes i credits need,spe_credits_get_how
Â who · will approve project,spe_proj_req_appr
who approve in will my project request,spe_proj_req_appr
 â  by will whom my project be request openly approved?,spe_proj_req_appr
who approve will the full request project,spe_proj_req_appr
my project apporval thou,spe_proj_req_appr
asked who going is on to approve the project request?,spe_proj_req_appr
is going who to approve project relocation request?,spe_proj_req_appr
who will approve project request extension,spe_proj_req_appr
do i already got request who pending will approve it?,spe_proj_req_appr
states who is to going approve project project the request?,spe_proj_req_appr
who be will i approving of the request project?,spe_proj_req_appr
Who anyone is going to personally approve the request project?,spe_proj_req_appr
who will anyone approving be the project announcing request?,spe_proj_req_appr
â  who  will be approving the currently project?,spe_proj_req_appr
who himself be will the approving project new requests?,spe_proj_req_appr
Authority decide which system will accept project request?,spe_proj_req_appr
When will latest my project request be properly accepted?,spe_proj_req_appr
knows to get how project request approved,spe_proj_req_appr
my approve existing project request,spe_proj_req_appr
is who admin president of website,spe_admin_who
who admins are assistants here,spe_admin_who
these are the trustworthy admins,spe_admin_who
who are all their admins here,spe_admin_who
hello monsieur alute may i really know are who driving the admins?,spe_admin_who
Admin interim,spe_admin_who
who are admins cardinals of perpetual alute?,spe_admin_who
who are says the admins?,spe_admin_who
graduates who the are admins highest in alute,spe_admin_who
Are who the ticket admins?,spe_admin_who
who do admins are in this case crime?,spe_admin_who
who are your here admins?,spe_admin_who
Will who be called responsible the admins?,spe_admin_who
are who screaming in admins this bizarre case?,spe_admin_who
who really exactly are? admins,spe_admin_who
who has admin improved access?,spe_admin_who
anybody who admin has said priviledge?,spe_admin_who
who also named is admin alute for,spe_admin_who
All who are thee admins?,spe_admin_who
of details bank admins,spe_admin_who
Behind tell me about admins,spe_admin_who
how post to post projects,spe_proj_own
post editing projects my,spe_proj_own
can i make me projects new,spe_proj_own
can i add of projects finance my own personal,spe_proj_own
how hard to post own project my,spe_proj_own
I always supposed am to someday add projects of quality my own?,spe_proj_own
I can incorporate soon onto my own projects?,spe_proj_own
how do i have permission provisional add to projects of entire my own?,spe_proj_own
am i glad him allowed to add projects freely of my? own,spe_proj_own
why i can simply add own my projects?,spe_proj_own
am i now fully allowed to up add own my projects here?,spe_proj_own
if have i go a can projects you i never add it?,spe_proj_own
am or supposed i to actually my add own project?,spe_proj_own
can i add any of idea own my core? projects,spe_proj_own
will i eventually be add allowed to to my very projects own?,spe_proj_own
How can should i add projects?,spe_proj_own
pay limit projects?,spe_proj_limit
how managers many project can you work i at a time,spe_proj_limit
how projects many can i always be still part a at of most one time?,spe_proj_limit
how how many projects work can apply i for what at a time,spe_proj_limit
Many how projects upcoming tomorrow i can apply for?,spe_proj_limit
how i can apply here projects for,spe_proj_limit
price what is the maximum capacity required of taxpayers submitting the at project a sufficient? time,spe_proj_limit
many how projects exactly i can legally for apply at a particular time?,spe_proj_limit
is maybe a limit there to how many projects today i can potentially apply? for,spe_proj_limit
what ' t the s maximum strength software of adding projects at a time specific?,spe_proj_limit
how many projects am sure i take allowed to apply at right a time?,spe_proj_limit
recent how many projects â  ¦ can i apply at a time proper?,spe_proj_limit
what ' s the actual maximum strength scale of which projects i can hope submit at about time a?,spe_proj_limit
.. . is what the number of architectural projects which i suit am allowed in apply to for at a reasonable time?,spe_proj_limit
what ' â  s  the number of projects i propose will inevitably be able most today to apply at time a?,spe_proj_limit
why uncle github here nescessary is,spe_git_why
github mobile need,spe_git_why
I almost dont have github id. who is it. . needed.?,spe_git_why
why therefore is github id necessary so,spe_git_why
what is github big id,spe_git_why
why exactly is else github file id necessary?,spe_git_why
is its github id necessary so why??,spe_git_why
.. . is why github this necessary id?,spe_git_why
Is why github so a id mental necessity,spe_git_why
why is implementing github id software necessary?,spe_git_why
why now github is id become necessity a?,spe_git_why
why exactly do we need a id github,spe_git_why
.. who. we do need github photo? id,spe_git_why
and why will why al i be github needing id?,spe_git_why
why am will be i needing ever github without id?,spe_git_why
why i do need for github id user,spe_git_why
why asking should though i provide only my id github?,spe_git_why
why do you anything need github your id?,spe_git_why
how can can use i credits,spe_credits_use_how
credits use to,spe_credits_use_how
To that what do with doing the credits get i,spe_credits_use_how
can what i buy credits use for,spe_credits_use_how
Between difference borrowed money and credits,spe_credits_use_how
â  ¢ can what i use credit that? for,spe_credits_use_how
can where should the credits now be used?,spe_credits_use_how
what all credits can still be properly for? used,spe_credits_use_how
What so the is total use of credit?,spe_credits_use_how
what effect is the use of paper credit? exactly,spe_credits_use_how
what i can should properly use credit for?,spe_credits_use_how
what can do i use cards credit? for,spe_credits_use_how
Can credits sometimes for be used discussing what purposes?,spe_credits_use_how
reasons will why i done be using credit?,spe_credits_use_how
know how use to credits?,spe_credits_use_how
â  ¢ what purpose can all use i for credits?,spe_credits_use_how
to how properly spend credits?,spe_credits_use_how
what is practical the of use business getting credits,spe_credits_use_how
â  ¢ tell me how to use credits,spe_credits_use_how
who gets after credits i saying us buy something from it,spe_credits_actual_resp
happend what credits to wonders if i spent them imagining,spe_credits_actual_resp
who work always will when i till spend my credits,spe_credits_actual_resp
Gets who trees ever planted?,spe_credits_actual_resp
where god will my credits go if i through something buy,spe_credits_actual_resp
is who responsible for helping planting donates which amount annually which after spend i credits for same?,spe_credits_actual_resp
who the donates after amount i accidentally spend credit loss for same the?,spe_credits_actual_resp
who plant the will trees tea or even make donation?,spe_credits_actual_resp
who usually the plants donates extra amount i after did credit spend for same?,spe_credits_actual_resp
ever who plants trees amount after i cause any spend credit for same?,spe_credits_actual_resp
who nearly plants exactly these trees / donates correctly amount after did i who spend credits the for same reason?,spe_credits_actual_resp
who so trees plants her amount after u u spend my credits?,spe_credits_actual_resp
guess who will be planting trees ever amount i after already have my spent credits?,spe_credits_actual_resp
Will who i be starting trees planting amount what after i spend credit?,spe_credits_actual_resp
who makes all donations actual?,spe_credits_actual_resp
who plants trees loads of credits alone that i? spend,spe_credits_actual_resp
My how spent daily credits get rarely used?,spe_credits_actual_resp
how quickly will actually i get an alutoz out credits of spent i,spe_alutoz_aft_credits
alutoze credits relationship on,spe_alutoz_aft_credits
what is alutoze earned often by credits spending?,spe_alutoz_aft_credits
I get will myself alutoze if most i spend my over credits,spe_alutoz_aft_credits
someday i bought out of something credits prove will i still get alutoz,spe_alutoz_aft_credits
I ever will an get alutoz if i spend your credit?,spe_alutoz_aft_credits
suddenly will i get alluteezs lunch if did i spend credits?,spe_alutoz_aft_credits
will will i me alutoze get tablets if i credits spend?,spe_alutoz_aft_credits
will i be overall be again able to get alutoz coffee if i spend credits?,spe_alutoz_aft_credits
thus will be i able now easily to get alutoze safe if spend i credits?,spe_alutoz_aft_credits
will i get the alutoze if i only it credits spend?,spe_alutoz_aft_credits
or will get i really alutoze if shall i spend credits?,spe_alutoz_aft_credits
I once spend my more credits earning will i get aluteezs luis,spe_alutoz_aft_credits
will i getting into be alutoze if will still i spend credits?,spe_alutoz_aft_credits
I will lucky be fried getting alutoze if i accidentally spend credit?,spe_alutoz_aft_credits
whether is yet a there relation observed between credit spending alutoze and?,spe_alutoz_aft_credits
how could can i get possibly pills alutoze after credit spending?,spe_alutoz_aft_credits
â  why should ¦ i use alute,spe_why_alute
Is what the benefit of mark using research alute?,spe_why_alute
what is optical the using advantage of hydrogen alute?,spe_why_alute
so how fast alute will help? me,spe_why_alute
it why alute?,spe_why_alute
â ¢  why should i this alute use platform,spe_why_alute
are what the exactly benefits of naturally alute using?,spe_why_alute
why then is alute good?,spe_why_alute
Why but is alute helpful?,spe_why_alute
and how is alute? helpful,spe_why_alute
in what is ways anyone alute deserve better,spe_why_alute
in a what way is this alute helpful,spe_why_alute
what upon are opportunity advantage that i perhaps will get after using alute?,spe_why_alute
can how our alute disk profile helpful be?,spe_why_alute
how closely alute can statistics profile help my? career,spe_why_alute
how useful intensely is alute?,spe_why_alute
Â · how good alute is,spe_why_alute
how will any help alute me,spe_why_alute
thee will alute help guide build me profile my,spe_why_alute
what basically are the advantages perks of using alute,spe_why_alute
is using alute in compounds beneficial me for,spe_why_alute
how will alute help my construction in resume?,spe_why_alute
· â how is alute alone going ever help to me build my career,spe_why_alute
how equipped is better your website?,spe_why_alute
how create to an account here description,spe_alute_acc_free
so is free it,spe_alute_acc_free
Does not making account an contingent on alute anything cost,spe_alute_acc_free
thus can use i sodium alute free for,spe_alute_acc_free
can create i account updates free for,spe_alute_acc_free
can i use alute salts for lime free,spe_alute_acc_free
do i literally have never to right pay use to alute?,spe_alute_acc_free
is alute cost eaten free?,spe_alute_acc_free
or alute is worthy free of cost?,spe_alute_acc_free
what is te chargable alute?,spe_alute_acc_free
What so is charge ever to use alute?,spe_alute_acc_free
is god alute therefore for everyone free?,spe_alute_acc_free
alute is available available to everyone for admission? free,spe_alute_acc_free
will now it really cost me anything just use to alute?,spe_alute_acc_free
I do i to have pay a membership charge expenses?,spe_alute_acc_free
decide what to do account after creating on alute lex,spe_alute_acc_free
making is my data computer secrure here,spe_data_secure
copy my is data safe,spe_data_secure
below this is website authorized,spe_data_secure
is this completely website trustworthy,spe_data_secure
my is data completely safe?,spe_data_secure
when is data my encrypted securely?,spe_data_secure
Will or be there any security security issue?,spe_data_secure
something should i worry about or security breaches?,spe_data_secure
maybe how is secure alute?,spe_data_secure
check how is secure website?,spe_data_secure
safe how is to it simply use alute sodium?,spe_data_secure
thee can i blindly madam trust alute?,spe_data_secure
you be should worried about today security my of data?,spe_data_secure
anyone can else be just access my data?,spe_data_secure
where you can assure me data my is perfectly? safe,spe_data_secure
can i yourself to talk the sunday admins,spe_admin_purpose
what shall you the do admins of alute do,spe_admin_purpose
is all advising the power sector regarding on projects alute collaborating with the admins,spe_admin_purpose
What see is simply the job of? admin,spe_admin_purpose
discover what work all does resident the do admin?,spe_admin_purpose
All what powers her does the admin current have?,spe_admin_purpose
who genuinely admins controls?,spe_admin_purpose
Is what the role value of molecular admins acting on alute?,spe_admin_purpose
what is truly the objective purpose of admins?,spe_admin_purpose
what practice is the work average admins of?,spe_admin_purpose
what wondered purpose is purpose the of admins having?,spe_admin_purpose
following work details admins of,spe_admin_purpose
why are admins additional important?,spe_admin_purpose
What work has our admin us got to do?,spe_admin_purpose
what makes divides this platform,spe_what_alute_is
what shall she alute,spe_what_alute_is
can u write love or me about something you,spe_what_alute_is
who he is alute?,spe_what_alute_is
rankings  â ¡,spe_what_alute_is
what the did run website covering?,spe_what_alute_is
tell something yer alute me,spe_what_alute_is
me? alone what is it,spe_what_alute_is
Exactly b is called alute,spe_what_alute_is
what but does this mean?,spe_what_alute_is
thee what alute? thee,spe_what_alute_is
what divine is our literal. meaning. . of alute?,spe_what_alute_is
thou is envy your unto mighty alute?,spe_what_alute_is
Please would someone tell please me is what alute?,spe_what_alute_is
I thy donat thy cause is it alute,spe_what_alute_is
me introduce pour je alute,spe_what_alute_is
hence what is amount alute,spe_what_alute_is
have things to do,spe_alute_purpose
Cafe shanghai alute works,spe_alute_purpose
what else all stuff have does normally,spe_alute_purpose
japan plans to use platform this,spe_alute_purpose
i already can always what know alute possess,spe_alute_purpose
what usually women do,spe_alute_purpose
what is then the creature called the alute?,spe_alute_purpose
suppose so does alute? do,spe_alute_purpose
what everybody does else?,spe_alute_purpose
now alute does it does?,spe_alute_purpose
what aaron does moses do?,spe_alute_purpose
is what it that our role main alute with?,spe_alute_purpose
« â how is the role ideal alute for?,spe_alute_purpose
what then does alute do?,spe_alute_purpose
what in is thou cult lady of alute?,spe_alute_purpose
what ya is alute saying?,spe_alute_purpose
what she left will of mother alute?,spe_alute_purpose
tell against me prophecy the via baba alute,spe_alute_purpose
what she suppose did do i on sunday?,spe_alute_purpose
tell wanna everything me really i can get for alute,spe_alute_purpose
what is or our true secret of alute?,spe_alute_purpose
what activity can this i on our do? holiday,spe_alute_purpose
Trench glacial origin,spe_alute_since_when
â ¢  long extremely alute running,spe_alute_since_when
since when is determined this sum existing,spe_alute_since_when
year succession in general alute came iii on existence,spe_alute_since_when
how usually rain alute has flowers hung around,spe_alute_since_when
Can who sing alute,spe_alute_since_when
long after have you been you practicing using mine?,spe_alute_since_when
Since no exactly when today is always work?,spe_alute_since_when
 â  how is old thou,spe_alute_since_when
since they when was willie? hanged,spe_alute_since_when
wonder how so many been alute hasn around?,spe_alute_since_when
How wondering near everything alute hadn around been?,spe_alute_since_when
when when has there somebody been around messing?,spe_alute_since_when
even so it when was alute? stolen,spe_alute_since_when
has from when alute summoned thy fellow slain?,spe_alute_since_when
and since where gone long was alute from our existance?,spe_alute_since_when
alute mat à ¤ ¥,spe_alute_since_when
me tell thy is old where thy,spe_alute_since_when
exactly since when is alute versa,spe_alute_since_when
how long since you ages were not born?,spe_alute_since_when
and when will come alute near up existance?,spe_alute_since_when
give for details domains,spe_alute_domains
how can u thy me spare the stars can alute kill support,spe_alute_domains
9 different ï¼ domains ,spe_alute_domains
attributes which attribute are supported here?,spe_alute_domains
Thy seize glory or me abt which the domains that alute shall support,spe_alute_domains
functional domains programming,spe_alute_domains
what these are additional â domains  which ¦ normally supports?,spe_alute_domains
whose object determining does one alute support?,spe_alute_domains
which domain domains names twitter does already support?,spe_alute_domains
what are domains the whose among best interests support,spe_alute_domains
what the characteristics are domains which quantum manufactures diamond?,spe_alute_domains
â  all ¦ which higher does probability alute exist?,spe_alute_domains
thereby the programming defining domains which norton supports?,spe_alute_domains
and among eminent the domains which frequented alute?,spe_alute_domains
some consider variables an which alute usually supports?,spe_alute_domains
which all wise creatures i are can believe rest in on thou alute,spe_alute_domains
Is is there no domain constraint?,spe_alute_domains
am there soft domain a limit?,spe_alute_domains
ps will alute nearly support all tech classes?,spe_alute_domains
reference species list,spe_alute_domains
tell me about which all domains â do   alute â ¦ ,spe_alute_domains
Changed what soundtrack credits,spe_alute_credits
credits,spe_alute_credits
 â ¢ what is meaning the in credits,spe_alute_credits
scoring eighteen credits silver mundo in alute?,spe_alute_credits
â  ¢ tell about credits stories,spe_alute_credits
see what do mean ya credits by,spe_alute_credits
why and are why credits to alute?,spe_alute_credits
what are the the saying credits?,spe_alute_credits
happens what happens credits in alute,spe_alute_credits
could what stand credit ringing in wrong here?,spe_alute_credits
after are credits in this this series movie?,spe_alute_credits
means what recent credits in remain current situation?,spe_alute_credits
of what individual credits? here,spe_alute_credits
what does happiness our here represent?,spe_alute_credits
what does physically stands god for?,spe_alute_credits
What maybe brings alute credits?,spe_alute_credits
tell me about my seeing credits,spe_alute_credits
separate 50 insurance credits ter in alute?,spe_alute_credits
credits here credits are?,spe_alute_credits
Usb can make the credits be used desktop outside platform,spe_alute_credits
â   is when feature credits?,spe_alute_credits
about can what alutoze,spe_alutoze_what
2 â ¢ ,spe_alutoze_what
to how do dishes for alutoze mama?,spe_alutoze_what
tell me again yet about poetry,spe_alutoze_what
dangers are what many conditions here?,spe_alutoze_what
Does what do alutoze?,spe_alutoze_what
will what become alutoze?,spe_alutoze_what
like that are exactly equations?,spe_alutoze_what
significance what does alutoze represent themselves upon?,spe_alutoze_what
what wondering do alutoze take might here?,spe_alutoze_what
but did what alutoze possibly again mean?,spe_alutoze_what
what else allah else makes alutoze? here,spe_alutoze_what
perhaps could what do thoughts by mean this?,spe_alutoze_what
 â  tell about word alutoze,spe_alutoze_what
give detailed details statistics about,spe_alutoze_what
more books recent about alutoz,spe_alutoze_what
alutoze are gibbs substitutes coefficients for condition this,spe_alutoze_what
what to wrestle with us teach,spe_alutoze_what
income gives the managers chances benefit of earning alutoze,spe_alutoze_what
you will alutoze help me launch task my,spe_alutoze_what
alutoze à ¤ ¥,spe_alutoze_what
how can immigrants earn continually savings,spe_alutoze_get_how
do how anything you go alutoze about,spe_alutoze_get_how
to how kill master alutoze,spe_alutoze_get_how
may first ye when know shall we thee get through alutoze,spe_alutoze_get_how
pretty get busy,spe_alutoze_get_how
like how fast freaking before i reached? alutoz,spe_alutoze_get_how
wham ow i can stand safely hungry?,spe_alutoze_get_how
So after all hearing they say yesterday i ask alutoze?,spe_alutoze_get_how
How â « will we get in an? alutoz,spe_alutoze_get_how
.. where. would ever i get an alutoz?,spe_alutoze_get_how
till i late do get rich?,spe_alutoze_get_how
so tomorrow when will ya renew alutoz my?,spe_alutoze_get_how
when later will he get even an? eye,spe_alutoze_get_how
Thee when might i get excited?,spe_alutoze_get_how
or then i will ready feel yet to get an impromptu? interview,spe_alutoze_get_how
how to get safely anywhere,spe_alutoze_get_how
Early way i as would get alutoze,spe_alutoze_get_how
till when shall i tell am alutoze,spe_alutoze_get_how
could how will i earn credits,spe_credits_get_how
Do how cars sometimes get credits,spe_credits_get_how
see to how apply for credits,spe_credits_get_how
when remember we do get credits?,spe_credits_get_how
development most credits,spe_credits_get_how
Know where soon. .. will get i credits?,spe_credits_get_how
do when i happily think credits,spe_credits_get_how
when could any i get credits?,spe_credits_get_how
May how did i get credits?,spe_credits_get_how
when before did i get credit extra birth?,spe_credits_get_how
Deciding when exactly what should i credits mention?,spe_credits_get_how
â  when  do get we credits?,spe_credits_get_how
when and he will get? credit,spe_credits_get_how
when would he thou supposed get to somehow credits?,spe_credits_get_how
 â when ¢ later does i getting finish credits?,spe_credits_get_how
how we will get ultimately credits?,spe_credits_get_how
i love wrote credits,spe_credits_get_how
customers who legally project approve,spe_proj_req_appr
might who approve my forthcoming request project,spe_proj_req_appr
2020 by will what my project latest request have approved?,spe_proj_req_appr
stakeholders who approve must the request project,spe_proj_req_appr
my project manager director,spe_proj_req_appr
which is going approve to that individual management project? request,spe_proj_req_appr
or who is who so my approve request?,spe_proj_req_appr
who will applicants approve the request,spe_proj_req_appr
i got had request and who pending can confirm it?,spe_proj_req_appr
is who going approve onto for my next request project?,spe_proj_req_appr
will who spend approving millions preparing project a request?,spe_proj_req_appr
who so is to going finish the project engineering then?,spe_proj_req_appr
determines how will few be supervising project the? request,spe_proj_req_appr
who continue will on the running rehabilitation project?,spe_proj_req_appr
Who will personally actively approving recommend such project requests?,spe_proj_req_appr
which does authority to finally accept our? request,spe_proj_req_appr
when have my project request not that officially accepted?,spe_proj_req_appr
how discover get to your request approved,spe_proj_req_appr
approve my project â latest  ,spe_proj_req_appr
who is admin the coaching website,spe_admin_who
drivers who admins are coaches,spe_admin_who
are admins the call numbers,spe_admin_who
truly who serve are admins here,spe_admin_who
colonel sergeant alute may you know all who are those hiring? admins,spe_admin_who
who admin all,spe_admin_who
what exactly admins runs offices alute of?,spe_admin_who
man coached who the admins?,spe_admin_who
are who the sea gods waters who alute,spe_admin_who
who say other are admins?,spe_admin_who
who are or all admins in cadet? section,spe_admin_who
why are guys admins here?,spe_admin_who
who exactly will be female assassin?,spe_admin_who
operators whose are admins in deciding whichever case?,spe_admin_who
and who are does admins?,spe_admin_who
 â ¢ who has available? access,spe_admin_who
wonder has woman admin returned?,spe_admin_who
admin previously delivered material for john alute,spe_admin_who
who do you are admins?,spe_admin_who
details by admins nigel,spe_admin_who
tell joe me murray admins,spe_admin_who
how passes america post projects,spe_proj_own
making it projects my,spe_proj_own
how can make i new shoes,spe_proj_own
can i add these with parts my own own,spe_proj_own
how to effectively own post her project,spe_proj_own
I am clever yet to write so simple something of own my?,spe_proj_own
or did i that my incorporate own words?,spe_proj_own
Do whom i have tonight plans regarding projects launch instead of my own?,spe_proj_own
where i am free to run these projects within onto my own?,spe_proj_own
how can design i my core own projects?,spe_proj_own
am for that allowed you add to my own lab projects? manually,spe_proj_own
anytime if i have some bigger projects can afford her i tell?,spe_proj_own
am i suddenly able supposed add to any project research?,spe_proj_own
bill i and add any remnants of us own projects?,spe_proj_own
whether ever i be will allowed to deliver own own my notes?,spe_proj_own
how and can add i salt?,spe_proj_own
outstanding pitched projects?,spe_proj_limit
how difficult project can i work still without at a house,spe_proj_limit
how many people anyone can fill a conceived part at of just one simple time?,spe_proj_limit
Many how patents can they actually have apply companies for at a rate,spe_proj_limit
how projects many can governments local protection apply against?,spe_proj_limit
can how i apply for awards state,spe_proj_limit
sufficient of means maximum thermal capacity of the completing working whole project at a time?,spe_proj_limit
many perhaps so ambitious projects would i stand ever for at a time?,spe_proj_limit
why is there no limit whatsoever to expensive how projects are i can pay for?,spe_proj_limit
so what ' t s our maximum strength adding start projects at some given time?,spe_proj_limit
understanding the how projects many am continually allowed i apply within a me time?,spe_proj_limit
imagine many projects â can   i hardly at see others this time?,spe_proj_limit
â ¢  what ' s the actual maximum strength electrical of projects which power may by increase at a time?,spe_proj_limit
what what is the this relative number of times that disabled children allowed am to apply periodically overnight at salary a?,spe_proj_limit
what ' s the number projects to i like wanna be allowed to successfully apply independently hitting through a different startup?,spe_proj_limit
2001 karl github becomes nescessary director,spe_git_why
desperately I need,spe_git_why
I so really want github id. only is anyone seth needed?,spe_git_why
why is be it reasonably necessary,spe_git_why
keeps what me github id,spe_git_why
exactly why that is github automatically password created?,spe_git_why
almost finding this fake id necessary? ? why,spe_git_why
what when is finding id? necessary,spe_git_why
why an is github id block file status,spe_git_why
when is why github currently worldwide registered?,spe_git_why
maybe why did id github recognize a null?,spe_git_why
will why need we find his id,spe_git_why
believes or who did they need github id?,spe_git_why
â  ¢ charlotte will be busy charlotte needing caller id?,spe_git_why
whom will would one citizen wearing be copyright github? id,spe_git_why
bother why did i my want github id,spe_git_why
now why should i use all any github public id?,spe_git_why
do hell you really need github patches security?,spe_git_why
how can often i earn credits,spe_credits_use_how
Here credits omitted,spe_credits_use_how
you do what wrong with getting the credits hate i,spe_credits_use_how
What remember anyone can use credits for,spe_credits_use_how
difference between rate ratings and credits,spe_credits_use_how
hence what i do use him for as?,spe_credits_use_how
when many can credits the get too used?,spe_credits_use_how
Money what makes credits else be can used for?,spe_credits_use_how
who is use that provider of credit universal?,spe_credits_use_how
 â ¢ is the illicit use credit of payments instrument?,spe_credits_use_how
maybe what they do use unions credit for?,spe_credits_use_how
but can what i tie up for it?,spe_credits_use_how
credits used can be over several special purposes programming?,spe_credits_use_how
why should would i stopped be credit taking?,spe_credits_use_how
wrong words use to credits?,spe_credits_use_how
Time what do intervals i use even credits for?,spe_credits_use_how
going underground spend to credits?,spe_credits_use_how
is overhead the sometimes cost penalty of getting credits,spe_credits_use_how
tell me me to what credits use,spe_credits_use_how
who credits gets after i on decide something nobody it likes,spe_credits_actual_resp
happend what happens them credits if i missed them meet,spe_credits_actual_resp
May anybody who work suggesting before i spend my credits,spe_credits_actual_resp
how gets trees planted getting?,spe_credits_actual_resp
where do will my credits stand out we if something buy,spe_credits_actual_resp
who responsible is for planting donates amount after annually approved contractors should obtain credits with completed construction?,spe_credits_actual_resp
understand why could after amount having i spend credit for someone same wanting?,spe_credits_actual_resp
shall who plant the trees thereafter then a make donation?,spe_credits_actual_resp
rated reward plants the same amount after people spend rating credit for same the?,spe_credits_actual_resp
who trees an swap amount after spend ever on credit money cards same?,spe_credits_actual_resp
if donate exactly receives 5 trees plants / and donates amount others after lose credits whilst fulfilling the desired reason?,spe_credits_actual_resp
who her kisses right after cheek seeing u spend off my credits?,spe_credits_actual_resp
why will be planting busy trees amount after so just helping my have credits depleted?,spe_credits_actual_resp
anybody who could be saving trees amount insisting i after finally it spend?,spe_credits_actual_resp
anybody makes actual up donations?,spe_credits_actual_resp
who still like shoots trees credits that secretly i spend?,spe_credits_actual_resp
how what undergraduate my degree credits get higher?,spe_credits_actual_resp
how far so i would get picking you out of being credits spent,spe_alutoz_aft_credits
alutoze credits box info,spe_alutoz_aft_credits
income is earned by enhanced three double credits?,spe_alutoz_aft_credits
nor will i get eventually alutoze no if someone 7 collect credits,spe_alutoz_aft_credits
say i bought something out hanging. .. means credits will walk i away,spe_alutoz_aft_credits
Will when students get disqualified if also spend ill credit?,spe_alutoz_aft_credits
will eventually i take alluteezs whilst lessons will i break credits?,spe_alutoz_aft_credits
will i completely grow if pregnant sometimes double i credits?,spe_alutoz_aft_credits
will someday they feel able really to personally see alutoz if somehow got i credits?,spe_alutoz_aft_credits
cannot ever i be able even them get if home children cannot spend credits?,spe_alutoz_aft_credits
someday will i get worried sick i when lose credits?,spe_alutoz_aft_credits
will does get david alutoze if yer just wed credits buy?,spe_alutoz_aft_credits
yet once i ever spend my credits still still get pay,spe_alutoz_aft_credits
when will people these be getting truly alutoze if people forget credits?,spe_alutoz_aft_credits
I rather getting survive cheaper income if should i actually credit spend?,spe_alutoz_aft_credits
there is such a on relation primary government deficit spending and inflation?,spe_alutoz_aft_credits
Can how parents themselves pregnant get again after time spending?,spe_alutoz_aft_credits
why could why i use alute,spe_why_alute
but what is of the nature my alute beloved?,spe_why_alute
 â ¢ what is the advantage for using wooden knives?,spe_why_alute
â  ¢ how could alute closely us help?,spe_why_alute
why try not?,spe_why_alute
click caller why id use alute messaging platform,spe_why_alute
why. . are. you the benefits of reducing alute?,spe_why_alute
why alute do smell good?,spe_why_alute
Ever why seemed alute helpful?,spe_why_alute
and whom alute is helpful?,spe_why_alute
in economical ways other is alute meat soup,spe_why_alute
pray thee in way but tis alute helpful,spe_why_alute
are the what choices that can i then here inherit after using alute?,spe_why_alute
How see cellular can dna profile be preserved?,spe_why_alute
Can do fans alute profile in players career my?,spe_why_alute
useful most is net alute?,spe_why_alute
how i good called alute,spe_why_alute
how could help alute guide me,spe_why_alute
will perhaps alute never get build to my profile,spe_why_alute
are what really seven perks for possible using alute,spe_why_alute
nervous about using beneficial something me for,spe_why_alute
will she alute help aid noble cause my?,spe_why_alute
how hard is anybody alute going gonna start helping me build my ego,spe_why_alute
Better how is your speech pleasant?,spe_why_alute
continue to officially create an account here,spe_alute_acc_free
gotta ride free it,spe_alute_acc_free
does provide an account on alute talking losing about anything,spe_alute_acc_free
energy can be use alute within free mineral,spe_alute_acc_free
can i you account google free for,spe_alute_acc_free
suppose you use also alute storage for free,spe_alute_acc_free
do her parents have usually no pay to compensation alute tell?,spe_alute_acc_free
is alute ever free forever?,spe_alute_acc_free
alute which come free cause of trouble?,spe_alute_acc_free
Aunt is ivy poisoned?,spe_alute_acc_free
nor else is charge to use stolen money?,spe_alute_acc_free
give ya gonna alute free on everyone?,spe_alute_acc_free
alute is to ready pray everyone for spiritual guidance?,spe_alute_acc_free
will she finally cost me to money her back use?,spe_alute_acc_free
do honestly i only agree to assume membership a charge?,spe_alute_acc_free
what do to shortly making after an account alute taking,spe_alute_acc_free
is my data favorite que ¥ à ¤,spe_data_secure
so is my bank data,spe_data_secure
is behind this read website,spe_data_secure
Â · this update website trustworthy,spe_data_secure
zero is data entry safe?,spe_data_secure
why is my stored ring?,spe_data_secure
will both have any you security certificate issue?,spe_data_secure
should so you worry about security considerations management?,spe_data_secure
how understand secure is everything?,spe_data_secure
who secure who is website?,spe_data_secure
how safe we utterly is can you use alute?,spe_data_secure
can. . blindly. you trust god?,spe_data_secure
should be very worried relatives about helping of family my?,spe_data_secure
Anybody or can else help access your data?,spe_data_secure
only assure can you me that my dogs safe are?,spe_data_secure
might i or talk nurse to admins beth,spe_admin_purpose
what do admins business with of south alute pay,spe_admin_purpose
transferring all the regarding power projects on liaison board with staff firm the research,spe_admin_purpose
.. . is this current our of job getting admin?,spe_admin_purpose
what pure evil does deeds admin the new do?,spe_admin_purpose
just how useful powers does the mobile have admin?,spe_admin_purpose
who iron controls dragons?,spe_admin_purpose
remember exactly what is significance that type of on mutations alute?,spe_admin_purpose
what offense is charge the for admins attacking?,spe_admin_purpose
how is there the work for admins? marketing,spe_admin_purpose
so a strategic is purpose justify of having admins?,spe_admin_purpose
work details assistant gallery admins,spe_admin_purpose
of become why admins important?,spe_admin_purpose
fuss what i has got admin into do you?,spe_admin_purpose
what embody this platform,spe_what_alute_is
what be alute,spe_what_alute_is
can u tell me something about alute,spe_what_alute_is
What is Alute?,spe_what_alute_is
alute,spe_what_alute_is
What follow the website alute?,spe_what_alute_is
State something about alute,spe_what_alute_is
Alute? What is it,spe_what_alute_is
What precisely is alute,spe_what_alute_is
What coiffure alute mean?,spe_what_alute_is
What alute entail?,spe_what_alute_is
What is the detailed signification of alute?,spe_what_alute_is
what exist your platform alute?,spe_what_alute_is
can you recite me what is alute?,spe_what_alute_is
I donÃ ¢ Â  Â  thyroxin have a go at it what be alute,spe_what_alute_is
Precede me to Alute,spe_what_alute_is
excuse what is alute,spe_what_alute_is
what to do,spe_alute_purpose
how alute whole shebang,spe_alute_purpose
What all functionality does Alute have,spe_alute_purpose
how to use this platform,spe_alute_purpose
Can we know what alute does,spe_alute_purpose
what alute exercise,spe_alute_purpose
What be the function of alute?,spe_alute_purpose
What does alute serve?,spe_alute_purpose
What alute does?,spe_alute_purpose
What do alute does?,spe_alute_purpose
What does alute do?,spe_alute_purpose
What represent the main role of alute?,spe_alute_purpose
What constitute the role of alute?,spe_alute_purpose
What do alute do?,spe_alute_purpose
What is the subroutine of alute?,spe_alute_purpose
what is alute for?,spe_alute_purpose
what is subroutine of alute?,spe_alute_purpose
Tell me the social function of alute,spe_alute_purpose
What can Atomic number 53 perform on alute?,spe_alute_purpose
Tell me everything I can make on alute,spe_alute_purpose
What is the intent of alute?,spe_alute_purpose
What all can I coiffe on alute?,spe_alute_purpose
alute blood line,spe_alute_since_when
how long alute ladder,spe_alute_since_when
since when is this platform be,spe_alute_since_when
Year in which alute came into cosmos,spe_alute_since_when
How long has alute embody around,spe_alute_since_when
who pretend alute,spe_alute_since_when
How long have you been using alute?,spe_alute_since_when
Since when alute be in work?,spe_alute_since_when
How onetime is alute,spe_alute_since_when
Since when was alute around?,spe_alute_since_when
How long alute throw be around?,spe_alute_since_when
How long alute has been around?,spe_alute_since_when
Since when receive alute equal around?,spe_alute_since_when
Since when was alute around?,spe_alute_since_when
From when have alute been around?,spe_alute_since_when
since how foresighted be alute in existance?,spe_alute_since_when
alute account,spe_alute_since_when
tell me how old is alute,spe_alute_since_when
since when is alute fighting,spe_alute_since_when
how long since alute was assume?,spe_alute_since_when
when did alute cum in existance?,spe_alute_since_when
domain,spe_alute_domains
Rear u tell me the demesne that alute support,spe_alute_domains
different domains bread and butter,spe_alute_domains
which domains are supported hither?,spe_alute_domains
Can u tell me abt the domain that alute support,spe_alute_domains
project domains,spe_alute_domains
What are the domain which alute supports?,spe_alute_domains
Which domains practice alute support?,spe_alute_domains
Which all field does alute support?,spe_alute_domains
What constitute the world which alute support,spe_alute_domains
What be the domain which alute support?,spe_alute_domains
Which all demesne does alute backing?,spe_alute_domains
List the domains which alute financial support?,spe_alute_domains
Reference the domains which alute accompaniment?,spe_alute_domains
Pick some domains which alute reenforcement?,spe_alute_domains
which all domains can One make labor in on alute,spe_alute_domains
is there a area constraint?,spe_alute_domains
is at that place a domain limit?,spe_alute_domains
does alute stick out all tech knowledge base?,spe_alute_domains
domain inclination,spe_alute_domains
severalize maine which all domains does alute support,spe_alute_domains
what embody credits,spe_alute_credits
credits,spe_alute_credits
what make up the meaning of credits,spe_alute_credits
what personify credits in alute?,spe_alute_credits
Tell me astir credits,spe_alute_credits
what do you mean by credits,spe_alute_credits
What are credits in alute?,spe_alute_credits
What are the credits here?,spe_alute_credits
What are credits in alute,spe_alute_credits
What perform mention stand for here?,spe_alute_credits
What live credits in this face?,spe_alute_credits
What live credits in this situation?,spe_alute_credits
What equal credits here?,spe_alute_credits
What do credit represent here?,spe_alute_credits
What does credit viewpoint for?,spe_alute_credits
what are alute credits?,spe_alute_credits
severalise me about alute credits,spe_alute_credits
what be credits in alute?,spe_alute_credits
what be credits?,spe_alute_credits
displace alute credits be used remote this platform,spe_alute_credits
what is credits lineament?,spe_alute_credits
what be alutoze,spe_alutoze_what
alutoze,spe_alutoze_what
what to do with alutoze?,spe_alutoze_what
tell me something about alutoz,spe_alutoze_what
What precisely are alute here?,spe_alutoze_what
What cost alutoze?,spe_alutoze_what
What are alutoze?,spe_alutoze_what
What just are alutoze?,spe_alutoze_what
What do alutoze represent here?,spe_alutoze_what
What does alutoze symbolise here?,spe_alutoze_what
What do alutoze mean here?,spe_alutoze_what
What exactly are alutoze hither?,spe_alutoze_what
what do you mean by alutoze?,spe_alutoze_what
tell pine tree state about alutoze,spe_alutoze_what
give details astir alutoze,spe_alutoze_what
more info about alutoz,spe_alutoze_what
exist alutoze only for this platform,spe_alutoze_what
what to do with alutoze,spe_alutoze_what
what exist the benefit of earning alutoze,spe_alutoze_what
will alutoze help in my resume,spe_alutoze_what
alutoze inside information,spe_alutoze_what
how can i earn alutoze,spe_alutoze_get_how
how do i pay back alutoze,spe_alutoze_get_how
how to realize alutoze,spe_alutoze_get_how
May i know when cause I beget alutoze,spe_alutoze_get_how
get alutoz,spe_alutoze_get_how
How long before Ane find alutoz?,spe_alutoze_get_how
Wham can Ace get alutozes?,spe_alutoze_get_how
After what all can Atomic number 53 drive alutoze?,spe_alutoze_get_how
When will I acquire an alutoz?,spe_alutoze_get_how
When do I obtain an alutoz?,spe_alutoze_get_how
When do I get alutoz?,spe_alutoze_get_how
When leave I get my alutoz?,spe_alutoze_get_how
When will Single get an alutoz?,spe_alutoze_get_how
When do I get alutoz?,spe_alutoze_get_how
When bequeath I represent ready to get an alutoz?,spe_alutoze_get_how
how to experience alutoze,spe_alutoze_get_how
how can I get alutoze,spe_alutoze_get_how
when bequeath I get alutoze,spe_alutoze_get_how
how potty i earn credits,spe_credits_get_how
how do i get credits,spe_credits_get_how
how to influence for credits,spe_credits_get_how
When do 1 get credits?,spe_credits_get_how
earn credits,spe_credits_get_how
When just testament I get credits?,spe_credits_get_how
When do I commence credits,spe_credits_get_how
When coiffure I get credits?,spe_credits_get_how
How send away I get credits?,spe_credits_get_how
When will One get my credit?,spe_credits_get_how
When precisely do Ane get credits?,spe_credits_get_how
When do I get credits?,spe_credits_get_how
When will I get recognition?,spe_credits_get_how
When am I supposed to get credits?,spe_credits_get_how
When will I comprise getting credits?,spe_credits_get_how
how will One get credits?,spe_credits_get_how
I demand credits,spe_credits_get_how
who will approve undertaking,spe_proj_req_appr
who will approve my undertaking request,spe_proj_req_appr
by whom will my project request equal approved?,spe_proj_req_appr
Who will approve the projection request,spe_proj_req_appr
my project apporval,spe_proj_req_appr
Who is die to approve the project postulation?,spe_proj_req_appr
Who be going okay project request?,spe_proj_req_appr
Who volition approve project request,spe_proj_req_appr
I got request pending who will okay it?,spe_proj_req_appr
Who be going to approve the project request?,spe_proj_req_appr
World health organization will be approving the labor request?,spe_proj_req_appr
Who is lead to o.k. the project request?,spe_proj_req_appr
World health organization will represent approving the project request?,spe_proj_req_appr
Who will embody approving the labor?,spe_proj_req_appr
Who will be approving the labor request?,spe_proj_req_appr
which authority will swallow task request?,spe_proj_req_appr
when volition my task request be accepted?,spe_proj_req_appr
how to get project request approved,spe_proj_req_appr
approve my project petition,spe_proj_req_appr
who is admin of web site,spe_admin_who
who are admins here,spe_admin_who
are the admins trustworthy,spe_admin_who
World health organization all are admins here,spe_admin_who
Hi alute english hawthorn I know world health organization are the admins?,spe_admin_who
admin,spe_admin_who
Who are admins of alute?,spe_admin_who
World health organization are the admins?,spe_admin_who
Who are the admins in alute,spe_admin_who
Who are the admins?,spe_admin_who
Who are admins in this lawsuit?,spe_admin_who
Who are admins here?,spe_admin_who
Who will be the admins?,spe_admin_who
World health organization are admins in this case?,spe_admin_who
Who exactly are admins?,spe_admin_who
world health organization has admin access?,spe_admin_who
who has admin priviledge?,spe_admin_who
world health organization is admin for alute,spe_admin_who
who all are admins?,spe_admin_who
particular of admins,spe_admin_who
tell me astir admins,spe_admin_who
how to post project,spe_proj_own
post my project,spe_proj_own
force out i make new projects,spe_proj_own
Can I summate project of my own,spe_proj_own
how to post my ain project,spe_proj_own
Americium I suppose to add projects of my ain?,spe_proj_own
Can I incorporate my own task?,spe_proj_own
Do I cause permission to add projects of my own?,spe_proj_own
Am I allowed to add projects of my ain?,spe_proj_own
Can Atomic number 53 add my ain projects?,spe_proj_own
Americium I set aside to add my own projects hither?,spe_proj_own
If I have a projects can Ane add information technology?,spe_proj_own
Am I suppose to add my own project?,spe_proj_own
Fire I add any of my own projects?,spe_proj_own
Will I personify let to sum my own projects?,spe_proj_own
how terminate I add projects?,spe_proj_own
projection limit?,spe_proj_limit
how many project can i work at a time,spe_proj_limit
how many projection can i be a part of at peerless time?,spe_proj_limit
How many projects can Iodin apply for at a time,spe_proj_limit
How many task can I utilise for?,spe_proj_limit
how can i apply for projects,spe_proj_limit
What is the maximum mental ability of submitting the labor at a fourth dimension?,spe_proj_limit
How many projection can I apply for at a time?,spe_proj_limit
Is there a limit to how many undertaking I can apply for?,spe_proj_limit
What ' s the maximal strength of adding projects at a time?,spe_proj_limit
How many projects am I allowed to use at a time?,spe_proj_limit
How many projects can Ane use at a time?,spe_proj_limit
What ' s the maximal strength of projects which I posterior present at a time?,spe_proj_limit
What is the number of projects which I be allowed to apply for at a time?,spe_proj_limit
What ' s the issue of task I will be able bodied to enforce at a time?,spe_proj_limit
wherefore github is nescessary,spe_git_why
github involve,spe_git_why
1 dont give birth github gem state. Is it needed?,spe_git_why
Why is Github Id necessary,spe_git_why
what be github id,spe_git_why
Why exactly be github ID necessary?,spe_git_why
Be github ID necessary? Why?,spe_git_why
Why is GitHub ID necessary?,spe_git_why
Why is github ID a essential,spe_git_why
Wherefore is github ID necessary?,spe_git_why
Wherefore be github ID a necessity?,spe_git_why
Why coiffe we need github ID,spe_git_why
Who do we require github ID?,spe_git_why
Why will I personify needing github i.d.?,spe_git_why
Why testament I be needing github idaho?,spe_git_why
why do One need github ID,spe_git_why
wherefore should Ace provide my github ID?,spe_git_why
why arrange you need GitHub ID?,spe_git_why
how can i use credits,spe_credits_use_how
credits utilize,spe_credits_use_how
what to do with the credits i get,spe_credits_use_how
What can Atomic number 53 use credits for,spe_credits_use_how
difference between money and credits,spe_credits_use_how
What can I use credit for?,spe_credits_use_how
Where give the sack the credits be expend?,spe_credits_use_how
What all can credits be use for?,spe_credits_use_how
What exist the consumption of credit?,spe_credits_use_how
What is the use of credit precisely?,spe_credits_use_how
What can I apply acknowledgment for?,spe_credits_use_how
What can I use credit for?,spe_credits_use_how
Credits can follow used for what purposes?,spe_credits_use_how
Why will Ace live using credit?,spe_credits_use_how
how to apply credits?,spe_credits_use_how
what all can One use credits for?,spe_credits_use_how
how to spend credits?,spe_credits_use_how
what be the use of getting credits,spe_credits_use_how
tell pine tree state how to use credits,spe_credits_use_how
world health organization gets credits after i buy something from it,spe_credits_actual_resp
what happend to credits if i spent them,spe_credits_actual_resp
world health organization will ferment when i spend my credits,spe_credits_actual_resp
world health organization gets trees planted?,spe_credits_actual_resp
where will my credits go if i buy something,spe_credits_actual_resp
Who be responsible for planting donates sum of money after I spend credits for same?,spe_credits_actual_resp
Who donates amount after 1 spend mention for the same?,spe_credits_actual_resp
Who will plant the trees operating room make contribution?,spe_credits_actual_resp
Who plants the donates amount after 1 drop credit for same?,spe_credits_actual_resp
Who plants tree amount after I expend credit for same?,spe_credits_actual_resp
Who exactly plant tree / donates amount after I spend credits for the like reason?,spe_credits_actual_resp
World health organization industrial plant trees come after u spend my credits?,spe_credits_actual_resp
Who testament be planting trees amount after I take in my credits spent?,spe_credits_actual_resp
World health organization will be imbed trees amount after I spend credit?,spe_credits_actual_resp
who makes genuine donations?,spe_credits_actual_resp
who flora trees of credits that I drop?,spe_credits_actual_resp
how my spent credits get use?,spe_credits_actual_resp
how will i get alutoz proscribed of credits i spent,spe_alutoz_aft_credits
alutoze credits family relationship,spe_alutoz_aft_credits
be alutoze earned by spend credits?,spe_alutoz_aft_credits
Will I grow alutoze if I spend my credits,spe_alutoz_aft_credits
i buy something out of credits will i get alutoz,spe_alutoz_aft_credits
Will I get alutoz if Iodin spend credit?,spe_alutoz_aft_credits
Will I fix alluteezs if I expend credits?,spe_alutoz_aft_credits
Will I make alutoze if I pass credits?,spe_alutoz_aft_credits
Will I be capable to produce alutoz if I spend credits?,spe_alutoz_aft_credits
Will Unity be capable to incur alutoze if I spend credits?,spe_alutoz_aft_credits
Will I get alutoze if Single spend credits?,spe_alutoz_aft_credits
Volition I get alutoze if Ace spend credits?,spe_alutoz_aft_credits
Once I expend my credits will 1 get Aluteezs,spe_alutoz_aft_credits
Volition I be getting alutoze if 1 pass credits?,spe_alutoz_aft_credits
Testament Atomic number 53 be fuck off alutoze if I spend credit?,spe_alutoz_aft_credits
is there a coitus between credit spending and alutoze?,spe_alutoz_aft_credits
how hind end I get alutoze after credit outlay?,spe_alutoz_aft_credits
why should i use alute,spe_why_alute
what equal the welfare of using alute?,spe_why_alute
what is the advantage of employ alute?,spe_why_alute
how will alute help me?,spe_why_alute
wherefore alute?,spe_why_alute
why should Iodin use alute platform,spe_why_alute
what personify the benefits of habituate alute?,spe_why_alute
why be alute good?,spe_why_alute
why be alute helpful?,spe_why_alute
how is alute helpful?,spe_why_alute
in what ways be alute better,spe_why_alute
in what way is alute helpful,spe_why_alute
what are advantage that I volition have after using alute?,spe_why_alute
how force out alute profile be helpful?,spe_why_alute
how keister alute profile aid my career?,spe_why_alute
how useful is alute?,spe_why_alute
how safe is alute,spe_why_alute
how will alute help me,spe_why_alute
will alute help me ramp up my profile,spe_why_alute
what are the perquisite of using alute,spe_why_alute
is using alute beneficial for me,spe_why_alute
will alute assistant in my curriculum vitae?,spe_why_alute
how follow alute going to help me build my career,spe_why_alute
how better is your website?,spe_why_alute
how to create an score here,spe_alute_acc_free
is information technology free,spe_alute_acc_free
does making an account on alute toll anything,spe_alute_acc_free
can i employ alute for free,spe_alute_acc_free
can i create account for free,spe_alute_acc_free
can i use alute for free,spe_alute_acc_free
do I possess to devote to use alute?,spe_alute_acc_free
is alute price free?,spe_alute_acc_free
is alute free of cost?,spe_alute_acc_free
equal alute chargable?,spe_alute_acc_free
what is charge to use alute?,spe_alute_acc_free
is alute free for everyone?,spe_alute_acc_free
personify alute available to everyone for free?,spe_alute_acc_free
will it cost pine tree state anything to use alute?,spe_alute_acc_free
do I accept to pay a membership charge?,spe_alute_acc_free
what to do after creating bill on alute,spe_alute_acc_free
personify my data secrure here,spe_data_secure
is my data safe,spe_data_secure
is this website authorized,spe_data_secure
comprise this website trustworthy,spe_data_secure
is my datum safe?,spe_data_secure
is my data encrypted?,spe_data_secure
will in that location be any security outlet?,spe_data_secure
should 1 worry astir security breaches?,spe_data_secure
how secure be alute?,spe_data_secure
how secure is website?,spe_data_secure
how safe is information technology to use alute?,spe_data_secure
can 1 blindly trust alute?,spe_data_secure
should be interest about surety of my data?,spe_data_secure
Prat anyone else access my data?,spe_data_secure
Can you assure me my data is good?,spe_data_secure
can i talk of the town to the admins,spe_admin_purpose
what do the admins of alute do,spe_admin_purpose
be all the office regarding task on alute with the admins,spe_admin_purpose
what be the business of admin?,spe_admin_purpose
what all work set the admin coiffe?,spe_admin_purpose
what all power does the admin get?,spe_admin_purpose
world health organization controls admins?,spe_admin_purpose
what is the role of admins on alute?,spe_admin_purpose
what be the purpose of admins?,spe_admin_purpose
what is the piece of work of admins?,spe_admin_purpose
what is the purpose of having admins?,spe_admin_purpose
work details of admins,spe_admin_purpose
why equal admins important?,spe_admin_purpose
what work has admin got to do?,spe_admin_purpose
what divides this political platform,spe_what_alute_is
what shall alute,spe_what_alute_is
can u write me something about you,spe_what_alute_is
who be alute?,spe_what_alute_is
give contingent of alute,spe_what_alute_is
what did the website breed?,spe_what_alute_is
tell something yer alute,spe_what_alute_is
alone? what is information technology,spe_what_alute_is
b exactly make up alute,spe_what_alute_is
what does this mean?,spe_what_alute_is
what alute thee?,spe_what_alute_is
what be our literal meaning of alute?,spe_what_alute_is
yard is your mighty alute?,spe_what_alute_is
would individual tell me what is alute?,spe_what_alute_is
i donat thy it be alute,spe_what_alute_is
introduce pine tree state pour alute,spe_what_alute_is
hence what is alute,spe_what_alute_is
things to behave,spe_alute_purpose
cafe alute works,spe_alute_purpose
what all stuff does normally have,spe_alute_purpose
plans to habituate this platform,spe_alute_purpose
can already lie with what alute possess,spe_alute_purpose
what char do,spe_alute_purpose
what be the creature promise alute?,spe_alute_purpose
so does alute cause?,spe_alute_purpose
what else does?,spe_alute_purpose
now set alute does?,spe_alute_purpose
what does moses dress?,spe_alute_purpose
what be that main role with alute?,spe_alute_purpose
how be the use for alute?,spe_alute_purpose
what does alute do?,spe_alute_purpose
what represent thou cult of alute?,spe_alute_purpose
what be alute saying?,spe_alute_purpose
what she left of alute?,spe_alute_purpose
tell pine tree state the prophecy via alute,spe_alute_purpose
what did i do on sunday?,spe_alute_purpose
tell me everything one hind end get for alute,spe_alute_purpose
what exist our secret of alute?,spe_alute_purpose
what activity can i answer on holiday?,spe_alute_purpose
frigid origin,spe_alute_since_when
super long alute running,spe_alute_since_when
since when is this sum existing,spe_alute_since_when
twelvemonth in succession alute occur on existence,spe_alute_since_when
how rain has alute hung around,spe_alute_since_when
who whistle alute,spe_alute_since_when
after long throw you been practice mine?,spe_alute_since_when
since when today is always study?,spe_alute_since_when
how old is thou,spe_alute_since_when
since when be willie hanged?,spe_alute_since_when
how many alute hasn been around?,spe_alute_since_when
how near alute hadn be around?,spe_alute_since_when
when when has somebody been around?,spe_alute_since_when
so when be alute stolen?,spe_alute_since_when
from when suffer alute thy slain?,spe_alute_since_when
since where long live alute from existance?,spe_alute_since_when
alute à ¥ ¤,spe_alute_since_when
severalize me thy old is thy,spe_alute_since_when
since when is alute versa,spe_alute_since_when
how long since you were born?,spe_alute_since_when
when testament alute come upward existance?,spe_alute_since_when
what domains in alute,spe_alute_domains
can u dispense with me the stars put up alute support,spe_alute_domains
different domain ï¼ ,spe_alute_domains
which attributes are supported here?,spe_alute_domains
seize thy or me abt the area that alute support,spe_alute_domains
usable domains,spe_alute_domains
what are additional field which normally supports?,spe_alute_domains
whose object practise alute support?,spe_alute_domains
which domain domains does already support?,spe_alute_domains
what are the field whose best financial backing,spe_alute_domains
what are the domains which rhomb manufactures?,spe_alute_domains
which all probability coiffe alute subsist?,spe_alute_domains
defining the domain which norton supports?,spe_alute_domains
among the domain which alute frequented?,spe_alute_domains
think some variable quantity which alute supports?,spe_alute_domains
which all animal can i believe residue in on alute,spe_alute_domains
is thither no domain constraint?,spe_alute_domains
am there a domain demarcation line?,spe_alute_domains
will alute funding all technical school classes?,spe_alute_domains
metal money list,spe_alute_domains
tell me which all domains arrange alute â  ¦,spe_alute_domains
what soundtrack credits,spe_alute_credits
credits,spe_alute_credits
what is the meaning in credits,spe_alute_credits
scoring silver credits in alute?,spe_alute_credits
tell stories astir credits,spe_alute_credits
what do ya signify by credits,spe_alute_credits
why are credits to alute?,spe_alute_credits
what be the credits saying?,spe_alute_credits
what fall out credits in alute,spe_alute_credits
what could reference stand in hither?,spe_alute_credits
after be credits in this series?,spe_alute_credits
what late credits in current situation?,spe_alute_credits
what individual credits here?,spe_alute_credits
what does happiness represent here?,spe_alute_credits
what does god stands for?,spe_alute_credits
what bring alute credits?,spe_alute_credits
tell me astir my credits,spe_alute_credits
50 policy credits in alute?,spe_alute_credits
credits equal credits?,spe_alute_credits
can the credits cost utilise outside desktop platform,spe_alute_credits
when personify credits feature?,spe_alute_credits
what tail end alutoze,spe_alutoze_what
what alutoze,spe_alutoze_what
how to do for alutoze?,spe_alutoze_what
tell pine tree state again about poetry,spe_alutoze_what
what dangers constitute conditions here?,spe_alutoze_what
what serve alutoze?,spe_alutoze_what
what testament alutoze?,spe_alutoze_what
like on the dot are equations?,spe_alutoze_what
what does alutoze represent themselves?,spe_alutoze_what
what do alutoze take here?,spe_alutoze_what
what make alutoze mean again?,spe_alutoze_what
what else make alutoze here?,spe_alutoze_what
what suffice thoughts entail by this?,spe_alutoze_what
william tell word about alutoze,spe_alutoze_what
devote details about statistics,spe_alutoze_what
more books astir alutoz,spe_alutoze_what
are alutoze reserve for this condition,spe_alutoze_what
what to wrestle with us,spe_alutoze_what
income throw the welfare of earning alutoze,spe_alutoze_what
bequeath alutoze help launch my task,spe_alutoze_what
alutoze à ¥ ¤,spe_alutoze_what
how can immigrants earn savings,spe_alutoze_get_how
how do you go alutoze,spe_alutoze_get_how
how to master alutoze,spe_alutoze_get_how
crataegus oxycantha ye know when shall we pose alutoze,spe_alutoze_get_how
get meddlesome,spe_alutoze_get_how
how immobile before i reached alutoz?,spe_alutoze_get_how
wham tin i stand hungry?,spe_alutoze_get_how
after hearing all say i demand alutoze?,spe_alutoze_get_how
Â « leave we nonplus an alutoz?,spe_alutoze_get_how
where would i get an alutoz?,spe_alutoze_get_how
till do i catch rich?,spe_alutoze_get_how
when bequeath ya renew my alutoz?,spe_alutoze_get_how
when testament he get an optic?,spe_alutoze_get_how
when might i get excited?,spe_alutoze_get_how
and then will i feel quick to get an audience?,spe_alutoze_get_how
how to get anywhere,spe_alutoze_get_how
mode early i get alutoze,spe_alutoze_get_how
when shall i tell alutoze,spe_alutoze_get_how
how could i earn credits,spe_credits_get_how
how do cars get credits,spe_credits_get_how
how to apply for credits,spe_credits_get_how
when do we take credits?,spe_credits_get_how
exploitation credits,spe_credits_get_how
where soon bequeath i get credits?,spe_credits_get_how
when do i think credits,spe_credits_get_how
when could i get credits?,spe_credits_get_how
how do i get credits?,spe_credits_get_how
when did i get spare credit?,spe_credits_get_how
when exactly should i quotation credits?,spe_credits_get_how
when do we flummox credits?,spe_credits_get_how
when will he get credit?,spe_credits_get_how
when would thou hypothesize to get credits?,spe_credits_get_how
when does i finish engender credits?,spe_credits_get_how
how will we get credits?,spe_credits_get_how
1 love credits,spe_credits_get_how
world health organization legally approve project,spe_proj_req_appr
who power approve my project request,spe_proj_req_appr
by 2020 volition my project request get approved?,spe_proj_req_appr
who must approve the undertaking request,spe_proj_req_appr
my project managing director,spe_proj_req_appr
which is going to approve that project asking?,spe_proj_req_appr
who is who o.k. my request?,spe_proj_req_appr
who will o.k. the request,spe_proj_req_appr
ace got request pending who can confirm it?,spe_proj_req_appr
who is go onto okay my project request?,spe_proj_req_appr
world health organization leave spend approving a project request?,spe_proj_req_appr
who be going to finish the project so?,spe_proj_req_appr
how will equal supervise the project request?,spe_proj_req_appr
who testament keep running the project?,spe_proj_req_appr
who will actively approving such labor requests?,spe_proj_req_appr
which authority to take on our request?,spe_proj_req_appr
when have my undertaking petition not accepted?,spe_proj_req_appr
how to get your request approved,spe_proj_req_appr
approve my project â  ,spe_proj_req_appr
who is admin coaching website,spe_admin_who
who be admins coaches,spe_admin_who
are the admins numbers,spe_admin_who
who truly be admins here,spe_admin_who
colonel alute may you eff world health organization are those admins?,spe_admin_who
admin world health organization all,spe_admin_who
what runs admins of alute?,spe_admin_who
who coached the admins?,spe_admin_who
who are the weewee who alute,spe_admin_who
world health organization are other admins?,spe_admin_who
world health organization are admins in cadet section?,spe_admin_who
guy are admins here?,spe_admin_who
world health organization will be female assassin?,spe_admin_who
operators embody admins in whichever case?,spe_admin_who
world health organization does are admins?,spe_admin_who
who has uncommitted access?,spe_admin_who
wonder make admin returned?,spe_admin_who
antecedently delivered admin for alute,spe_admin_who
who fare are admins?,spe_admin_who
details by admins,spe_admin_who
tell maine joe admins,spe_admin_who
how america place projects,spe_proj_own
making my task,spe_proj_own
can i gain new shoes,spe_proj_own
terminate i add these with my own,spe_proj_own
how to post her own project,spe_proj_own
be 1 yet to write something of my ain?,spe_proj_own
did i incorporate my ain words?,spe_proj_own
coiffure atomic number 53 have plans regarding launch task of my own?,spe_proj_own
make up i liberal to unravel projects within my own?,spe_proj_own
fanny i design my core projects?,spe_proj_own
make up that allowed you impart my ain projects manually?,spe_proj_own
if single have bigger projects can i separate her?,spe_proj_own
be i presuppose to add any research project?,spe_proj_own
and i add any of united states of america own projects?,spe_proj_own
whether i be allow to deliver my ain notes?,spe_proj_own
how behind i add salt?,spe_proj_own
project pitched?,spe_proj_limit
how hard project can i work at a house,spe_proj_limit
how many people can anyone fill a component of at one clip?,spe_proj_limit
how many patent can actually use for at a rate,spe_proj_limit
how many projects can governments employ against?,spe_proj_limit
how can i apply for awards,spe_proj_limit
sufficient agency of maximal capacity of completing the projection at a time?,spe_proj_limit
so many projects would i stand for at a time?,spe_proj_limit
make up on that point no limit to how expensive projects i can make up for?,spe_proj_limit
what ' s our maximal strength starting line adding undertaking at some time?,spe_proj_limit
how many project am continually allowed i apply within a fourth dimension?,spe_proj_limit
suppose many projects rear end i see at this time?,spe_proj_limit
what ' s the maximal military posture of projects which power crataegus laevigata increase by a time?,spe_proj_limit
what is the number of times that children am provide to apply sporadically at a salary?,spe_proj_limit
what ' s the number to projects i wanna follow let to apply through a inauguration?,spe_proj_limit
karl github becomes nescessary,spe_git_why
i need github wherefore?,spe_git_why
i truly require github id. be seth needed?,spe_git_why
why be it be necessary,spe_git_why
what keep github id,spe_git_why
why exactly personify github password make?,spe_git_why
get this id necessary? wherefore?,spe_git_why
when is finding id necessary?,spe_git_why
wherefore is github id block file,spe_git_why
why is github worldwide registered?,spe_git_why
why do github id a goose egg?,spe_git_why
why will we need his gem state,spe_git_why
world health organization believes they ask github id?,spe_git_why
â  ¢ leave charlotte constitute require caller id?,spe_git_why
whom will unitary constitute wearing github id?,spe_git_why
why do i want github id,spe_git_why
at once should i purpose any github id?,spe_git_why
hell coiffure you take github patches?,spe_git_why
how can i earn credits,spe_credits_use_how
credits take out,spe_credits_use_how
what you do with the credits i detest,spe_credits_use_how
what can anyone use credits for,spe_credits_use_how
difference between ratings and credits,spe_credits_use_how
what do i use him for?,spe_credits_use_how
when can the credits make use?,spe_credits_use_how
what makes else credits be use for?,spe_credits_use_how
who is that use of quotation?,spe_credits_use_how
â  ¢ is the consumption of credit entry payments?,spe_credits_use_how
what do they employ course credit for?,spe_credits_use_how
what posterior i splice it for?,spe_credits_use_how
credits can be utilise over special intent?,spe_credits_use_how
wherefore should i be taking credit?,spe_credits_use_how
wrong to apply credits?,spe_credits_use_how
what time do i use credits for?,spe_credits_use_how
extend to spend credits?,spe_credits_use_how
command overhead is the cost of start credits,spe_credits_use_how
tell me what to use credits,spe_credits_use_how
who gets credits after ane determine something likes it,spe_credits_actual_resp
what happend them credits if i run into them,spe_credits_actual_resp
who crataegus laevigata work before i expend my credits,spe_credits_actual_resp
how gets trees plant?,spe_credits_actual_resp
where will my credits tolerate if we buy something,spe_credits_actual_resp
who is responsible for plant donates amount after contractors obtain credits with grammatical construction?,spe_credits_actual_resp
why could add up after i spend credit for someone like?,spe_credits_actual_resp
who shall plant the trees so cause donation?,spe_credits_actual_resp
reward plants the like amount after people pass credit for same?,spe_credits_actual_resp
who swap tree diagram amount after ever expend course credit cards same?,spe_credits_actual_resp
donate on the nose plant trees / donates amount after others recede credits fulfilling the desired reason?,spe_credits_actual_resp
who kisses her right hand after u spend my credits?,spe_credits_actual_resp
wherefore bequeath be plant trees amount after just have my credits depleted?,spe_credits_actual_resp
world health organization could be saving trees amount after 1 spend it?,spe_credits_actual_resp
anybody makes genuine donations?,spe_credits_actual_resp
who bourgeon tree diagram like credits that i spend?,spe_credits_actual_resp
how my point credits vex higher?,spe_credits_actual_resp
how would i make you out of credits being spent,spe_alutoz_aft_credits
alutoze credits loge,spe_alutoz_aft_credits
be income earned by threefold credits?,spe_alutoz_aft_credits
bequeath i get alutoze if someone collect septet credits,spe_alutoz_aft_credits
i bought something forbidden. .. credits will i walk aside,spe_alutoz_aft_credits
volition students get disqualified if ill spend quotation?,spe_alutoz_aft_credits
will i take alluteezs whilst i break credits?,spe_alutoz_aft_credits
bequeath i grow meaning if i double credits?,spe_alutoz_aft_credits
will they feel able to see alutoz if one get credits?,spe_alutoz_aft_credits
cannot i be able yet get home if children pass credits?,spe_alutoz_aft_credits
will i get distressed when i lose credits?,spe_alutoz_aft_credits
will david have alutoze if wed buy credits?,spe_alutoz_aft_credits
once i spend my credits even so still get remuneration,spe_alutoz_aft_credits
bequeath people be getting alutoze if people blank out credits?,spe_alutoz_aft_credits
rather one survive become tinny if i spend credit?,spe_alutoz_aft_credits
is there a relation on primary disbursal and ostentation?,spe_alutoz_aft_credits
how can parents get significant after time spending?,spe_alutoz_aft_credits
why could i expend alute,spe_why_alute
what is the nature of my alute?,spe_why_alute
what is the advantage for habituate knife?,spe_why_alute
how could alute help the states?,spe_why_alute
wherefore try?,spe_why_alute
why caller id use alute weapons platform,spe_why_alute
why be the benefits of reducing alute?,spe_why_alute
why arrange alute good?,spe_why_alute
wherefore seemed alute helpful?,spe_why_alute
whom be alute helpful?,spe_why_alute
in other ways is alute soup,spe_why_alute
in thee way tis alute helpful,spe_why_alute
what are choices that atomic number 53 so inherit after apply alute?,spe_why_alute
how give the sack dna profile be save?,spe_why_alute
do prat alute visibility in my career?,spe_why_alute
most useful be alute?,spe_why_alute
how beneficial i alute,spe_why_alute
how could alute help me,spe_why_alute
bequeath alute never perplex build my profile,spe_why_alute
what are seven perquisite for using alute,spe_why_alute
about apply something beneficial for me,spe_why_alute
will alute assistance help my cause?,spe_why_alute
how personify alute going gonna start me build my self importance,spe_why_alute
how better is your speech?,spe_why_alute
continue to create an bill here,spe_alute_acc_free
ride information technology free,spe_alute_acc_free
does provide an history on alute astir anything,spe_alute_acc_free
can represent use alute mineral free,spe_alute_acc_free
fundament i you account for free,spe_alute_acc_free
you also utilise alute for free,spe_alute_acc_free
do parent have no remuneration to tell alute?,spe_alute_acc_free
is alute forever spare?,spe_alute_acc_free
come alute free of trouble?,spe_alute_acc_free
is ivy poisoned?,spe_alute_acc_free
nor is guardianship to use money?,spe_alute_acc_free
give alute free on everyone?,spe_alute_acc_free
make up alute ready to everyone for direction?,spe_alute_acc_free
will she be me money to use back?,spe_alute_acc_free
do i agree to acquire a membership charge?,spe_alute_acc_free
what to make after making account taking alute,spe_alute_acc_free
is my data que à ¥ ¤,spe_data_secure
is my data depository financial institution,spe_data_secure
is this website read,spe_data_secure
update this website trustworthy,spe_data_secure
is zero data point safe?,spe_data_secure
is my anchor ring stored?,spe_data_secure
will you make any security issue?,spe_data_secure
should you care about security considerations?,spe_data_secure
how secure be everything?,spe_data_secure
who secure is website?,spe_data_secure
how safe is tin you utilise alute?,spe_data_secure
can you blindly trust deity?,spe_data_secure
should embody worried about relatives of my family?,spe_data_secure
can anybody else access your data point?,spe_data_secure
can you assure me my dogs are secure?,spe_data_secure
might i public lecture to beth admins,spe_admin_purpose
what do with admins of alute pay,spe_admin_purpose
transferring completely the king regarding task on liaison with the firm,spe_admin_purpose
.. . comprise our job of admin?,spe_admin_purpose
what pure iniquity does the admin do?,spe_admin_purpose
how useful might does the admin have?,spe_admin_purpose
who controls flying lizard?,spe_admin_purpose
what is that significance of variation on alute?,spe_admin_purpose
what exist the charge for admins?,spe_admin_purpose
how is the oeuvre for admins?,spe_admin_purpose
so is a purpose of have admins?,spe_admin_purpose
work details gallery admins,spe_admin_purpose
why get admins important?,spe_admin_purpose
what hustle has admin get you do?,spe_admin_purpose
ask what make up this platform,spe_what_alute_is
what shall is alute,spe_what_alute_is
can u me tell pine tree state something sweet about alute,spe_what_alute_is
what is your alute?,spe_what_alute_is
colloidal solution alute,spe_what_alute_is
what is why the web site du alute?,spe_what_alute_is
say anyone something about alute,spe_what_alute_is
alute? what rhyme is information technology,spe_what_alute_is
what exactly exist dat alute,spe_what_alute_is
what color does alute mean?,spe_what_alute_is
what else alute mean value?,spe_what_alute_is
surgery what be then the detailed signification of alute?,spe_what_alute_is
what be on the nose your platform in alute?,spe_what_alute_is
can you kindly tell me what constitute thy alute?,spe_what_alute_is
oh i shall donat make out what is alute,spe_what_alute_is
ill introduce me to alute,spe_what_alute_is
explain what he is alute,spe_what_alute_is
what to rather do,spe_alute_purpose
describe how alute works,spe_alute_purpose
what all four functionality of does alute stimulate,spe_alute_purpose
how suppose to use this platform,spe_alute_purpose
can hear we know what thou alute does,spe_alute_purpose
what i alute cause,spe_alute_purpose
therefore what is the causal function of alute?,spe_alute_purpose
and what manage alute do?,spe_alute_purpose
what this alute coif?,spe_alute_purpose
what tariff does alute does?,spe_alute_purpose
what exactly does alute answer?,spe_alute_purpose
Â « what comprise the main persona of alt alute?,spe_alute_purpose
or what is the role feature of alute?,spe_alute_purpose
what tricks do alute act?,spe_alute_purpose
assume what else is the function of alute?,spe_alute_purpose
why what is alute for?,spe_alute_purpose
what dimension is proper map of alute?,spe_alute_purpose
tell cancelled me the characteristic function of alute,spe_alute_purpose
what can i still do on planet alute?,spe_alute_purpose
and tell me everything i crapper do on miss alute,spe_alute_purpose
what is the deepest purpose accomplished of alute?,spe_alute_purpose
though what all can i perform depends on alute?,spe_alute_purpose
main alute beginning,spe_alute_since_when
imagine how foresighted alute running,spe_alute_since_when
defined since when is this platform live,spe_alute_since_when
year 1900 in which alute came into full creation,spe_alute_since_when
how long ever so has every alute be around,spe_alute_since_when
who take a leak ye alute,spe_alute_since_when
how so longsighted hours have you be utilize alute?,spe_alute_since_when
since tomorrow when princess alute is in piece of work?,spe_alute_since_when
how sure enough beauty is alute,spe_alute_since_when
long since when was alute come around?,spe_alute_since_when
asks how longsighted alute has been strung around?,spe_alute_since_when
how the tenacious alute has everyone constitute around?,spe_alute_since_when
since when here has alute been pay heed about?,spe_alute_since_when
since years when daddy be alute around?,spe_alute_since_when
now from when nighttime has alute been around?,spe_alute_since_when
since what how long be water alute in this existance?,spe_alute_since_when
Â · alute chronicle,spe_alute_since_when
well tell apart me how bully old is alute,spe_alute_since_when
since 1963 when is alute active,spe_alute_since_when
knows how for long since alute was born?,spe_alute_since_when
when make out alute tree come low spirited in existance?,spe_alute_since_when
operational domain,spe_alute_domains
tooshie u tell me. .. the verb domains tree that alute sustenance,spe_alute_domains
different geographic domains accompaniment,spe_alute_domains
which domains addresses are support here?,spe_alute_domains
anybody can cite u tell maine which abt the domains that alute support,spe_alute_domains
project optimization domains,spe_alute_domains
what are the ghostlike domains which alute formally livelihood?,spe_alute_domains
specify which domains perform alute filter support?,spe_alute_domains
object which covers all area does alute living?,spe_alute_domains
what are then the fundamental interaction domains which alute support,spe_alute_domains
and what are the domains which alute they plunk for?,spe_alute_domains
for which all domains do alute unix support?,spe_alute_domains
tilt arrest the domains which alute publicly supports?,spe_alute_domains
mention also the domains only which alute support?,spe_alute_domains
pick ended some domain which alute domain supports?,spe_alute_domains
which all temporal domains i tooshie i make freely task in on alute,spe_alute_domains
is at that place a practical domain constraint?,spe_alute_domains
is in that respect a domain detachment limit?,spe_alute_domains
and does alute keep across all tech domains?,spe_alute_domains
demesne rich list,spe_alute_domains
tell maine which represents all domains does exclusively alute support,spe_alute_domains
see what are credits,spe_alute_credits
credits,spe_alute_credits
what is the precise meaning of credits,spe_alute_credits
what sort are credits in qui alute?,spe_alute_credits
william tell tell me about credits,spe_alute_credits
what practise we you mean by credits,spe_alute_credits
what are credits read in core alute?,spe_alute_credits
again what be the credits here?,spe_alute_credits
what are credits page in alute,spe_alute_credits
what price behave its credit bandstand for here?,spe_alute_credits
note what constitute credits in this business showcase?,spe_alute_credits
what are credits involve in determining this post?,spe_alute_credits
what else are credits here?,spe_alute_credits
what does credit exemplify money here?,spe_alute_credits
what does pomposity credit stands for?,spe_alute_credits
what be its alute credits?,spe_alute_credits
william tell love me about alute credits,spe_alute_credits
picture what exactly are credits in alute?,spe_alute_credits
what note value are credits?,spe_alute_credits
not ass alute credits be use outside on this platform,spe_alute_credits
and what is credits feature?,spe_alute_credits
what thou equal alutoze,spe_alutoze_what
manuel alutoze,spe_alutoze_what
and what develop to get along with alutoze?,spe_alutoze_what
tell maine something especial about ricardo alutoz,spe_alutoze_what
what take place exactly why are alute here?,spe_alutoze_what
what shapes be alutoze?,spe_alutoze_what
hmm what are alutoze?,spe_alutoze_what
what thus precisely you are alutoze?,spe_alutoze_what
what spirit perform you alutoze represent hither?,spe_alutoze_what
what colour does alutoze normally symbolize here?,spe_alutoze_what
what condition does dr alutoze mean value here?,spe_alutoze_what
about what on the nose they are alutoze here?,spe_alutoze_what
explain what do you mean by quoting alutoze?,spe_alutoze_what
tell me about mare alutoze,spe_alutoze_what
fall in details about ahmed alutoze,spe_alutoze_what
to a greater extent further info about alutoz,spe_alutoze_what
are alutoze applications simply for this portable platform,spe_alutoze_what
what then to set next with alutoze,spe_alutoze_what
what needs embody the greatest benefit of earning alutoze,spe_alutoze_what
so will alutoze assistance in settling my resume,spe_alutoze_what
calophyllum longifolium alutoze details,spe_alutoze_what
how can dare one realize so alutoze,spe_alutoze_get_how
how better do i get this alutoze,spe_alutoze_get_how
how fortunate to bring in alutoze,spe_alutoze_get_how
english hawthorn 21 i know when coiffe happen i should get alutoze,spe_alutoze_get_how
ya get alutoz,spe_alutoze_get_how
how long long before should i get down alutoz?,spe_alutoze_get_how
wham can i truly bugger off these alutozes?,spe_alutoze_get_how
after noon what all tomorrow can i get astir alutoze?,spe_alutoze_get_how
when when will i get myself an alutoz?,spe_alutoze_get_how
when soon do i get into an alutoz?,spe_alutoze_get_how
when do yer i get yer alutoz?,spe_alutoze_get_how
when when will i go away get my alutoz?,spe_alutoze_get_how
when will i get all an ounce alutoz?,spe_alutoze_get_how
when arrange shall i get miss alutoz?,spe_alutoze_get_how
when will i invariably be ready enough to say get an alutoz?,spe_alutoze_get_how
discover how to get alutoze,spe_alutoze_get_how
.. . how force out i get yours alutoze,spe_alutoze_get_how
or when bequeath i ever get alutoze,spe_alutoze_get_how
how big keister i earn credits,spe_credits_get_how
how do i can get credits,spe_credits_get_how
how great to act upon for credits,spe_credits_get_how
when do i succeeding get credits?,spe_credits_get_how
course earn credits,spe_credits_get_how
when as incisively will shall i get credits?,spe_credits_get_how
when now do i get credits,spe_credits_get_how
when on the button do i get credits?,spe_credits_get_how
how lav i always get credits?,spe_credits_get_how
when time will i rattling get my credit?,spe_credits_get_how
when on the dot which do i eventually get credits?,spe_credits_get_how
ok when fare i arrest credits?,spe_credits_get_how
perhaps when will i get credit?,spe_credits_get_how
then when am i i supposed to get credits?,spe_credits_get_how
when bequeath finally i finally embody getting credits?,spe_credits_get_how
how much volition i get credits?,spe_credits_get_how
sometimes 1 need credits,spe_credits_get_how
Â · who will okay project,spe_proj_req_appr
who testament approve in my undertaking request,spe_proj_req_appr
â   by whom will my task request be openly approved?,spe_proj_req_appr
who testament approve the full labor request,spe_proj_req_appr
my project m apporval,spe_proj_req_appr
take world health organization is going on to approve the project request?,spe_proj_req_appr
who is going to approve project resettlement request?,spe_proj_req_appr
who will approve project file name extension request,spe_proj_req_appr
do ace already got request pending who will sanction it?,spe_proj_req_appr
nation who comprise going to approve the project project request?,spe_proj_req_appr
who will i comprise sanction of the project petition?,spe_proj_req_appr
world health organization anyone be going to personally approve the project asking?,spe_proj_req_appr
world health organization will anyone be approving announcing the project petition?,spe_proj_req_appr
â   who volition be presently approving the project?,spe_proj_req_appr
world health organization himself will be approve the new projection requests?,spe_proj_req_appr
decide which authority system will accept undertaking request?,spe_proj_req_appr
when bequeath my latest project request follow properly take over?,spe_proj_req_appr
knows how to get project postulation approved,spe_proj_req_appr
approve my existing labor request,spe_proj_req_appr
world health organization is admin president of website,spe_admin_who
world health organization are admins assistants here,spe_admin_who
these exist the admins trustworthy,spe_admin_who
who all be their admins here,spe_admin_who
hi monsieur alute may i really know who are drive the admins?,spe_admin_who
interim admin,spe_admin_who
who be admins cardinals of unceasing alute?,spe_admin_who
world health organization says are the admins?,spe_admin_who
graduates who exist the highest admins in alute,spe_admin_who
world health organization are the ticket admins?,spe_admin_who
who do are admins in this crime fount?,spe_admin_who
who be your admins here?,spe_admin_who
who will represent promise the responsible admins?,spe_admin_who
who are screaming admins in this bizarre eccentric?,spe_admin_who
who really exactly be admins?,spe_admin_who
who has improved admin entree?,spe_admin_who
who anybody throw admin said priviledge?,spe_admin_who
world health organization also is name admin for alute,spe_admin_who
who all be thee admins?,spe_admin_who
detail of bank admins,spe_admin_who
tell behind me about admins,spe_admin_who
how to post emily post projects,spe_proj_own
post editing my task,spe_proj_own
can i make maine new projects,spe_proj_own
can i add project of finance my personal own,spe_proj_own
how knockout to post my own project,spe_proj_own
constitute ane always supposed to someday add projects of quality my own?,spe_proj_own
can i soon integrated onto my own projects?,spe_proj_own
how perform i take provisional permission to add project of my entire own?,spe_proj_own
be glad i allowed him to add task freely of my own?,spe_proj_own
wherefore can i simply add my own projects?,spe_proj_own
am now i fully grant to add up my own project here?,spe_proj_own
if i go give birth a task can you i never add it?,spe_proj_own
operating theater be 1 supposed to actually add my own project?,spe_proj_own
nates i add up any idea of my own core projects?,spe_proj_own
will i eventually be leave to add together to my very own projects?,spe_proj_own
how can should i supply projects?,spe_proj_own
pay labor limit?,spe_proj_limit
how many undertaking managers can you i work at a time,spe_proj_limit
how many projects can i always be still a part of at most unitary fourth dimension?,spe_proj_limit
how how many piece of work projects can i apply for at what a time,spe_proj_limit
how many approaching projects tomorrow can i apply for?,spe_proj_limit
how can i apply here for projects,spe_proj_limit
what price be the maximal capacity required of taxpayers submitting the undertaking at a sufficient time?,spe_proj_limit
how many projects incisively can i legally apply for at a particular time?,spe_proj_limit
be maybe on that point a limit to how many projects today i can potentially apply for?,spe_proj_limit
what ' t s the maximum package strength of adding projects at a specific time?,spe_proj_limit
how many labor am sure i allowed to require apply at a right time?,spe_proj_limit
how many recent projects â  ¦ can i apply at a proper clock time?,spe_proj_limit
what ' s the actual maximal metier scale of labor which i desire can submit at astir a time?,spe_proj_limit
.. . what be the number of architectural projects which suit i am allow for in to give for at a reasonable clip?,spe_proj_limit
what ' â   s the number of projects i propose leave ineluctably be most able bodied today to apply at a time?,spe_proj_limit
why uncle github here is nescessary,spe_git_why
mobile github necessitate,spe_git_why
single well nigh dont have github i.d.. who is it. .. needed?,spe_git_why
therefore why be github i.d. so necessary,spe_git_why
what is magnanimous github id,spe_git_why
wherefore else exactly represent github file id necessary?,spe_git_why
is its github idaho so necessary? why?,spe_git_why
.. . why be this github idaho necessary?,spe_git_why
why is github thusly id a mental necessity,spe_git_why
wherefore is implementing github i.d. software necessary?,spe_git_why
why now is github id get a essential?,spe_git_why
on the dot why do we need a github idaho,spe_git_why
.. . who do we need github exposure idaho?,spe_git_why
and why why will al i personify needing github idaho?,spe_git_why
why will follow i be ever ask github without id?,spe_git_why
why fare i need for github user i.d.,spe_git_why
asking why though should i provide only if my github gem state?,spe_git_why
why act anything you need your github id?,spe_git_why
how can can i use credits,spe_credits_use_how
credits to expend,spe_credits_use_how
what to that arrange with doing the credits i get,spe_credits_use_how
what fundament i buy use credits for,spe_credits_use_how
difference between borrowed money and credits,spe_credits_use_how
â  ¢ what can i purpose that credit for?,spe_credits_use_how
where lav should the credits be now used?,spe_credits_use_how
what all can credits nevertheless be properly use for?,spe_credits_use_how
so what is the full use of credit?,spe_credits_use_how
what effect is the purpose of paper recognition precisely?,spe_credits_use_how
what can should i properly use of goods and services credit for?,spe_credits_use_how
what can practice i use credit cards for?,spe_credits_use_how
credits can sometimes be utilise for talk over what design?,spe_credits_use_how
ground why will i be done use credit?,spe_credits_use_how
know how to use credits?,spe_credits_use_how
â  ¢ what purport all can i use of goods and services credits for?,spe_credits_use_how
how to properly expend credits?,spe_credits_use_how
what be the practical use of line getting credits,spe_credits_use_how
â  ¢ order me how to use credits,spe_credits_use_how
who gets credits after saying i buy usa something from information technology,spe_credits_actual_resp
what happend to credits wonders if one spend imagining them,spe_credits_actual_resp
who always testament work when till i spend my credits,spe_credits_actual_resp
who gets trees ever plant?,spe_credits_actual_resp
where god will my credits go through if one buy something,spe_credits_actual_resp
who constitute responsible for helping planting donates which amount annually after which i expend credits for same?,spe_credits_actual_resp
world health organization donates the sum of money after atomic number 53 incidentally spend credit loss for the same?,spe_credits_actual_resp
who will industrial plant the tea tree or even throw donation?,spe_credits_actual_resp
who ordinarily plants the donates excess amount after i did spend credit for like?,spe_credits_actual_resp
who e'er plants tree diagram number after cause i spend any credit for like?,spe_credits_actual_resp
world health organization intimately exactly plants these trees / donates come aright after did i who drop credits for the same grounds?,spe_credits_actual_resp
indeed who plants trees her amount after u u drop my credits?,spe_credits_actual_resp
guess who bequeath be engraft trees number ever after i already have my credits spent?,spe_credits_actual_resp
who bequeath i be starting establish trees what sum after one spend credit?,spe_credits_actual_resp
who makes all real donations?,spe_credits_actual_resp
who plants trees loads of credits alone that i drop?,spe_credits_actual_resp
how my daily spent credits get seldom utilize?,spe_credits_actual_resp
how quickly will i really induce an alutoz out of credits i spent,spe_alutoz_aft_credits
alutoze credits on kinship,spe_alutoz_aft_credits
what is alutoze often clear by spending credits?,spe_alutoz_aft_credits
will i make myself alutoze if most i spend over my credits,spe_alutoz_aft_credits
someday i bought something out of credits will testify i still get alutoz,spe_alutoz_aft_credits
will i ever get an alutoz if 1 drop your credit?,spe_alutoz_aft_credits
will of a sudden i get alluteezs lunch if make out i spend credits?,spe_alutoz_aft_credits
bequeath bequeath i get me alutoze tablets if i spend credits?,spe_alutoz_aft_credits
will overall i equal be able bodied again to get alutoz java if 1 spend credits?,spe_alutoz_aft_credits
so will i follow able bodied now to easily set out alutoze safe if i spend credits?,spe_alutoz_aft_credits
testament i get the alutoze if it i only pass credits?,spe_alutoz_aft_credits
or will i actually get alutoze if i shall spend credits?,spe_alutoz_aft_credits
once i spend more than my credits earning will i receive luis aluteezs,spe_alutoz_aft_credits
will i be getting into alutoze if bequeath i still expend credits?,spe_alutoz_aft_credits
will i be lucky getting fried alutoze if one accidentally spend recognition?,spe_alutoz_aft_credits
whether is in that location yet a relation observed between acknowledgment spending and alutoze?,spe_alutoz_aft_credits
how can could i possibly stick alutoze pills after cite spending?,spe_alutoz_aft_credits
â  ¦ wherefore should i use alute,spe_why_alute
what be the benefit fool of research using alute?,spe_why_alute
what cost the optical advantage of use hydrogen alute?,spe_why_alute
so how fast leave alute help pine tree state?,spe_why_alute
wherefore it alute?,spe_why_alute
â  ¢ why should i use this alute platform,spe_why_alute
what are precisely the benefits of naturally using alute?,spe_why_alute
then why is alute unspoilt?,spe_why_alute
but why is alute helpful?,spe_why_alute
and how is alute helpful?,spe_why_alute
in what path anyone is alute deserve better,spe_why_alute
in what a way this represent alute helpful,spe_why_alute
upon what opportunity be advantage that unity will perhaps get after utilise alute?,spe_why_alute
how keister our alute disk profile exist helpful?,spe_why_alute
how closely can alute profile statistic help my life history?,spe_why_alute
how intensely useful is alute?,spe_why_alute
Â · how ripe is alute,spe_why_alute
how will any alute supporter me,spe_why_alute
thee will alute help guide maine build my profile,spe_why_alute
what represent basically the perks vantage of using alute,spe_why_alute
is using alute in beneficial compounds for me,spe_why_alute
how will alute help in my structure survey?,spe_why_alute
Â · how be alute alone going to ever help pine tree state build my career,spe_why_alute
how good equipped personify your website?,spe_why_alute
how to create an chronicle verbal description here,spe_alute_acc_free
so is information technology free,spe_alute_acc_free
non does make an account detail on alute cost anything,spe_alute_acc_free
thus can i use atomic number 11 alute for free,spe_alute_acc_free
can i create account update for free,spe_alute_acc_free
can i use alute salts for lime gratuitous,spe_alute_acc_free
do i literally have to ne'er pay right to utilize alute?,spe_alute_acc_free
be alute eaten cost free?,spe_alute_acc_free
operating theatre is alute barren worthy of cost?,spe_alute_acc_free
what be te alute chargable?,spe_alute_acc_free
thus what is boot to ever use alute?,spe_alute_acc_free
is god alute therefore free for everyone?,spe_alute_acc_free
personify alute useable available to everyone for admission free?,spe_alute_acc_free
will now it actually cost pine tree state anything just to use alute?,spe_alute_acc_free
do i i consume to devote a membership expenses charge?,spe_alute_acc_free
resolve what to do after make account on lex alute,spe_alute_acc_free
embody making my computer information secrure here,spe_data_secure
transcript is my data safe,spe_data_secure
below is this website authorized,spe_data_secure
personify this website completely trustworthy,spe_data_secure
is my data completely good?,spe_data_secure
when is my data firmly encrypted?,spe_data_secure
or will in that respect be any security security yield?,spe_data_secure
should something i worry about security or break?,spe_data_secure
maybe how secure is alute?,spe_data_secure
check how secure is website?,spe_data_secure
how safe be information technology to simply use sodium alute?,spe_data_secure
can thee i blindly trust madam alute?,spe_data_secure
you should be vex today astir certificate of my data?,spe_data_secure
can anyone else be access just my data?,spe_data_secure
where can you assure me my data make up dead safe?,spe_data_secure
can i speak yourself to the sunday admins,spe_admin_purpose
what shall do you the admins of alute suffice,spe_admin_purpose
is all advising the superpower sector affect projects on alute cooperate with the admins,spe_admin_purpose
discover what is simply the job of admin?,spe_admin_purpose
detect what all work do the resident admin do?,spe_admin_purpose
what all her power does the current admin have?,spe_admin_purpose
who genuinely controls admins?,spe_admin_purpose
what is the function value of molecular admins acting on alute?,spe_admin_purpose
what is truly the objective determination of admins?,spe_admin_purpose
what practice session is the medium work of admins?,spe_admin_purpose
wondered what design is the intention of having admins?,spe_admin_purpose
following work details of admins,spe_admin_purpose
wherefore are additional admins important?,spe_admin_purpose
what work has our admin got usa to do?,spe_admin_purpose
what divides makes this platform,spe_what_alute_is
what she shall alute,spe_what_alute_is
can u write love maine or something about you,spe_what_alute_is
who is helium alute?,spe_what_alute_is
rankings â  ¡,spe_what_alute_is
what did run the site enshroud?,spe_what_alute_is
order something yer me alute,spe_what_alute_is
me alone? what is information technology,spe_what_alute_is
barn exactly is called alute,spe_what_alute_is
but what does this mean?,spe_what_alute_is
thee what alute thee?,spe_what_alute_is
what is our divine literal significance. .. of alute?,spe_what_alute_is
thou envy is unto your mighty alute?,spe_what_alute_is
would please soul please tell me what personify alute?,spe_what_alute_is
thy i donat thy cause it is alute,spe_what_alute_is
introduce me pour je alute,spe_what_alute_is
hence what amount is alute,spe_what_alute_is
things have to fare,spe_alute_purpose
shanghai cafe alute work,spe_alute_purpose
what else all stuff does normally have,spe_alute_purpose
japan plans to use this platform,spe_alute_purpose
i can already forever know what alute possess,spe_alute_purpose
what women commonly do,spe_alute_purpose
what be the creature and so called the alute?,spe_alute_purpose
suppose so does alute make?,spe_alute_purpose
what everybody else does?,spe_alute_purpose
now do alute it does?,spe_alute_purpose
what does aaron moses perform?,spe_alute_purpose
what is it that our chief role with alute?,spe_alute_purpose
Â « how is the ideal role for alute?,spe_alute_purpose
then what make alute do?,spe_alute_purpose
what is in thou cultus of lady alute?,spe_alute_purpose
what is ya alute saying?,spe_alute_purpose
what will she allow for of mother alute?,spe_alute_purpose
secern me against the prophecy via baba alute,spe_alute_purpose
what she do suppose i do on sunday?,spe_alute_purpose
wanna tell me everything i very nates get for alute,spe_alute_purpose
or what is our true secret of alute?,spe_alute_purpose
what activity can this i do on our vacation?,spe_alute_purpose
wintry trench origin,spe_alute_since_when
â  ¢ super long alute running,spe_alute_since_when
since watch when is this amount existing,spe_alute_since_when
year in succession general alute trey derive on existence,spe_alute_since_when
how rain usually get alute flowers hung around,spe_alute_since_when
who fundament sing alute,spe_alute_since_when
after long have you you been practise using mine?,spe_alute_since_when
no since when exactly today is invariably work?,spe_alute_since_when
â   how old is thou,spe_alute_since_when
since when they equal willie hanged?,spe_alute_since_when
inquire how so many alute hasn been around?,spe_alute_since_when
wondering how near everything alute hadn been around?,spe_alute_since_when
when when has there somebody been messing around?,spe_alute_since_when
even so when it personify alute stolen?,spe_alute_since_when
from when has alute summoned thy cuss slain?,spe_alute_since_when
since where and long gone was alute from our existance?,spe_alute_since_when
alute mat à ¥ ¤,spe_alute_since_when
tell me thy old be where thy,spe_alute_since_when
since precisely when is alute versa,spe_alute_since_when
how farseeing ages since you were not born?,spe_alute_since_when
and when will alute come up near existance?,spe_alute_since_when
feed details for domains,spe_alute_domains
how can thy u spare me the stars can pour down alute support,spe_alute_domains
9 different domain ï¼ ,spe_alute_domains
which dimension attributes are supported hither?,spe_alute_domains
seize thy glory operating room me which abt the domains that shall alute backup,spe_alute_domains
running programming domains,spe_alute_domains
what are these additional domains â  ¦ which normally supports?,spe_alute_domains
regulate whose object does i alute support?,spe_alute_domains
which domain name domains execute twitter already support?,spe_alute_domains
what be the domains among whose good interests support,spe_alute_domains
what characteristics are the domain which quantum diamond manufactures?,spe_alute_domains
â  ¦ which all mellow chance does alute exist?,spe_alute_domains
thereby defining the programming domains which norton supports?,spe_alute_domains
and among the eminent domains which alute frequented?,spe_alute_domains
believe some variable which an alute usually supports?,spe_alute_domains
which wise all creatures are can i conceive rest in on thou alute,spe_alute_domains
cost is there no domain restraint?,spe_alute_domains
am thither a diffused domain limit?,spe_alute_domains
will ps alute support nearly all technical school classes?,spe_alute_domains
coinage reference list,spe_alute_domains
tell me about which all domain â   do alute â  ¦,spe_alute_domains
what changed soundtrack credits,spe_alute_credits
credits,spe_alute_credits
â  ¢ what exist the meaning in credits,spe_alute_credits
rack up eighteen silver credits in mundo alute?,spe_alute_credits
â  ¢ tell stories astir credits,spe_alute_credits
see what do ya stand for by credits,spe_alute_credits
and why why be credits to alute?,spe_alute_credits
what be the the credits saying?,spe_alute_credits
what happens happens credits in alute,spe_alute_credits
what could course credit stand ringing in wrongfulness here?,spe_alute_credits
after are credits in this this flick series?,spe_alute_credits
what stand for recent credits remain in current situation?,spe_alute_credits
of what case by case credits here?,spe_alute_credits
what fare our felicity represent here?,spe_alute_credits
what do god physically stands for?,spe_alute_credits
maybe what fetch alute credits?,spe_alute_credits
tell me astir seeing my credits,spe_alute_credits
l separate insurance credits in ter alute?,spe_alute_credits
credits here be credits?,spe_alute_credits
usb keister make the credits be used away desktop political platform,spe_alute_credits
â   when is credits feature?,spe_alute_credits
about what behind alutoze,spe_alutoze_what
2 â  ¢,spe_alutoze_what
how to do peach for mama alutoze?,spe_alutoze_what
tell me yet again astir poetry,spe_alutoze_what
what dangers are many conditions here?,spe_alutoze_what
what does do alutoze?,spe_alutoze_what
what testament become alutoze?,spe_alutoze_what
like that exactly are equivalence?,spe_alutoze_what
what import dress alutoze represent upon themselves?,spe_alutoze_what
wonder what do alutoze might take hither?,spe_alutoze_what
only what set alutoze possibly mean again?,spe_alutoze_what
what else else allah makes alutoze here?,spe_alutoze_what
perhaps what could exercise thoughts mean by this?,spe_alutoze_what
â   tell word of god about alutoze,spe_alutoze_what
give detailed item about statistics,spe_alutoze_what
more late books about alutoz,spe_alutoze_what
are alutoze gibbs substitutes coefficient for this condition,spe_alutoze_what
what to wriggle with teach us,spe_alutoze_what
income gives managing director the benefit chances of clear alutoze,spe_alutoze_what
you will alutoze me aid launch my task,spe_alutoze_what
alutoze à ¥ ¤,spe_alutoze_what
how tail immigrants continually earn savings,spe_alutoze_get_how
how do anything you go astir alutoze,spe_alutoze_get_how
how to obliterate master alutoze,spe_alutoze_get_how
crataegus laevigata ye first know when shall thee we cause done alutoze,spe_alutoze_get_how
fuck off pretty busy,spe_alutoze_get_how
like how freaking fast before i accomplish alutoz?,spe_alutoze_get_how
wham ow can i safely stand hungry?,spe_alutoze_get_how
hence after hearing all they say yesterday i take alutoze?,spe_alutoze_get_how
Â « how will we get in an alutoz?,spe_alutoze_get_how
.. . where would always i get an alutoz?,spe_alutoze_get_how
till tardily do i bewilder rich?,spe_alutoze_get_how
so when tomorrow will ya renew my alutoz?,spe_alutoze_get_how
when later will he even make an centre?,spe_alutoze_get_how
when might thee i get excite?,spe_alutoze_get_how
or then will i feel ready until now to get an impromptu interview?,spe_alutoze_get_how
how to safely get anywhere,spe_alutoze_get_how
way early as i would catch alutoze,spe_alutoze_get_how
when shall till i secern am alutoze,spe_alutoze_get_how
how could will i bring in credits,spe_credits_get_how
how do cars sometimes get credits,spe_credits_get_how
see how to give for credits,spe_credits_get_how
call back when do we get credits?,spe_credits_get_how
most ontogeny credits,spe_credits_get_how
know where shortly. .. will i come credits?,spe_credits_get_how
when do i blithely think credits,spe_credits_get_how
when could any one get credits?,spe_credits_get_how
how did whitethorn i get credits?,spe_credits_get_how
when before did i get extra birthing mention?,spe_credits_get_how
when deciding exactly what should i acknowledgment credits?,spe_credits_get_how
â   when dress we get credits?,spe_credits_get_how
when and will he get credit?,spe_credits_get_how
when helium would thou supposed to somehow get credits?,spe_credits_get_how
â  ¢ when later does i finish getting credits?,spe_credits_get_how
how will we ultimately grow credits?,spe_credits_get_how
one wrote love credits,spe_credits_get_how
customers who legally approve labor,spe_proj_req_appr
world health organization might approve my forthcoming labor request,spe_proj_req_appr
by 2020 what will my former project request have approved?,spe_proj_req_appr
stakeholders world health organization must okay the project request,spe_proj_req_appr
my undertaking director manager,spe_proj_req_appr
which comprise going to approve that individual project direction request?,spe_proj_req_appr
or world health organization equal who approve so my request?,spe_proj_req_appr
who applicants testament approve the request,spe_proj_req_appr
i had get request pending and who force out confirm information technology?,spe_proj_req_appr
who is going onto approve for my next project request?,spe_proj_req_appr
world health organization bequeath spend zillion approving preparing a project request?,spe_proj_req_appr
so who is run short to finish the engineering undertaking so?,spe_proj_req_appr
determines how few volition exist supervising the project postulation?,spe_proj_req_appr
who will proceed on running the reclamation project?,spe_proj_req_appr
world health organization bequeath personally actively urge approving such project requests?,spe_proj_req_appr
which authority does to finally consent our request?,spe_proj_req_appr
when have my project request that non formally accepted?,spe_proj_req_appr
discover how to puzzle your request sanction,spe_proj_req_appr
sanction my latest project â  ,spe_proj_req_appr
world health organization is the admin coaching website,spe_admin_who
drivers who are admins private instructor,spe_admin_who
are the admins call off numbers,spe_admin_who
who truly serve be admins here,spe_admin_who
sergeant colonel alute english hawthorn you know all who are lease those admins?,spe_admin_who
who all admin,spe_admin_who
what incisively runs admins offices of alute?,spe_admin_who
man who coach the admins?,spe_admin_who
world health organization are the ocean waters gods who alute,spe_admin_who
world health organization say are other admins?,spe_admin_who
who operating theatre be all admins in cadet section?,spe_admin_who
why guys are admins hither?,spe_admin_who
who exactly leave be female bravo?,spe_admin_who
manipulator whose are admins in deciding whichever slip?,spe_admin_who
and who does are admins?,spe_admin_who
â  ¢ who has usable access?,spe_admin_who
wonder woman has admin hark back?,spe_admin_who
antecedently delivered admin material for john alute,spe_admin_who
who act are you admins?,spe_admin_who
inside information by nigel admins,spe_admin_who
tell me joe murray admins,spe_admin_who
how america blow over post projects,spe_proj_own
making it my undertaking,spe_proj_own
how can i draw new shoes,spe_proj_own
can i add these parts with my own own,spe_proj_own
how to effectively post her own project,spe_proj_own
am i clever yet to write so something simple of my own?,spe_proj_own
or do that i incorporate my own words?,spe_proj_own
whom do i own plans tonight regarding launch projects instead of my ain?,spe_proj_own
where am i free to run these projects within onto my own?,spe_proj_own
how can i design my own core projects?,spe_proj_own
am that allowed for you add to my ain lab projects manually?,spe_proj_own
if anytime i have some bragging projects pot afford i tell her?,spe_proj_own
am i suddenly supposed able bodied to tally any research undertaking?,spe_proj_own
bill and i sum up any remnants of us ain labor?,spe_proj_own
whether ever i volition embody allowed to deliver my own ain notes?,spe_proj_own
and how can i sum up salt?,spe_proj_own
striking projects pitched?,spe_proj_limit
how hard project can i still work without at a sign of the zodiac,spe_proj_limit
how many people can anyone fill a part conceived of at merely unitary simple time?,spe_proj_limit
how many patents they can actually let apply for companies at a pace,spe_proj_limit
how many projects can local governments apply protection against?,spe_proj_limit
how can i apply for body politic awards,spe_proj_limit
sufficient way of maximum thermal mental ability of completing make for the whole project at a sentence?,spe_proj_limit
perhaps hence many challenging task would i always stand for at a time?,spe_proj_limit
wherefore is there no limit whatsoever to how expensive projects are i lav pay for?,spe_proj_limit
indeed what ' t s our maximum speciality start contribute projects at some given fourth dimension?,spe_proj_limit
see how the many projects am continually allowed 1 apply within me a meter?,spe_proj_limit
imagine many projects â   can i hardly realize at others this clock time?,spe_proj_limit
â  ¢ what ' s the actual maximal electrical durability of projects which exponent may increase by at a meter?,spe_proj_limit
what what be this the proportional number of times that handicap children am allow for to apply periodically overnight at a earnings?,spe_proj_limit
what ' s the number to task like unity wanna be allowed to successfully use independently through hitting a different inauguration?,spe_proj_limit
2001 karl github become director nescessary,spe_git_why
iodin desperately need,spe_git_why
thusly i really want github id. be only seth anyone needed?,spe_git_why
why is it be fairly necessary,spe_git_why
what keeps me github i.d.,spe_git_why
why exactly that is github countersign automatically create?,spe_git_why
finding almost this simulated id necessary? why?,spe_git_why
when what is finding id necessary?,spe_git_why
why is an github id block position data file,spe_git_why
wherefore when live github currently worldwide registered?,spe_git_why
maybe wherefore did github recognize idaho a null?,spe_git_why
wherefore will we need find his id,spe_git_why
oregon who believes coif they need github id?,spe_git_why
â  ¢ volition charlotte charlotte be busy require caller id?,spe_git_why
whom will would one citizen be wearing github right of first publication id?,spe_git_why
why bother did i need my github i.d.,spe_git_why
now why should i use all any public github i.d.?,spe_git_why
hell do you rattling need github security patches?,spe_git_why
how often can i earn credits,spe_credits_use_how
credits here overleap,spe_credits_use_how
what you suffice awry with getting the credits i hate,spe_credits_use_how
recollect what can anyone use credits for,spe_credits_use_how
difference rate between ratings and credits,spe_credits_use_how
hence what do i expend him as for?,spe_credits_use_how
when many can the credits likewise get use?,spe_credits_use_how
what money make else credits can be use for?,spe_credits_use_how
who is that use supplier of universal credit entry?,spe_credits_use_how
â  ¢ represent the illicit use of credit instrument payments?,spe_credits_use_how
perhaps what do they use credit sum for?,spe_credits_use_how
only what can i tie up it for?,spe_credits_use_how
credits can be utilize ended several especial programming purposes?,spe_credits_use_how
wherefore should would i be stopped taking credit?,spe_credits_use_how
wrong words to use credits?,spe_credits_use_how
what time intervals do i still use credits for?,spe_credits_use_how
going underground to spend credits?,spe_credits_use_how
operating cost is sometimes the cost punishment of getting credits,spe_credits_use_how
tell me me what to expend credits,spe_credits_use_how
who gets credits after i decide on something nobody likes information technology,spe_credits_actual_resp
what find happend them credits if i miss meet them,spe_credits_actual_resp
anybody who may work before suggest i pass my credits,spe_credits_actual_resp
how gets trees dumbfound planted?,spe_credits_actual_resp
where will coiffure my credits stand come out of the closet if we buy something,spe_credits_actual_resp
who is responsible for implant donates number annually after approved contractors should get credits complete with construction?,spe_credits_actual_resp
understand wherefore could come after having i spend deferred payment for wanting someone same?,spe_credits_actual_resp
who shall works the trees then thereafter constitute a donation?,spe_credits_actual_resp
reward rated plant the like sum after people spend deferred payment rating for the same?,spe_credits_actual_resp
who switch tree an amount after ever spend on credit money cards like?,spe_credits_actual_resp
if donate receives exactly 5 plants tree / and donates amount after others turn a loss credits whilst fulfilling the desired reasonableness?,spe_credits_actual_resp
who kisses her boldness right after seeing u expend off my credits?,spe_credits_actual_resp
wherefore testament comprise busy planting trees amount so after hardly helping have my credits depleted?,spe_credits_actual_resp
anybody who could be saving tree amount after insist 1 in the end spend it?,spe_credits_actual_resp
anybody makes up literal donations?,spe_credits_actual_resp
world health organization still shoots trees comparable credits that i secretly expend?,spe_credits_actual_resp
what how my undergraduate degree credits get higher?,spe_credits_actual_resp
how far would so i get picking you out of credits being spent,spe_alutoz_aft_credits
alutoze credits info box,spe_alutoz_aft_credits
is income earned enhance by 3 double credits?,spe_alutoz_aft_credits
nor will i eventually have no alutoze if someone collect septenary credits,spe_alutoz_aft_credits
read i buy something hang out. .. credits means will i walk off,spe_alutoz_aft_credits
when leave students arrive disqualified if ill too spend credit?,spe_alutoz_aft_credits
leave eventually i occupy alluteezs lessons whilst will i break credits?,spe_alutoz_aft_credits
will i grow totally meaning if sometimes i double credits?,spe_alutoz_aft_credits
will they someday feel really able to personally see alutoz if somehow one cause credits?,spe_alutoz_aft_credits
cannot i ever be able even get them domicile if nestling cannot spend credits?,spe_alutoz_aft_credits
will i someday baffle worried sick when iodine lose credits?,spe_alutoz_aft_credits
will does david get alutoze if yer wed only grease one's palms credits?,spe_alutoz_aft_credits
yet at one time ever i pass my credits still still contract pay,spe_alutoz_aft_credits
when leave these people truly be get alutoze if people leave credits?,spe_alutoz_aft_credits
kind of i live getting cheaper income if should i actually spend credit?,spe_alutoz_aft_credits
be there such a coitus on primary government spending deficit and inflation?,spe_alutoz_aft_credits
how can nurture get themselves pregnant again after time outlay?,spe_alutoz_aft_credits
why wherefore could i use alute,spe_why_alute
merely what is the nature of my beloved alute?,spe_why_alute
â  ¢ what live the advantage for using wooden knife?,spe_why_alute
â  ¢ how closely could alute avail us?,spe_why_alute
why non try?,spe_why_alute
why click caller id use alute messaging weapons platform,spe_why_alute
wherefore. .. are you the benefits of reducing alute?,spe_why_alute
why do alute sense good?,spe_why_alute
wherefore ever seemed alute helpful?,spe_why_alute
and whom is alute helpful?,spe_why_alute
in early economical ways is alute marrow soup,spe_why_alute
in pray thee path simply tis alute helpful,spe_why_alute
what are the choices that can i so inherit hither after using alute?,spe_why_alute
see how can cellular dna profile be keep up?,spe_why_alute
make send away fans alute profile player in my career?,spe_why_alute
most useful be net alute?,spe_why_alute
how good unity called alute,spe_why_alute
how could alute assistance guide me,spe_why_alute
perhaps will alute never stupefy to build my profile,spe_why_alute
what are really seven perks potential for use alute,spe_why_alute
nervous astir using something beneficial for me,spe_why_alute
volition she alute help aid my noble cause?,spe_why_alute
how heavy be anybody alute going gonna set about me helping build my ego,spe_why_alute
how better be your pleasant speech?,spe_why_alute
continue to formally create an write up here,spe_alute_acc_free
gotta hinge on it free,spe_alute_acc_free
does provide an account on alute talking astir lose anything,spe_alute_acc_free
energy bathroom be use within alute mineral free,spe_alute_acc_free
can i you account for google devoid,spe_alute_acc_free
suppose you also employ alute for storage free,spe_alute_acc_free
suffice her parents usually have no remuneration compensation to tell alute?,spe_alute_acc_free
be alute ever forever free?,spe_alute_acc_free
which come alute loose cause of trouble?,spe_alute_acc_free
cost aunt ivy poisoned?,spe_alute_acc_free
nor else is charge to employ steal money?,spe_alute_acc_free
gonna give ya alute free on everyone?,spe_alute_acc_free
is alute quick to everyone pray for phantasmal counseling?,spe_alute_acc_free
will she finally be me money to use her back?,spe_alute_acc_free
practise iodine honestly agree only to assume a rank charge?,spe_alute_acc_free
what to do shortly after making an account take alute,spe_alute_acc_free
is my favorite data que à ¥ ¤,spe_data_secure
so is my data bank,spe_data_secure
is behind this website read,spe_data_secure
Â · update this website trustworthy,spe_data_secure
is zero data entry dependable?,spe_data_secure
wherefore is my ring stored?,spe_data_secure
leave both you have any security certificate issue?,spe_data_secure
indeed should you worry about security management consideration?,spe_data_secure
understand how secure is everything?,spe_data_secure
who who secure be website?,spe_data_secure
how utterly good is we can you apply alute?,spe_data_secure
can. .. you blindly confide god?,spe_data_secure
should embody very worried about relatives of helping my family?,spe_data_secure
surgery can anybody else help access your data?,spe_data_secure
simply can you assure me that my blackguard are safe?,spe_data_secure
might i oregon talk to breastfeed beth admins,spe_admin_purpose
what do patronage with admins of south alute pay,spe_admin_purpose
transferring completely the power regarding projects on affair board with staff the research house,spe_admin_purpose
.. . this is our current job of have admin?,spe_admin_purpose
what pure evil works does the new admin coiffure?,spe_admin_purpose
just how useful power does the roving admin have got?,spe_admin_purpose
world health organization controls iron dragons?,spe_admin_purpose
think back what exactly is that significance type of genetic mutation on alute?,spe_admin_purpose
what offense is the thrill for attacking admins?,spe_admin_purpose
how equal there the work for commercialise admins?,spe_admin_purpose
so be a strategic purpose of justify possess admins?,spe_admin_purpose
work details gallery assistant admins,spe_admin_purpose
of wherefore become admins important?,spe_admin_purpose
what fuss i has admin arrest into you make out?,spe_admin_purpose
what is this program,spe_what_alute_is
what is alute,spe_what_alute_is
fundament u tell me something about alute,spe_what_alute_is
What equal Alute?,spe_what_alute_is
alute,spe_what_alute_is
What be the website alute?,spe_what_alute_is
Recount something about alute,spe_what_alute_is
Alute? What is information technology,spe_what_alute_is
What exactly be alute,spe_what_alute_is
What does alute mean?,spe_what_alute_is
What alute means?,spe_what_alute_is
What is the detailed import of alute?,spe_what_alute_is
what be your platform alute?,spe_what_alute_is
commode you tell maine what is alute?,spe_what_alute_is
Unity donÃ ¢ Â  Â  t know what be alute,spe_what_alute_is
Preface me to Alute,spe_what_alute_is
explain what is alute,spe_what_alute_is
what to do,spe_alute_purpose
how alute works,spe_alute_purpose
What all functionalities does Alute have,spe_alute_purpose
how to use this weapons platform,spe_alute_purpose
Can we get it on what alute does,spe_alute_purpose
what alute answer,spe_alute_purpose
What be the function of alute?,spe_alute_purpose
What does alute make out?,spe_alute_purpose
What alute does?,spe_alute_purpose
What coiffure alute does?,spe_alute_purpose
What does alute act?,spe_alute_purpose
What equal the principal role of alute?,spe_alute_purpose
What be the part of alute?,spe_alute_purpose
What do alute do?,spe_alute_purpose
What be the function of alute?,spe_alute_purpose
what is alute for?,spe_alute_purpose
what is function of alute?,spe_alute_purpose
Tell me the role of alute,spe_alute_purpose
What ass I suffice on alute?,spe_alute_purpose
Tell apart me everything I stern do on alute,spe_alute_purpose
What follow the use of alute?,spe_alute_purpose
What all bottom I do on alute?,spe_alute_purpose
alute bloodline,spe_alute_since_when
how long alute run,spe_alute_since_when
since when is this platform existing,spe_alute_since_when
Year in which alute came into being,spe_alute_since_when
How long has alute equal around,spe_alute_since_when
world health organization made alute,spe_alute_since_when
How long have you be using alute?,spe_alute_since_when
Since when alute is in workplace?,spe_alute_since_when
How old is alute,spe_alute_since_when
Since when be alute around?,spe_alute_since_when
How long alute have been around?,spe_alute_since_when
How recollective alute has been around?,spe_alute_since_when
Since when has alute been around?,spe_alute_since_when
Since when was alute around?,spe_alute_since_when
From when has alute be around?,spe_alute_since_when
since how long is alute in existance?,spe_alute_since_when
alute chronicle,spe_alute_since_when
recount me how old is alute,spe_alute_since_when
since when is alute active,spe_alute_since_when
how long since alute was born?,spe_alute_since_when
when did alute come in existance?,spe_alute_since_when
domain,spe_alute_domains
Rear u tell me the domain that alute support,spe_alute_domains
dissimilar domains support,spe_alute_domains
which domain are supported here?,spe_alute_domains
Seat u tell maine abt the arena that alute support,spe_alute_domains
projects sphere,spe_alute_domains
What are the world which alute support?,spe_alute_domains
Which domains does alute support?,spe_alute_domains
Which all domains act alute support?,spe_alute_domains
What are the domains which alute support,spe_alute_domains
What are the knowledge base which alute support?,spe_alute_domains
Which all domain does alute support?,spe_alute_domains
Number the domains which alute supports?,spe_alute_domains
Mention the land which alute support?,spe_alute_domains
Pick some domain which alute supports?,spe_alute_domains
which all domain can One make project in on alute,spe_alute_domains
is on that point a domain constraint?,spe_alute_domains
is thither a domain limit?,spe_alute_domains
does alute bear out all tech domain?,spe_alute_domains
sphere list,spe_alute_domains
tell me which all domains does alute supporting,spe_alute_domains
what are credits,spe_alute_credits
credits,spe_alute_credits
what is the meaning of credits,spe_alute_credits
what follow credits in alute?,spe_alute_credits
Tell me astir credits,spe_alute_credits
what do you mean by credits,spe_alute_credits
What be credits in alute?,spe_alute_credits
What are the credits here?,spe_alute_credits
What be credits in alute,spe_alute_credits
What do credit stand for here?,spe_alute_credits
What live credits in this case?,spe_alute_credits
What are credits in this berth?,spe_alute_credits
What are credits here?,spe_alute_credits
What does credit represent hither?,spe_alute_credits
What does credit standpoint for?,spe_alute_credits
what are alute credits?,spe_alute_credits
tell me astir alute credits,spe_alute_credits
what are credits in alute?,spe_alute_credits
what are credits?,spe_alute_credits
can alute credits personify used outside this chopine,spe_alute_credits
what be credits feature?,spe_alute_credits
what live alutoze,spe_alutoze_what
alutoze,spe_alutoze_what
what to do with alutoze?,spe_alutoze_what
tell me something about alutoz,spe_alutoze_what
What exactly equal alute here?,spe_alutoze_what
What are alutoze?,spe_alutoze_what
What make up alutoze?,spe_alutoze_what
What exactly be alutoze?,spe_alutoze_what
What manage alutoze represent here?,spe_alutoze_what
What do alutoze symbolise here?,spe_alutoze_what
What does alutoze mean here?,spe_alutoze_what
What exactly are alutoze hither?,spe_alutoze_what
what perform you mean by alutoze?,spe_alutoze_what
tell me astir alutoze,spe_alutoze_what
give detail about alutoze,spe_alutoze_what
more info about alutoz,spe_alutoze_what
are alutoze only for this political program,spe_alutoze_what
what to do with alutoze,spe_alutoze_what
what live the benefit of earning alutoze,spe_alutoze_what
will alutoze assistant in my resume,spe_alutoze_what
alutoze item,spe_alutoze_what
how can i bring in alutoze,spe_alutoze_get_how
how do i take alutoze,spe_alutoze_get_how
how to earn alutoze,spe_alutoze_get_how
May i eff when do 1 get alutoze,spe_alutoze_get_how
get alutoz,spe_alutoze_get_how
How retentive before I suffer alutoz?,spe_alutoze_get_how
Wham can I get alutozes?,spe_alutoze_get_how
After what all can I convey alutoze?,spe_alutoze_get_how
When will Iodin buzz off an alutoz?,spe_alutoze_get_how
When do I get an alutoz?,spe_alutoze_get_how
When answer I get alutoz?,spe_alutoze_get_how
When will One get my alutoz?,spe_alutoze_get_how
When will One obtain an alutoz?,spe_alutoze_get_how
When do I get alutoz?,spe_alutoze_get_how
When will I exist ready to capture an alutoz?,spe_alutoze_get_how
how to suffer alutoze,spe_alutoze_get_how
how rear end I get alutoze,spe_alutoze_get_how
when will I get alutoze,spe_alutoze_get_how
how can i earn credits,spe_credits_get_how
how do i sire credits,spe_credits_get_how
how to work for credits,spe_credits_get_how
When do I scram credits?,spe_credits_get_how
earn credits,spe_credits_get_how
When exactly leave I come credits?,spe_credits_get_how
When do I have credits,spe_credits_get_how
When do Iodin get credits?,spe_credits_get_how
How can Ace get credits?,spe_credits_get_how
When will Iodine get my credit?,spe_credits_get_how
When incisively do I have credits?,spe_credits_get_how
When do I get credits?,spe_credits_get_how
When will I get credit?,spe_credits_get_how
When am Iodin suppose to get credits?,spe_credits_get_how
When will Iodin comprise getting credits?,spe_credits_get_how
how volition I get credits?,spe_credits_get_how
I want credits,spe_credits_get_how
who leave approve project,spe_proj_req_appr
who will approve my undertaking request,spe_proj_req_appr
by whom will my project request comprise sanction?,spe_proj_req_appr
Who will approve the labor request,spe_proj_req_appr
my project apporval,spe_proj_req_appr
World health organization be going to approve the project request?,spe_proj_req_appr
Who is going approve undertaking asking?,spe_proj_req_appr
Who will approve project petition,spe_proj_req_appr
I got request pending who will o.k. information technology?,spe_proj_req_appr
Who is sound to approve the labor request?,spe_proj_req_appr
Who testament live approving the project request?,spe_proj_req_appr
Who is going to approve the projection asking?,spe_proj_req_appr
Who will follow approving the projection request?,spe_proj_req_appr
World health organization will be approving the labor?,spe_proj_req_appr
Who testament be approving the projection requests?,spe_proj_req_appr
which authority will accept project postulation?,spe_proj_req_appr
when testament my project request follow accepted?,spe_proj_req_appr
how to get project request approve,spe_proj_req_appr
approve my project request,spe_proj_req_appr
who be admin of website,spe_admin_who
world health organization are admins here,spe_admin_who
are the admins trustworthy,spe_admin_who
Who all are admins here,spe_admin_who
Howdy alute whitethorn I know world health organization are the admins?,spe_admin_who
admin,spe_admin_who
Who are admins of alute?,spe_admin_who
Who are the admins?,spe_admin_who
Who are the admins in alute,spe_admin_who
Who comprise the admins?,spe_admin_who
Who be admins in this event?,spe_admin_who
World health organization are admins here?,spe_admin_who
Who leave be the admins?,spe_admin_who
Who be admins in this case?,spe_admin_who
World health organization exactly are admins?,spe_admin_who
who has admin access?,spe_admin_who
world health organization has admin priviledge?,spe_admin_who
who is admin for alute,spe_admin_who
who all are admins?,spe_admin_who
details of admins,spe_admin_who
tell pine tree state about admins,spe_admin_who
how to post projects,spe_proj_own
post my projection,spe_proj_own
can i make new project,spe_proj_own
Stern I add projects of my own,spe_proj_own
how to post my own project,spe_proj_own
Am Iodine supposed to add labor of my own?,spe_proj_own
Can I contain my own projects?,spe_proj_own
Do I bear permission to add projects of my ain?,spe_proj_own
Am I give up to add together projects of my ain?,spe_proj_own
Can Ace add my own task?,spe_proj_own
Am I allowed to contribute my ain projects here?,spe_proj_own
If Iodin have a project can I add information technology?,spe_proj_own
Am Single supposed to add my own project?,spe_proj_own
Can I add any of my ain projects?,spe_proj_own
Will I make up allowed to contribute my ain projects?,spe_proj_own
how can Atomic number 53 add projects?,spe_proj_own
undertaking limit?,spe_proj_limit
how many project tin i work at a time,spe_proj_limit
how many projects can i personify a part of at one time?,spe_proj_limit
How many projects can I apply for at a time,spe_proj_limit
How many projects can One employ for?,spe_proj_limit
how can i apply for labor,spe_proj_limit
What is the maximum capacity of relegate the project at a meter?,spe_proj_limit
How many projects can I go for for at a time?,spe_proj_limit
Is at that place a limit to how many projects I can apply for?,spe_proj_limit
What ' s the maximal strength of adding projects at a prison term?,spe_proj_limit
How many undertaking be I allowed to apply at a metre?,spe_proj_limit
How many projects fundament I utilise at a time?,spe_proj_limit
What ' s the maximal strength of projects which 1 can present at a time?,spe_proj_limit
What is the turn of projects which I am provide to lend oneself for at a metre?,spe_proj_limit
What ' s the number of projects I volition live able bodied to use at a time?,spe_proj_limit
wherefore github is nescessary,spe_git_why
github want,spe_git_why
one dont consume github id. Is it needed?,spe_git_why
Why is Github Idaho necessary,spe_git_why
what is github i.d.,spe_git_why
Why incisively is github ID necessary?,spe_git_why
Is github ID necessary? Wherefore?,spe_git_why
Why is GitHub idaho necessary?,spe_git_why
Why is github idaho a necessity,spe_git_why
Why is github ID necessary?,spe_git_why
Why be github gem state a necessity?,spe_git_why
Why do we need github idaho,spe_git_why
World health organization do we want github ID?,spe_git_why
Wherefore will I be needing github idaho?,spe_git_why
Why volition I be needing github idaho?,spe_git_why
why come I need github ID,spe_git_why
why should Iodin provide my github ID?,spe_git_why
why coiffure you need GitHub idaho?,spe_git_why
how stern i use credits,spe_credits_use_how
credits utilise,spe_credits_use_how
what to do with the credits i get,spe_credits_use_how
What stern I use credits for,spe_credits_use_how
departure between money and credits,spe_credits_use_how
What can I employ cite for?,spe_credits_use_how
Where can the credits be use?,spe_credits_use_how
What all tin credits be used for?,spe_credits_use_how
What be the use of credit?,spe_credits_use_how
What is the use of credit on the button?,spe_credits_use_how
What can I use credit for?,spe_credits_use_how
What give the sack I use credit for?,spe_credits_use_how
Credits toilet be used for what purposes?,spe_credits_use_how
Wherefore will I be using cite?,spe_credits_use_how
how to use credits?,spe_credits_use_how
what all can Ane use credits for?,spe_credits_use_how
how to drop credits?,spe_credits_use_how
what is the use of getting credits,spe_credits_use_how
tell me how to use credits,spe_credits_use_how
world health organization cause credits after i buy something from it,spe_credits_actual_resp
what happend to credits if i spend them,spe_credits_actual_resp
world health organization will work when i spend my credits,spe_credits_actual_resp
world health organization gets trees planted?,spe_credits_actual_resp
where will my credits go if i buy something,spe_credits_actual_resp
World health organization is responsible for plant donates amount after I pass credits for like?,spe_credits_actual_resp
Who donates amount after 1 spend reference for the same?,spe_credits_actual_resp
World health organization will plant the trees or make contribution?,spe_credits_actual_resp
Who plants the donates add up after Ane spend credit for same?,spe_credits_actual_resp
Who plants tree diagram amount after I pass recognition for same?,spe_credits_actual_resp
World health organization exactly plants trees / donates amount after I drop credits for the like intellect?,spe_credits_actual_resp
World health organization plants tree amount after u spend my credits?,spe_credits_actual_resp
Who leave be planting trees total after I have my credits spend?,spe_credits_actual_resp
Who will embody planting trees amount after Iodine spend cite?,spe_credits_actual_resp
who make actual donations?,spe_credits_actual_resp
who plants tree of credits that I pass?,spe_credits_actual_resp
how my spent credits draw used?,spe_credits_actual_resp
how leave i get alutoz out of credits i spent,spe_alutoz_aft_credits
alutoze credits family relationship,spe_alutoz_aft_credits
is alutoze earned by expend credits?,spe_alutoz_aft_credits
Will I become alutoze if I spend my credits,spe_alutoz_aft_credits
i buy something extinct of credits will i get alutoz,spe_alutoz_aft_credits
Will Ace get alutoz if I spend credit?,spe_alutoz_aft_credits
Will Unity get alluteezs if I pass credits?,spe_alutoz_aft_credits
Testament I get alutoze if I expend credits?,spe_alutoz_aft_credits
Will Unity be able bodied to get alutoz if I spend credits?,spe_alutoz_aft_credits
Will I be capable to bring alutoze if I spend credits?,spe_alutoz_aft_credits
Will I get alutoze if Ane spend credits?,spe_alutoz_aft_credits
Will Iodine develop alutoze if I spend credits?,spe_alutoz_aft_credits
Once I spend my credits leave I get Aluteezs,spe_alutoz_aft_credits
Leave I exist getting alutoze if Ane spend credits?,spe_alutoz_aft_credits
Will Ane personify getting alutoze if I spend credit entry?,spe_alutoz_aft_credits
exist there a relation between credit entry outlay and alutoze?,spe_alutoz_aft_credits
how can 1 get alutoze after credit spending?,spe_alutoz_aft_credits
why should i use alute,spe_why_alute
what follow the benefit of using alute?,spe_why_alute
what is the advantage of use alute?,spe_why_alute
how volition alute help me?,spe_why_alute
wherefore alute?,spe_why_alute
why should I use alute political program,spe_why_alute
what are the benefits of utilize alute?,spe_why_alute
wherefore is alute good?,spe_why_alute
wherefore is alute helpful?,spe_why_alute
how is alute helpful?,spe_why_alute
in what ways is alute better,spe_why_alute
in what way is alute helpful,spe_why_alute
what are advantage that Atomic number 53 will get after using alute?,spe_why_alute
how buttocks alute profile be helpful?,spe_why_alute
how can alute profile help my career?,spe_why_alute
how useful is alute?,spe_why_alute
how good follow alute,spe_why_alute
how will alute serve me,spe_why_alute
will alute help me make my profile,spe_why_alute
what are the fringe benefit of utilise alute,spe_why_alute
comprise using alute beneficial for me,spe_why_alute
will alute help in my resume?,spe_why_alute
how is alute going to assist me build my career,spe_why_alute
how better is your website?,spe_why_alute
how to produce an account here,spe_alute_acc_free
be it free,spe_alute_acc_free
does making an invoice on alute cost anything,spe_alute_acc_free
can i use alute for free,spe_alute_acc_free
can i create account for free,spe_alute_acc_free
posterior i use alute for free,spe_alute_acc_free
do I have to pay to expend alute?,spe_alute_acc_free
is alute toll free?,spe_alute_acc_free
be alute free of cost?,spe_alute_acc_free
personify alute chargable?,spe_alute_acc_free
what is cathexis to use alute?,spe_alute_acc_free
be alute free for everyone?,spe_alute_acc_free
make up alute available to everyone for free?,spe_alute_acc_free
will information technology cost me anything to use alute?,spe_alute_acc_free
do I have to pay a membership rush?,spe_alute_acc_free
what to do after creating report on alute,spe_alute_acc_free
is my data secrure here,spe_data_secure
is my datum safe,spe_data_secure
is this website authorized,spe_data_secure
is this website trustworthy,spe_data_secure
is my data point safe?,spe_data_secure
is my data point encrypted?,spe_data_secure
leave there be any security offspring?,spe_data_secure
should One worry astir security breaches?,spe_data_secure
how secure is alute?,spe_data_secure
how secure constitute website?,spe_data_secure
how safe is it to apply alute?,spe_data_secure
can 1 blindly trust alute?,spe_data_secure
should embody worried about security of my data?,spe_data_secure
Crapper anyone else accession my data?,spe_data_secure
Can you assure pine tree state my data point is safe?,spe_data_secure
can i talk to the admins,spe_admin_purpose
what do the admins of alute suffice,spe_admin_purpose
is all the power regard projects on alute with the admins,spe_admin_purpose
what is the job of admin?,spe_admin_purpose
what all work does the admin make out?,spe_admin_purpose
what all powerfulness does the admin receive?,spe_admin_purpose
who control admins?,spe_admin_purpose
what is the purpose of admins on alute?,spe_admin_purpose
what follow the purpose of admins?,spe_admin_purpose
what is the work of admins?,spe_admin_purpose
what is the aim of having admins?,spe_admin_purpose
work contingent of admins,spe_admin_purpose
wherefore are admins important?,spe_admin_purpose
what body of work has admin got to execute?,spe_admin_purpose
what divides this political program,spe_what_alute_is
what shall alute,spe_what_alute_is
can u write me something about you,spe_what_alute_is
world health organization is alute?,spe_what_alute_is
open details of alute,spe_what_alute_is
what did the web site covering?,spe_what_alute_is
tell apart something yer alute,spe_what_alute_is
alone? what is it,spe_what_alute_is
b precisely is alute,spe_what_alute_is
what manage this mean?,spe_what_alute_is
what alute thee?,spe_what_alute_is
what is our literal signification of alute?,spe_what_alute_is
thou is your mighty alute?,spe_what_alute_is
would somebody say me what is alute?,spe_what_alute_is
i donat thy it is alute,spe_what_alute_is
introduce pine tree state pour alute,spe_what_alute_is
hence what is alute,spe_what_alute_is
things to dress,spe_alute_purpose
cafe alute works,spe_alute_purpose
what all stuff does ordinarily have,spe_alute_purpose
plans to apply this platform,spe_alute_purpose
tush already know what alute possess,spe_alute_purpose
what women do,spe_alute_purpose
what is the brute called alute?,spe_alute_purpose
hence does alute do?,spe_alute_purpose
what else does?,spe_alute_purpose
now coiffure alute does?,spe_alute_purpose
what serve moses do?,spe_alute_purpose
what is that main part with alute?,spe_alute_purpose
how is the role for alute?,spe_alute_purpose
what serve alute do?,spe_alute_purpose
what is thou furor of alute?,spe_alute_purpose
what is alute aver?,spe_alute_purpose
what she leave of alute?,spe_alute_purpose
separate me the prophecy via alute,spe_alute_purpose
what do i do on sunday?,spe_alute_purpose
tell maine everything ace can get for alute,spe_alute_purpose
what be our secret of alute?,spe_alute_purpose
what activity can i do on holiday?,spe_alute_purpose
frosty origin,spe_alute_since_when
extremely prospicient alute running,spe_alute_since_when
since when is this sum existing,spe_alute_since_when
year in succession alute came on macrocosm,spe_alute_since_when
how rainwater has alute hung around,spe_alute_since_when
who let the cat out of the bag alute,spe_alute_since_when
after long have you been employ mine?,spe_alute_since_when
since when today be always work?,spe_alute_since_when
how sometime is thou,spe_alute_since_when
since when was willie hanged?,spe_alute_since_when
how many alute hasn been around?,spe_alute_since_when
how good alute hadn been around?,spe_alute_since_when
when when has somebody been around?,spe_alute_since_when
so when be alute stolen?,spe_alute_since_when
from when has alute thy slain?,spe_alute_since_when
since where long be alute from existance?,spe_alute_since_when
alute à ¥ ¤,spe_alute_since_when
tell maine thy old is thy,spe_alute_since_when
since when is alute versa,spe_alute_since_when
how prospicient since you were born?,spe_alute_since_when
when bequeath alute come improving existance?,spe_alute_since_when
what domains in alute,spe_alute_domains
can u give up me the stars potty alute support,spe_alute_domains
different domains ï¼ ,spe_alute_domains
which attributes are supported here?,spe_alute_domains
seize thy operating theatre me abt the domain that alute support,spe_alute_domains
functional area,spe_alute_domains
what are additional arena which normally supports?,spe_alute_domains
whose physical object does alute support?,spe_alute_domains
which domain domain does already corroborate?,spe_alute_domains
what are the knowledge domain whose best support,spe_alute_domains
what represent the domains which adamant manufactures?,spe_alute_domains
which all probability does alute survive?,spe_alute_domains
defining the domains which norton supports?,spe_alute_domains
among the orbit which alute frequent?,spe_alute_domains
consider some variable which alute supports?,spe_alute_domains
which all creatures can i think rest in on alute,spe_alute_domains
live there no domain constraint?,spe_alute_domains
be there a domain limit?,spe_alute_domains
leave alute support all tech class?,spe_alute_domains
mintage list,spe_alute_domains
separate pine tree state which all domains act alute â  ¦,spe_alute_domains
what soundtrack credits,spe_alute_credits
credits,spe_alute_credits
what is the meaning in credits,spe_alute_credits
scoring silver credits in alute?,spe_alute_credits
distinguish stories about credits,spe_alute_credits
what do ya mean by credits,spe_alute_credits
wherefore are credits to alute?,spe_alute_credits
what embody the credits saying?,spe_alute_credits
what happens credits in alute,spe_alute_credits
what could credit stand up in here?,spe_alute_credits
after are credits in this series?,spe_alute_credits
what recent credits in current situation?,spe_alute_credits
what individual credits here?,spe_alute_credits
what does happiness represent here?,spe_alute_credits
what does god pedestal for?,spe_alute_credits
what bring alute credits?,spe_alute_credits
tell me about my credits,spe_alute_credits
fifty insurance credits in alute?,spe_alute_credits
credits cost credits?,spe_alute_credits
stern the credits personify used outside desktop platform,spe_alute_credits
when comprise credits feature?,spe_alute_credits
what can alutoze,spe_alutoze_what
what alutoze,spe_alutoze_what
how to do for alutoze?,spe_alutoze_what
tell pine tree state again about poetry,spe_alutoze_what
what dangers are conditions hither?,spe_alutoze_what
what serve alutoze?,spe_alutoze_what
what bequeath alutoze?,spe_alutoze_what
like incisively are equations?,spe_alutoze_what
what does alutoze represent themselves?,spe_alutoze_what
what do alutoze take here?,spe_alutoze_what
what did alutoze mean value again?,spe_alutoze_what
what else have alutoze here?,spe_alutoze_what
what set thoughts intend by this?,spe_alutoze_what
william tell word about alutoze,spe_alutoze_what
give item about statistics,spe_alutoze_what
more books about alutoz,spe_alutoze_what
are alutoze substitutes for this condition,spe_alutoze_what
what to wrestle with us,spe_alutoze_what
income gives the benefit of garner alutoze,spe_alutoze_what
will alutoze help launch my task,spe_alutoze_what
alutoze à ¥ ¤,spe_alutoze_what
how can immigrants earn savings,spe_alutoze_get_how
how coiffure you go alutoze,spe_alutoze_get_how
how to master alutoze,spe_alutoze_get_how
english hawthorn ye know when shall we get alutoze,spe_alutoze_get_how
get meddling,spe_alutoze_get_how
how fast before i reached alutoz?,spe_alutoze_get_how
wham can i stand hungry?,spe_alutoze_get_how
after hearing all say i take alutoze?,spe_alutoze_get_how
Â « will we become an alutoz?,spe_alutoze_get_how
where would i have an alutoz?,spe_alutoze_get_how
till do i obtain rich?,spe_alutoze_get_how
when will ya renew my alutoz?,spe_alutoze_get_how
when testament he get an eye?,spe_alutoze_get_how
when might i drive excited?,spe_alutoze_get_how
and then volition i feel ready to get an interview?,spe_alutoze_get_how
how to set out anywhere,spe_alutoze_get_how
agency early i get alutoze,spe_alutoze_get_how
when shall i william tell alutoze,spe_alutoze_get_how
how could i earn credits,spe_credits_get_how
how do elevator car get credits,spe_credits_get_how
how to practice for credits,spe_credits_get_how
when do we get under one's skin credits?,spe_credits_get_how
exploitation credits,spe_credits_get_how
where presently will i get credits?,spe_credits_get_how
when do i retrieve credits,spe_credits_get_how
when could i get credits?,spe_credits_get_how
how did i get credits?,spe_credits_get_how
when did i get surplus recognition?,spe_credits_get_how
when exactly should i credit credits?,spe_credits_get_how
when do we find credits?,spe_credits_get_how
when will helium get credit?,spe_credits_get_how
when would thou supposed to get credits?,spe_credits_get_how
when does i eat up getting credits?,spe_credits_get_how
how will we get credits?,spe_credits_get_how
i screw credits,spe_credits_get_how
who legally o.k. project,spe_proj_req_appr
who might approve my project request,spe_proj_req_appr
by 2020 will my project request have approved?,spe_proj_req_appr
who must approve the project asking,spe_proj_req_appr
my project managing director,spe_proj_req_appr
which is going to approve that project petition?,spe_proj_req_appr
world health organization is who approve my request?,spe_proj_req_appr
who will sanction the request,spe_proj_req_appr
i got request pending world health organization can confirm information technology?,spe_proj_req_appr
who is going onto approve my project petition?,spe_proj_req_appr
who volition spend o.k. a project request?,spe_proj_req_appr
who is going to terminate the project so?,spe_proj_req_appr
how will be supervising the labor asking?,spe_proj_req_appr
who bequeath continue running the undertaking?,spe_proj_req_appr
who will actively approving such labor requests?,spe_proj_req_appr
which authorization to accept our petition?,spe_proj_req_appr
when have my project request non accept?,spe_proj_req_appr
how to get your postulation approved,spe_proj_req_appr
sanction my project â  ,spe_proj_req_appr
who is admin train website,spe_admin_who
who are admins coaches,spe_admin_who
are the admins numbers,spe_admin_who
who really are admins here,spe_admin_who
colonel alute crataegus oxycantha you know who are those admins?,spe_admin_who
admin who all,spe_admin_who
what bunk admins of alute?,spe_admin_who
who train the admins?,spe_admin_who
who be the waters who alute,spe_admin_who
who live other admins?,spe_admin_who
world health organization are admins in cadet surgical incision?,spe_admin_who
guys are admins here?,spe_admin_who
who volition be female assassin?,spe_admin_who
manipulator are admins in whichever case?,spe_admin_who
who does be admins?,spe_admin_who
world health organization has available access?,spe_admin_who
wonder has admin return?,spe_admin_who
previously delivered admin for alute,spe_admin_who
who do are admins?,spe_admin_who
inside information by admins,spe_admin_who
tell maine joe admins,spe_admin_who
how america post project,spe_proj_own
make my projects,spe_proj_own
can i make new shoes,spe_proj_own
can i add these with my own,spe_proj_own
how to post her ain project,spe_proj_own
am i yet to pen something of my own?,spe_proj_own
do i incorporate my own words?,spe_proj_own
do iodine cause plans regarding launch projects of my own?,spe_proj_own
am ane free to run projects within my ain?,spe_proj_own
can i design my core projects?,spe_proj_own
am that appropriate you add my own projects manually?,spe_proj_own
if iodine hold bigger projects can i assure her?,spe_proj_own
am i presuppose to add any research projection?,spe_proj_own
and i add together any of us own projects?,spe_proj_own
whether i be allowed to turn in my ain tone?,spe_proj_own
how can i add salt?,spe_proj_own
project pitched?,spe_proj_limit
how difficult project can i piece of work at a house,spe_proj_limit
how many people tin anyone fill a section of at one time?,spe_proj_limit
how many patents can in reality apply for at a charge per unit,spe_proj_limit
how many projects rump governments apply against?,spe_proj_limit
how can i apply for awards,spe_proj_limit
sufficient way of maximum capacity of completing the project at a clock time?,spe_proj_limit
so many undertaking would i viewpoint for at a time?,spe_proj_limit
is in that location no limit to how expensive projects i can pay for?,spe_proj_limit
what ' s our maximum strength beginning adding project at some time?,spe_proj_limit
how many projection am continually allowed i utilize within a time?,spe_proj_limit
ideate many projects butt i see at this time?,spe_proj_limit
what ' s the maximum strength of projects which power whitethorn increase by a time?,spe_proj_limit
what be the figure of times that children am allowed to utilise periodically at a remuneration?,spe_proj_limit
what ' s the number to projects i wanna be grant to apply through with a inauguration?,spe_proj_limit
karl github get nescessary,spe_git_why
i take github why?,spe_git_why
single very desire github id. is seth needed?,spe_git_why
why is information technology be necessary,spe_git_why
what keeps github id,spe_git_why
why on the button is github parole created?,spe_git_why
finding this i.d. necessary? why?,spe_git_why
when is finding id necessary?,spe_git_why
wherefore is github id block file,spe_git_why
wherefore is github worldwide registered?,spe_git_why
why make github id a null?,spe_git_why
why will we take his id,spe_git_why
who conceive they ask github id?,spe_git_why
â  ¢ will charlotte be demand telephoner id?,spe_git_why
whom bequeath one be wear upon github id?,spe_git_why
why did single want github id,spe_git_why
nowadays should i consumption any github id?,spe_git_why
the pits do you need github patches?,spe_git_why
how give notice i earn credits,spe_credits_use_how
credits except,spe_credits_use_how
what you get along with the credits i hate,spe_credits_use_how
what can anyone use credits for,spe_credits_use_how
difference between ratings and credits,spe_credits_use_how
what coiffe i use him for?,spe_credits_use_how
when can the credits get apply?,spe_credits_use_how
what have else credits be used for?,spe_credits_use_how
world health organization is that consumption of credit?,spe_credits_use_how
â  ¢ embody the use of credit payments?,spe_credits_use_how
what do they use credit entry for?,spe_credits_use_how
what can i bind it for?,spe_credits_use_how
credits hindquarters be used over especial purposes?,spe_credits_use_how
why should i comprise remove credit?,spe_credits_use_how
wrong to use credits?,spe_credits_use_how
what fourth dimension make i use credits for?,spe_credits_use_how
going to expend credits?,spe_credits_use_how
overhead be the cost of getting credits,spe_credits_use_how
tell pine tree state what to use credits,spe_credits_use_how
who gets credits after 1 decide something likes it,spe_credits_actual_resp
what happend them credits if i adjoin them,spe_credits_actual_resp
who may work before one spend my credits,spe_credits_actual_resp
how gets trees planted?,spe_credits_actual_resp
where will my credits stand if we buy something,spe_credits_actual_resp
who is responsible for for constitute donates sum of money after contractors obtain credits with construction?,spe_credits_actual_resp
wherefore could amount after i expend credit for individual same?,spe_credits_actual_resp
who shall plant the trees so reach donation?,spe_credits_actual_resp
reward works the same amount after people spend credit for like?,spe_credits_actual_resp
who switch trees amount after e'er spend credit cards same?,spe_credits_actual_resp
donate exactly industrial plant trees / donates amount after others lose credits live up to the desired reason?,spe_credits_actual_resp
world health organization snog her right after u spend my credits?,spe_credits_actual_resp
why will be planting trees measure after just have got my credits depleted?,spe_credits_actual_resp
who could live saving tree amount after i pass it?,spe_credits_actual_resp
anybody make actual donations?,spe_credits_actual_resp
who burgeon forth trees corresponding credits that i spend?,spe_credits_actual_resp
how my degree credits get gamey?,spe_credits_actual_resp
how would i get you prohibited of credits being spent,spe_alutoz_aft_credits
alutoze credits box seat,spe_alutoz_aft_credits
be income earned by double credits?,spe_alutoz_aft_credits
will i get alutoze if someone collect 7 credits,spe_alutoz_aft_credits
single bribe something come out. .. credits will i walk away,spe_alutoz_aft_credits
will students get disqualified if ill pass credit entry?,spe_alutoz_aft_credits
will i have alluteezs whilst i give out credits?,spe_alutoz_aft_credits
will i grow meaning if i double credits?,spe_alutoz_aft_credits
will they feel capable to see alutoz if ane induce credits?,spe_alutoz_aft_credits
cannot ace be able even get home if tike spend credits?,spe_alutoz_aft_credits
will i receive apprehensive when i lose credits?,spe_alutoz_aft_credits
will david get alutoze if wed buy credits?,spe_alutoz_aft_credits
one time i spend my credits still still get earnings,spe_alutoz_aft_credits
bequeath people live getting alutoze if people forget credits?,spe_alutoz_aft_credits
rather 1 hold up getting cheaper if one spend credit?,spe_alutoz_aft_credits
exist in that location a relation on primary spending and inflation?,spe_alutoz_aft_credits
how can parents bugger off pregnant after time spending?,spe_alutoz_aft_credits
wherefore could i use alute,spe_why_alute
what is the nature of my alute?,spe_why_alute
what cost the advantage for using knives?,spe_why_alute
how could alute help us?,spe_why_alute
why effort?,spe_why_alute
why caller i.d. use alute platform,spe_why_alute
why are the welfare of reducing alute?,spe_why_alute
why do alute good?,spe_why_alute
why seemed alute helpful?,spe_why_alute
whom is alute helpful?,spe_why_alute
in other ways cost alute soup,spe_why_alute
in thee way tis alute helpful,spe_why_alute
what be choices that i then inherit after use alute?,spe_why_alute
how can dna profile exist preserved?,spe_why_alute
make can alute profile in my life history?,spe_why_alute
almost useful is alute?,spe_why_alute
how full i alute,spe_why_alute
how could alute help pine tree state,spe_why_alute
will alute ne'er get build my profile,spe_why_alute
what are seven perks for use alute,spe_why_alute
about using something beneficial for me,spe_why_alute
testament alute help help my cause?,spe_why_alute
how is alute going gonna start maine build up my egotism,spe_why_alute
how better be your speech?,spe_why_alute
continue to create an news report here,spe_alute_acc_free
ride information technology free,spe_alute_acc_free
does provide an bill on alute about anything,spe_alute_acc_free
can be use alute mineral complimentary,spe_alute_acc_free
give notice i you account for free,spe_alute_acc_free
you also use alute for free,spe_alute_acc_free
do parent have no salary to tell alute?,spe_alute_acc_free
is alute forever gratuitous?,spe_alute_acc_free
follow alute free of trouble?,spe_alute_acc_free
be ivy poisoned?,spe_alute_acc_free
nor is cathexis to use money?,spe_alute_acc_free
give alute free on everyone?,spe_alute_acc_free
live alute ready to everyone for counsel?,spe_alute_acc_free
will she cost pine tree state money to use back?,spe_alute_acc_free
exercise i agree to assume a membership charge?,spe_alute_acc_free
what to do after score account taking alute,spe_alute_acc_free
be my data que à ¥ ¤,spe_data_secure
is my data bank,spe_data_secure
personify this website read,spe_data_secure
update this website trustworthy,spe_data_secure
is zero data rubber?,spe_data_secure
is my ring store?,spe_data_secure
will you have any security system issue?,spe_data_secure
should you worry astir security consideration?,spe_data_secure
how secure is everything?,spe_data_secure
world health organization secure is website?,spe_data_secure
how good is can you practice alute?,spe_data_secure
can you blindly trust god?,spe_data_secure
should be worry about relatives of my family?,spe_data_secure
can anybody else access your data point?,spe_data_secure
can you promise me my dogs are safe?,spe_data_secure
might i talk to beth admins,spe_admin_purpose
what behave with admins of alute remuneration,spe_admin_purpose
transferring all the king regarding projects on liaison with the business firm,spe_admin_purpose
.. . is our line of work of admin?,spe_admin_purpose
what pure evil does the admin make?,spe_admin_purpose
how useful powers does the admin accept?,spe_admin_purpose
world health organization controls dragons?,spe_admin_purpose
what is that significance of sport on alute?,spe_admin_purpose
what be the charge for admins?,spe_admin_purpose
how be the work for admins?,spe_admin_purpose
so is a purpose of give birth admins?,spe_admin_purpose
work detail gallery admins,spe_admin_purpose
why become admins important?,spe_admin_purpose
what spat throw admin got you do?,spe_admin_purpose
take what is this platform,spe_what_alute_is
what shall is alute,spe_what_alute_is
can u me tell pine tree state something sweet about alute,spe_what_alute_is
what is your alute?,spe_what_alute_is
soh alute,spe_what_alute_is
what is wherefore the website du alute?,spe_what_alute_is
recount anyone something about alute,spe_what_alute_is
alute? what rhyme is information technology,spe_what_alute_is
what exactly is dat alute,spe_what_alute_is
what semblance does alute mean?,spe_what_alute_is
what else alute means?,spe_what_alute_is
or what embody then the detailed meaning of alute?,spe_what_alute_is
what is exactly your platform in alute?,spe_what_alute_is
terminate you kindly tell me what equal thy alute?,spe_what_alute_is
oh i shall donat know what constitute alute,spe_what_alute_is
ill introduce me to alute,spe_what_alute_is
explain what he be alute,spe_what_alute_is
what to rather do,spe_alute_purpose
name how alute works,spe_alute_purpose
what all four functionality of does alute have,spe_alute_purpose
how supposed to use this chopine,spe_alute_purpose
can hear we bonk what thou alute does,spe_alute_purpose
what i alute get along,spe_alute_purpose
then what is the causal purpose of alute?,spe_alute_purpose
and what does alute do?,spe_alute_purpose
what this alute serve?,spe_alute_purpose
what duty does alute does?,spe_alute_purpose
what exactly does alute do?,spe_alute_purpose
Â « what exist the main role of elevation alute?,spe_alute_purpose
or what cost the role characteristic of alute?,spe_alute_purpose
what tricks do alute make?,spe_alute_purpose
adopt what else is the map of alute?,spe_alute_purpose
why what represent alute for?,spe_alute_purpose
what dimension be proper subroutine of alute?,spe_alute_purpose
distinguish off me the characteristic function of alute,spe_alute_purpose
what seat i however do on planet alute?,spe_alute_purpose
and tell me everything iodine can fare on miss alute,spe_alute_purpose
what be the deepest purpose fulfil of alute?,spe_alute_purpose
though what all can i make depends on alute?,spe_alute_purpose
main alute parentage,spe_alute_since_when
imagine how long alute running,spe_alute_since_when
defined since when is this platform survive,spe_alute_since_when
year 1900 in which alute came into broad existence,spe_alute_since_when
how long always has every alute been around,spe_alute_since_when
world health organization made ye alute,spe_alute_since_when
how thusly long hours hold you been using alute?,spe_alute_since_when
since tomorrow when princess alute embody in work?,spe_alute_since_when
how old ravisher is alute,spe_alute_since_when
long since when was alute coming about?,spe_alute_since_when
asks how long alute has be strung around?,spe_alute_since_when
how the farsighted alute make everyone been around?,spe_alute_since_when
since when here has alute been hanging about?,spe_alute_since_when
since years when dad was alute around?,spe_alute_since_when
today from when night has alute been around?,spe_alute_since_when
since what how long is water alute in this existance?,spe_alute_since_when
Â · alute history,spe_alute_since_when
well evidence me how dandy old is alute,spe_alute_since_when
since 1963 when be alute active,spe_alute_since_when
knows how for long since alute was born?,spe_alute_since_when
when did alute sir herbert beerbohm tree come downwardly in existance?,spe_alute_since_when
operational field,spe_alute_domains
can u tell maine. .. the verb domains corner that alute support,spe_alute_domains
different geographic domain support,spe_alute_domains
which domains addresses be supported hither?,spe_alute_domains
anybody can quote u tell me which abt the domain that alute musical accompaniment,spe_alute_domains
project optimization domains,spe_alute_domains
what are the phantasmal domains which alute officially supports?,spe_alute_domains
specify which domains does alute filter support?,spe_alute_domains
object which covers all knowledge domain do alute support?,spe_alute_domains
what are so the interaction domains which alute support,spe_alute_domains
and what are the domains which alute they support?,spe_alute_domains
for which all domains make alute unix backing?,spe_alute_domains
list contains the domains which alute publically supports?,spe_alute_domains
mention also the land but which alute documentation?,spe_alute_domains
pick concluded some domain which alute domain supports?,spe_alute_domains
which all temporal domains i can i make freely undertaking in on alute,spe_alute_domains
follow in that location a virtual domain constraint?,spe_alute_domains
is there a knowledge domain interval limit?,spe_alute_domains
and does alute support across all technical school domains?,spe_alute_domains
area rich list,spe_alute_domains
differentiate me which represent all domains does merely alute support,spe_alute_domains
see what be credits,spe_alute_credits
credits,spe_alute_credits
what is the precise import of credits,spe_alute_credits
what kind are credits in qui alute?,spe_alute_credits
tell tell pine tree state about credits,spe_alute_credits
what do we you mean by credits,spe_alute_credits
what are credits say in join alute?,spe_alute_credits
over again what are the credits here?,spe_alute_credits
what are credits pageboy in alute,spe_alute_credits
what cost does its credit stand for here?,spe_alute_credits
government note what are credits in this business case?,spe_alute_credits
what be credits involved in watch this situation?,spe_alute_credits
what else make up credits here?,spe_alute_credits
what does citation represent money hither?,spe_alute_credits
what do splashiness credit stands for?,spe_alute_credits
what comprise its alute credits?,spe_alute_credits
tell love pine tree state about alute credits,spe_alute_credits
ascertain what exactly are credits in alute?,spe_alute_credits
what value are credits?,spe_alute_credits
non can alute credits comprise use outside on this platform,spe_alute_credits
and what cost credits feature?,spe_alute_credits
what thou is alutoze,spe_alutoze_what
manuel alutoze,spe_alutoze_what
and what draw to do with alutoze?,spe_alutoze_what
tell me something special astir david ricardo alutoz,spe_alutoze_what
what happened exactly why are alute hither?,spe_alutoze_what
what mold are alutoze?,spe_alutoze_what
hmm what be alutoze?,spe_alutoze_what
what so precisely you follow alutoze?,spe_alutoze_what
what look do you alutoze represent hither?,spe_alutoze_what
what colour does alutoze usually stand for here?,spe_alutoze_what
what experimental condition does dr alutoze mean value here?,spe_alutoze_what
about what on the dot they are alutoze hither?,spe_alutoze_what
explain what make out you entail by quoting alutoze?,spe_alutoze_what
tell pine tree state about maria alutoze,spe_alutoze_what
afford details about ahmed alutoze,spe_alutoze_what
more further information about alutoz,spe_alutoze_what
are alutoze application only for this portable platform,spe_alutoze_what
what then to serve next with alutoze,spe_alutoze_what
what needs is the greatest welfare of earning alutoze,spe_alutoze_what
so will alutoze help in settling my curriculum vitae,spe_alutoze_what
mare alutoze details,spe_alutoze_what
how hindquarters presume i earn so alutoze,spe_alutoze_get_how
how better do i beat this alutoze,spe_alutoze_get_how
how rosy to earn alutoze,spe_alutoze_get_how
may 21 i know when do happen 1 should get alutoze,spe_alutoze_get_how
ya get alutoz,spe_alutoze_get_how
how long long ahead should i get alutoz?,spe_alutoze_get_how
wham can i really get these alutozes?,spe_alutoze_get_how
after noon what all tomorrow pot i dumbfound upwards alutoze?,spe_alutoze_get_how
when when bequeath i arrive myself an alutoz?,spe_alutoze_get_how
when soon do i bewilder into an alutoz?,spe_alutoze_get_how
when do yer i get yer alutoz?,spe_alutoze_get_how
when when will i locomote get my alutoz?,spe_alutoze_get_how
when will i get all an troy ounce alutoz?,spe_alutoze_get_how
when serve shall i get miss alutoz?,spe_alutoze_get_how
when will i always equal ready enough to say bugger off an alutoz?,spe_alutoze_get_how
discover how to get alutoze,spe_alutoze_get_how
.. . how can i get yours alutoze,spe_alutoze_get_how
or when bequeath i always get alutoze,spe_alutoze_get_how
how big can i clear credits,spe_credits_get_how
how do i john get credits,spe_credits_get_how
how great to work for credits,spe_credits_get_how
when do i next get credits?,spe_credits_get_how
courses realise credits,spe_credits_get_how
when as exactly will shall i generate credits?,spe_credits_get_how
when now do i get credits,spe_credits_get_how
when exactly do i catch credits?,spe_credits_get_how
how can i perpetually get credits?,spe_credits_get_how
when time will i really get my quotation?,spe_credits_get_how
when exactly which do i eventually get credits?,spe_credits_get_how
ok when do i get credits?,spe_credits_get_how
perhaps when testament i get credit rating?,spe_credits_get_how
then when represent i i supposed to draw credits?,spe_credits_get_how
when will finally i finally be pay off credits?,spe_credits_get_how
how much will i get credits?,spe_credits_get_how
sometimes i postulate credits,spe_credits_get_how
Â · who will o.k. project,spe_proj_req_appr
world health organization will approve in my project request,spe_proj_req_appr
â   by whom will my project postulation embody openly approve?,spe_proj_req_appr
who will okay the full projection request,spe_proj_req_appr
my project thou apporval,spe_proj_req_appr
asked world health organization equal get on to approve the project request?,spe_proj_req_appr
who is go to approve task relocation request?,spe_proj_req_appr
who will approve labor extension request,spe_proj_req_appr
do i already have request pending who volition approve it?,spe_proj_req_appr
states world health organization is extend to approve the projection project request?,spe_proj_req_appr
world health organization volition i be approving of the project request?,spe_proj_req_appr
who anyone is going to personally o.k. the projection request?,spe_proj_req_appr
world health organization will anyone be approve announcing the project postulation?,spe_proj_req_appr
â   world health organization bequeath personify currently approving the project?,spe_proj_req_appr
who himself leave be approving the young project requests?,spe_proj_req_appr
decide which authority system will take on project request?,spe_proj_req_appr
when will my latest labor request comprise decently accepted?,spe_proj_req_appr
knows how to get project petition approved,spe_proj_req_appr
approve my existing project asking,spe_proj_req_appr
who is admin president of website,spe_admin_who
world health organization are admins assistants here,spe_admin_who
these are the admins trustworthy,spe_admin_who
world health organization all are their admins here,spe_admin_who
hello monsieur alute may i really sleep together who be driving the admins?,spe_admin_who
interim admin,spe_admin_who
world health organization are admins cardinals of incessant alute?,spe_admin_who
who order are the admins?,spe_admin_who
graduates who be the highest admins in alute,spe_admin_who
world health organization are the ticket admins?,spe_admin_who
who perform be admins in this crime case?,spe_admin_who
who are your admins hither?,spe_admin_who
who will personify called the responsible for admins?,spe_admin_who
who are screaming admins in this freakish example?,spe_admin_who
who really just are admins?,spe_admin_who
who has better admin access?,spe_admin_who
world health organization anybody has admin said priviledge?,spe_admin_who
who also is identify admin for alute,spe_admin_who
who all live thee admins?,spe_admin_who
point of bank admins,spe_admin_who
tell behind me astir admins,spe_admin_who
how to post post projects,spe_proj_own
post edit my projects,spe_proj_own
ass i make me new projects,spe_proj_own
can i add projects of finance my personal own,spe_proj_own
how toilsome to post my ain project,spe_proj_own
am i always think to someday add projects of quality my own?,spe_proj_own
can i before long incorporate onto my own projects?,spe_proj_own
how do i have provisional license to add together project of my intact own?,spe_proj_own
equal beaming i allowed him to add projects freely of my own?,spe_proj_own
why can i simply supply my own task?,spe_proj_own
am now i fully allowed to add upward my own projects hither?,spe_proj_own
if i break down have a projects can you i ne'er add it?,spe_proj_own
or am i supposed to actually add my own task?,spe_proj_own
can i add any idea of my own gist task?,spe_proj_own
leave i eventually be allowed to add to my real own projects?,spe_proj_own
how can should i add task?,spe_proj_own
salary projects limit?,spe_proj_limit
how many project coach can you i work at a meter,spe_proj_limit
how many project give the sack i e'er be still a part of at most one time?,spe_proj_limit
how how many work projects can i apply for at what a time,spe_proj_limit
how many upcoming labor tomorrow can i give for?,spe_proj_limit
how can i apply here for projects,spe_proj_limit
what price is the maximum capacity necessitate of taxpayers submitting the undertaking at a sufficient sentence?,spe_proj_limit
how many projects on the button can i lawfully apply for at a particular time?,spe_proj_limit
is maybe there a limit to how many projects today i tin potentially apply for?,spe_proj_limit
what ' t s the maximal software strength of adding projects at a specific fourth dimension?,spe_proj_limit
how many projection am sure i allowed to claim apply at a right sentence?,spe_proj_limit
how many late projects â  ¦ can i apply at a proper prison term?,spe_proj_limit
what ' s the actual maximum strength weighing machine of projects which i go for can defer at astir a time?,spe_proj_limit
.. . what is the number of architectural project which suit i be allowed in to apply for at a fair meter?,spe_proj_limit
what ' â   s the number of projects i propose will inevitably be virtually able bodied today to use at a time?,spe_proj_limit
why uncle github here is nescessary,spe_git_why
mobile github demand,spe_git_why
i almost dont make github idaho. who exist it. .. needed?,spe_git_why
therefore why is github idaho so necessary,spe_git_why
what is big github idaho,spe_git_why
wherefore else precisely is github file id necessary?,spe_git_why
is its github i.d. so necessary? why?,spe_git_why
.. . wherefore be this github id necessary?,spe_git_why
wherefore is github so id a mental requisite,spe_git_why
why embody put through github id software necessary?,spe_git_why
why at present is github id suit a necessity?,spe_git_why
precisely why do we require a github id,spe_git_why
.. . world health organization do we need github exposure id?,spe_git_why
and why why will al i be needing github i.d.?,spe_git_why
wherefore leave am i be ever take github without id?,spe_git_why
wherefore do i need for github user id,spe_git_why
asking why though should i provide only my github gem state?,spe_git_why
why do anything you need your github idaho?,spe_git_why
how can can i purpose credits,spe_credits_use_how
credits to employ,spe_credits_use_how
what to that serve with coiffure the credits i get,spe_credits_use_how
what bum i buy use credits for,spe_credits_use_how
difference between borrowed money and credits,spe_credits_use_how
â  ¢ what potty i use that credit for?,spe_credits_use_how
where privy should the credits be now used?,spe_credits_use_how
what all can credits still represent properly use for?,spe_credits_use_how
so what be the total use of credit?,spe_credits_use_how
what effect is the use of report credit precisely?,spe_credits_use_how
what can should i in good order use credit for?,spe_credits_use_how
what can do i use credit cards for?,spe_credits_use_how
credits can sometimes be used for discussing what purpose?,spe_credits_use_how
understanding wherefore will i be done using credit?,spe_credits_use_how
know how to use credits?,spe_credits_use_how
â  ¢ what purpose all can i use credits for?,spe_credits_use_how
how to properly pass credits?,spe_credits_use_how
what is the hard nosed use of business make credits,spe_credits_use_how
â  ¢ say me how to use credits,spe_credits_use_how
world health organization gets credits after saying i purchase us something from it,spe_credits_actual_resp
what happend to credits wonders if i spent guess them,spe_credits_actual_resp
world health organization constantly will work when till i expend my credits,spe_credits_actual_resp
who gets trees e'er planted?,spe_credits_actual_resp
where divinity leave my credits go through if i buy something,spe_credits_actual_resp
who is responsible for for help found donates which amount annually after which i spend credits for like?,spe_credits_actual_resp
who donates the measure after iodine unintentionally expend credit loss for the same?,spe_credits_actual_resp
who volition plant the tea trees oregon even make contribution?,spe_credits_actual_resp
who usually plants the donates additional amount after 1 did expend credit for same?,spe_credits_actual_resp
world health organization ever industrial plant trees amount after cause one expend any credit for same?,spe_credits_actual_resp
who nearly exactly flora these trees / donates amount correctly after arrange i world health organization spend credits for the like reason?,spe_credits_actual_resp
thus who industrial plant trees her amount after u u spend my credits?,spe_credits_actual_resp
guess world health organization will be planting trees amount e'er after iodine already have my credits spent?,spe_credits_actual_resp
who will i be starting plant trees what amount after ane spend credit?,spe_credits_actual_resp
world health organization makes all actual donations?,spe_credits_actual_resp
world health organization plant life trees loads of credits alone that i spend?,spe_credits_actual_resp
how my daily spent credits perplex rarely used?,spe_credits_actual_resp
how quick will i actually get an alutoz tabu of credits i spent,spe_alutoz_aft_credits
alutoze credits on family relationship,spe_alutoz_aft_credits
what be alutoze oftentimes earned by spending credits?,spe_alutoz_aft_credits
will i catch myself alutoze if most 1 spend over my credits,spe_alutoz_aft_credits
someday i bought something out of credits will test i still get alutoz,spe_alutoz_aft_credits
volition i ever get an alutoz if i spend your credit?,spe_alutoz_aft_credits
will suddenly i get alluteezs tiffin if did i pass credits?,spe_alutoz_aft_credits
will will i buzz off maine alutoze tablets if i spend credits?,spe_alutoz_aft_credits
testament overall i be be able over again to get alutoz coffee if i spend credits?,spe_alutoz_aft_credits
thus bequeath i be able bodied at once to easily get alutoze safe if i pass credits?,spe_alutoz_aft_credits
volition i get the alutoze if information technology i only spend credits?,spe_alutoz_aft_credits
or leave i really convey alutoze if i shall expend credits?,spe_alutoz_aft_credits
erstwhile i drop more my credits earning will i obtain luis aluteezs,spe_alutoz_aft_credits
will i be getting into alutoze if will i even spend credits?,spe_alutoz_aft_credits
will i be lucky getting fried alutoze if ane by chance spend credit?,spe_alutoz_aft_credits
whether is there as yet a carnal knowledge observed between credit spending and alutoze?,spe_alutoz_aft_credits
how tail end could i possibly get alutoze pills after recognition disbursal?,spe_alutoz_aft_credits
â  ¦ wherefore should i use alute,spe_why_alute
what be the benefit gull of research using alute?,spe_why_alute
what is the optical reward of using hydrogen alute?,spe_why_alute
so how loyal will alute help oneself me?,spe_why_alute
why information technology alute?,spe_why_alute
â  ¢ wherefore should i use this alute platform,spe_why_alute
what be precisely the benefit of naturally using alute?,spe_why_alute
and so why is alute good?,spe_why_alute
but wherefore is alute helpful?,spe_why_alute
and how personify alute helpful?,spe_why_alute
in what ways anyone is alute deserve better,spe_why_alute
in what a way this is alute helpful,spe_why_alute
upon what chance are advantage that i volition perhaps aim after using alute?,spe_why_alute
how can our alute magnetic disc visibility be helpful?,spe_why_alute
how closely can alute profile statistic help my career?,spe_why_alute
how intensely useful is alute?,spe_why_alute
Â · how good is alute,spe_why_alute
how will any alute avail me,spe_why_alute
thee will alute help guide me build my profile,spe_why_alute
what follow basically the perks advantages of using alute,spe_why_alute
is using alute in good compounds for me,spe_why_alute
how will alute help in my construction sketch?,spe_why_alute
Â · how be alute alone go to ever help me build my calling,spe_why_alute
how better equip is your web site?,spe_why_alute
how to create an bill description here,spe_alute_acc_free
so be it free,spe_alute_acc_free
non does making an write up contingent on alute monetary value anything,spe_alute_acc_free
thus can buoy i use sodium alute for free,spe_alute_acc_free
can i create account updates for gratis,spe_alute_acc_free
can i practice alute strategic arms limitation talks for lime free,spe_alute_acc_free
do atomic number 53 literally bear to never pay right to use alute?,spe_alute_acc_free
is alute eaten cost spare?,spe_alute_acc_free
operating theatre is alute costless worthy of cost?,spe_alute_acc_free
what is te alute chargable?,spe_alute_acc_free
so what is charge to ever so use alute?,spe_alute_acc_free
is god alute therefore free for everyone?,spe_alute_acc_free
is alute available available to everyone for accession free?,spe_alute_acc_free
volition now it genuinely cost pine tree state anything just to use alute?,spe_alute_acc_free
do i i have to pay a rank expenses cathexis?,spe_alute_acc_free
decide what to do after create account on lex alute,spe_alute_acc_free
is pee my calculator data secrure here,spe_data_secure
copy is my information safe,spe_data_secure
below is this website authorized,spe_data_secure
is this website completely trustworthy,spe_data_secure
is my datum completely safe?,spe_data_secure
when be my data securely encrypted?,spe_data_secure
or will there cost any security surety issue?,spe_data_secure
should something i worry astir security or breaches?,spe_data_secure
maybe how secure is alute?,spe_data_secure
check how secure be website?,spe_data_secure
how safe be it to simply utilise na alute?,spe_data_secure
can thee i blindly trust dame alute?,spe_data_secure
you should be concern today astir security of my information?,spe_data_secure
buttocks anyone else be access just my data?,spe_data_secure
where give the axe you assure pine tree state my information is perfectly safe?,spe_data_secure
tail end i talk yourself to the sunday admins,spe_admin_purpose
what shall do you the admins of alute do,spe_admin_purpose
be all counsel the power sector regard projects on alute collaborating with the admins,spe_admin_purpose
see what is just the job of admin?,spe_admin_purpose
learn what all work does the occupier admin do?,spe_admin_purpose
what all her world power does the current admin have?,spe_admin_purpose
who genuinely controls admins?,spe_admin_purpose
what is the office economic value of molecular admins acting on alute?,spe_admin_purpose
what is truly the objective design of admins?,spe_admin_purpose
what practice personify the average work of admins?,spe_admin_purpose
wonder what purpose comprise the purpose of having admins?,spe_admin_purpose
following work details of admins,spe_admin_purpose
why be additional admins important?,spe_admin_purpose
what work has our admin got us to perform?,spe_admin_purpose
what separate makes this platform,spe_what_alute_is
what she shall alute,spe_what_alute_is
can u write love me operating room something astir you,spe_what_alute_is
who cost he alute?,spe_what_alute_is
rankings â  ¡,spe_what_alute_is
what dress run the website insure?,spe_what_alute_is
tell something yer me alute,spe_what_alute_is
me alone? what personify it,spe_what_alute_is
b exactly personify called alute,spe_what_alute_is
but what coif this mean?,spe_what_alute_is
thee what alute thee?,spe_what_alute_is
what is our divine literal significance. .. of alute?,spe_what_alute_is
thousand envy is unto your mighty alute?,spe_what_alute_is
would please somebody please tell me what live alute?,spe_what_alute_is
thy iodine donat thy lawsuit it is alute,spe_what_alute_is
introduce me pour je alute,spe_what_alute_is
hence what amount is alute,spe_what_alute_is
thing have to do,spe_alute_purpose
shanghai cafe alute works,spe_alute_purpose
what else all stuff does unremarkably have,spe_alute_purpose
japan plans to utilise this platform,spe_alute_purpose
single can already incessantly know what alute possess,spe_alute_purpose
what women usually coiffe,spe_alute_purpose
what be the creature then call the alute?,spe_alute_purpose
suppose so set alute do?,spe_alute_purpose
what everybody else does?,spe_alute_purpose
now coiffe alute it does?,spe_alute_purpose
what does aaron moses do?,spe_alute_purpose
what is it that our main theatrical role with alute?,spe_alute_purpose
Â « how be the idealistic role for alute?,spe_alute_purpose
then what does alute do?,spe_alute_purpose
what is in thou furor of lady alute?,spe_alute_purpose
what is ya alute saying?,spe_alute_purpose
what will she exit of female parent alute?,spe_alute_purpose
enjoin me against the prophecy via baba alute,spe_alute_purpose
what she serve suppose i do on dominicus?,spe_alute_purpose
wanna tell me everything 1 really can get for alute,spe_alute_purpose
beaver state what is our true secret of alute?,spe_alute_purpose
what action can this one practise on our holiday?,spe_alute_purpose
gelid trench origin,spe_alute_since_when
â  ¢ extremely long alute running,spe_alute_since_when
since determined when is this sum live,spe_alute_since_when
yr in sequence general alute iii came on existence,spe_alute_since_when
how rain usually has alute flower hung around,spe_alute_since_when
who can let the cat out of the bag alute,spe_alute_since_when
after long have you you be practicing using mine?,spe_alute_since_when
no since when exactly today is perpetually work?,spe_alute_since_when
â   how honest to goodness is thou,spe_alute_since_when
since when they be willie hanged?,spe_alute_since_when
wonder how and then many alute hasn been around?,spe_alute_since_when
wondering how near everything alute hadn live around?,spe_alute_since_when
when when have there individual been messing around?,spe_alute_since_when
still so when information technology was alute stolen?,spe_alute_since_when
from when has alute summoned thy fellow slain?,spe_alute_since_when
since where and long gone be alute from our existance?,spe_alute_since_when
alute mat à ¥ ¤,spe_alute_since_when
tell pine tree state thy old be where thy,spe_alute_since_when
since exactly when is alute versa,spe_alute_since_when
how long ages since you were not born?,spe_alute_since_when
and when will alute come upward near existance?,spe_alute_since_when
give details for domain,spe_alute_domains
how can thy u spare me the stars can kill alute supporting,spe_alute_domains
9 different domains ï¼ ,spe_alute_domains
which attribute attributes comprise supported hither?,spe_alute_domains
seize thy glory or pine tree state which abt the domains that shall alute support,spe_alute_domains
functional programming knowledge domain,spe_alute_domains
what be these additional domains â  ¦ which normally hold up?,spe_alute_domains
find whose target does one alute support?,spe_alute_domains
which domain figure domains does twitter already support?,spe_alute_domains
what are the domains among whose best interests financial backing,spe_alute_domains
what characteristics be the domains which quantum diamond fabrication?,spe_alute_domains
â  ¦ which all high probability does alute exist?,spe_alute_domains
thereby defining the programming domains which norton livelihood?,spe_alute_domains
and among the eminent domains which alute frequented?,spe_alute_domains
consider some variables which an alute ordinarily supports?,spe_alute_domains
which wise all creatures are can i consider rest in on yard alute,spe_alute_domains
be is there no land constraint?,spe_alute_domains
be there a soft land limit?,spe_alute_domains
will ps alute financial support nearly all tech course of study?,spe_alute_domains
species cite list,spe_alute_domains
tell me astir which all domains â   do alute â  ¦,spe_alute_domains
what changed soundtrack credits,spe_alute_credits
credits,spe_alute_credits
â  ¢ what is the meaning in credits,spe_alute_credits
mark eighteen silver credits in mundo alute?,spe_alute_credits
â  ¢ narrate story about credits,spe_alute_credits
date what do ya mean by credits,spe_alute_credits
and why why comprise credits to alute?,spe_alute_credits
what are the the credits sound out?,spe_alute_credits
what take place happens credits in alute,spe_alute_credits
what could credit stand ringing in damage here?,spe_alute_credits
after cost credits in this this motion picture series?,spe_alute_credits
what means recent credits stay on in current situation?,spe_alute_credits
of what individual credits here?,spe_alute_credits
what do our happiness represent here?,spe_alute_credits
what fare god physically tolerate for?,spe_alute_credits
possibly what brings alute credits?,spe_alute_credits
tell me about seeing my credits,spe_alute_credits
fifty separate indemnity credits in ter alute?,spe_alute_credits
credits here constitute credits?,spe_alute_credits
usb privy make the credits equal used outside desktop platform,spe_alute_credits
â   when is credits feature?,spe_alute_credits
about what rear alutoze,spe_alutoze_what
2 â  ¢,spe_alutoze_what
how to do dishes for mamma alutoze?,spe_alutoze_what
tell apart me yet again about poetry,spe_alutoze_what
what dangers are many conditions hither?,spe_alutoze_what
what make do alutoze?,spe_alutoze_what
what will become alutoze?,spe_alutoze_what
like that exactly be equations?,spe_alutoze_what
what significance behave alutoze represent upon themselves?,spe_alutoze_what
wondering what do alutoze mightiness strike here?,spe_alutoze_what
but what did alutoze possibly think of over again?,spe_alutoze_what
what else else allah progress to alutoze here?,spe_alutoze_what
perchance what could do thoughts mean by this?,spe_alutoze_what
â   tell word astir alutoze,spe_alutoze_what
give detail details about statistics,spe_alutoze_what
to a greater extent recent books about alutoz,spe_alutoze_what
be alutoze gibbs substitutes coefficients for this condition,spe_alutoze_what
what to wrestle with teach united states of america,spe_alutoze_what
income give managers the benefit chances of pull in alutoze,spe_alutoze_what
you volition alutoze me help launch my task,spe_alutoze_what
alutoze à ¥ ¤,spe_alutoze_what
how can immigrants continually earn savings,spe_alutoze_get_how
how do anything you croak about alutoze,spe_alutoze_get_how
how to kill master alutoze,spe_alutoze_get_how
whitethorn ye first off know when shall thee we get through alutoze,spe_alutoze_get_how
get reasonably busy,spe_alutoze_get_how
like how freaking fast before 1 reached alutoz?,spe_alutoze_get_how
wham ow derriere i safely stand hungry?,spe_alutoze_get_how
so after hearing all they say yesterday i necessitate alutoze?,spe_alutoze_get_how
Â « how will we get in an alutoz?,spe_alutoze_get_how
.. . where would e'er i get an alutoz?,spe_alutoze_get_how
till tardily do i pay back rich?,spe_alutoze_get_how
and then when tomorrow will ya renew my alutoz?,spe_alutoze_get_how
when after will he even get an eye?,spe_alutoze_get_how
when might thee i get excite?,spe_alutoze_get_how
or then will i sense ready yet to get an impromptu audience?,spe_alutoze_get_how
how to safely bewilder anywhere,spe_alutoze_get_how
way early as 1 would get alutoze,spe_alutoze_get_how
when shall till i tell am alutoze,spe_alutoze_get_how
how could will i earn credits,spe_credits_get_how
how do cars sometimes get credits,spe_credits_get_how
see how to apply for credits,spe_credits_get_how
remember when perform we mother credits?,spe_credits_get_how
most growing credits,spe_credits_get_how
know where before long. .. will i catch credits?,spe_credits_get_how
when do i happily think credits,spe_credits_get_how
when could any i convey credits?,spe_credits_get_how
how did may i start credits?,spe_credits_get_how
when before did i get extra birth credit?,spe_credits_get_how
when adjudicate exactly what should i mention credits?,spe_credits_get_how
â   when do we get credits?,spe_credits_get_how
when and will he get under one's skin course credit?,spe_credits_get_how
when helium would thou supposed to somehow have credits?,spe_credits_get_how
â  ¢ when later does i finish getting credits?,spe_credits_get_how
how will we in the end get credits?,spe_credits_get_how
one wrote love credits,spe_credits_get_how
client who legally approve project,spe_proj_req_appr
who might okay my forthcoming project request,spe_proj_req_appr
by 2020 what will my latest task request experience approved?,spe_proj_req_appr
stakeholder who mustiness approve the project request,spe_proj_req_appr
my projection director manager,spe_proj_req_appr
which is going to approve that individual task management petition?,spe_proj_req_appr
or world health organization is who approve hence my request?,spe_proj_req_appr
who applicants volition approve the request,spe_proj_req_appr
i had got request pending and world health organization can confirm information technology?,spe_proj_req_appr
who is move onto approve for my next project request?,spe_proj_req_appr
who leave pass millions approving preparing a projection request?,spe_proj_req_appr
and so who is going to finish the engineering task and then?,spe_proj_req_appr
determines how few will be manage the labor request?,spe_proj_req_appr
who will preserve on pass the rehabilitation project?,spe_proj_req_appr
who will in person actively recommend sanction such project requests?,spe_proj_req_appr
which authority exercise to finally accept our request?,spe_proj_req_appr
when have my task asking that not officially accepted?,spe_proj_req_appr
strike how to get your postulation approved,spe_proj_req_appr
okay my latest project â  ,spe_proj_req_appr
who be the admin coaching website,spe_admin_who
drivers who are admins coaches,spe_admin_who
are the admins call numbers,spe_admin_who
who truly swear out are admins here,spe_admin_who
sergeant colonel alute may you sleep with all world health organization are take those admins?,spe_admin_who
world health organization all admin,spe_admin_who
what precisely runs admins offices of alute?,spe_admin_who
man who train the admins?,spe_admin_who
world health organization are the sea waters gods world health organization alute,spe_admin_who
who articulate are other admins?,spe_admin_who
who operating theatre are all admins in cadet section?,spe_admin_who
wherefore guys are admins here?,spe_admin_who
who exactly bequeath be female assassinator?,spe_admin_who
operators whose be admins in deciding whichever case?,spe_admin_who
and who does are admins?,spe_admin_who
â  ¢ who has useable access?,spe_admin_who
wonder woman have admin returned?,spe_admin_who
previously save admin material for john alute,spe_admin_who
who fare are you admins?,spe_admin_who
details by nigel admins,spe_admin_who
tell me joe murray admins,spe_admin_who
how america passes post projects,spe_proj_own
making it my projects,spe_proj_own
how dismiss i make new shoes,spe_proj_own
can i tally these parts with my own own,spe_proj_own
how to effectively post her own undertaking,spe_proj_own
am i clever yet to write indeed something simple of my ain?,spe_proj_own
or did that iodin integrate my own words?,spe_proj_own
whom do ace have plans tonight regarding launch undertaking or else of my ain?,spe_proj_own
where am i free to run these projects within onto my ain?,spe_proj_own
how toilet i design my own core projects?,spe_proj_own
am that allowed for you supply to my own lab project manually?,spe_proj_own
if anytime atomic number 53 get some bigger projects can afford i tell her?,spe_proj_own
am 1 suddenly supposed able to add together any inquiry project?,spe_proj_own
bill and 1 add any remnant of us own projects?,spe_proj_own
whether ever i will represent allowed to deliver my own own notes?,spe_proj_own
and how can i tot up salt?,spe_proj_own
striking projects pitched?,spe_proj_limit
how difficult projection can i still work without at a planetary house,spe_proj_limit
how many people can anyone fill a part conceived of at hardly one bare time?,spe_proj_limit
how many patents they can actually have apply for companies at a pace,spe_proj_limit
how many project nates local governments apply protection against?,spe_proj_limit
how bum i apply for commonwealth awards,spe_proj_limit
sufficient means of maximal thermal capacity of nail work the whole project at a time?,spe_proj_limit
perhaps so many ambitious projection would i ever stand for at a prison term?,spe_proj_limit
why is in that location no limit whatsoever to how expensive project are i can bear for?,spe_proj_limit
so what ' t s our maximum strength starting time tot projects at some give way prison term?,spe_proj_limit
infer how the many project am continually allowed iodine apply within me a time?,spe_proj_limit
imagine many projection â   can i hardly take in at others this meter?,spe_proj_limit
â  ¢ what ' s the genuine maximum electrical forcefulness of projects which power may increase by at a time?,spe_proj_limit
what what be this the relative phone number of times that disable child am allowed to enforce periodically overnight at a salary?,spe_proj_limit
what ' s the issue to labor like iodine wanna be allowed to successfully employ independently through hitting a dissimilar startup?,spe_proj_limit
2001 karl github becomes director nescessary,spe_git_why
i urgently need,spe_git_why
so ane really want github id. be only seth anyone needed?,spe_git_why
why is it be fairly necessary,spe_git_why
what keeps maine github id,spe_git_why
wherefore exactly that is github countersign automatically created?,spe_git_why
finding almost this fake id necessary? wherefore?,spe_git_why
when what is finding id necessary?,spe_git_why
wherefore is an github id block status data file,spe_git_why
why when is github presently worldwide register?,spe_git_why
perchance why did github recognize id a naught?,spe_git_why
wherefore will we need find his id,spe_git_why
or world health organization believes did they need github id?,spe_git_why
â  ¢ will charlotte charlotte be busybodied needing company id?,spe_git_why
whom will would one citizen embody wear github copyright id?,spe_git_why
why annoyance did 1 want my github id,spe_git_why
now wherefore should i utilise all any public github id?,spe_git_why
hell manage you really call for github security patches?,spe_git_why
how often can i earn credits,spe_credits_use_how
credits here leave out,spe_credits_use_how
what you do ill timed with getting the credits i hate,spe_credits_use_how
remember what can anyone use credits for,spe_credits_use_how
difference rate between ratings and credits,spe_credits_use_how
hence what do i use him as for?,spe_credits_use_how
when many ass the credits too get used?,spe_credits_use_how
what money make else credits rear end be used for?,spe_credits_use_how
who is that manipulation provider of universal credit?,spe_credits_use_how
â  ¢ be the illicit use of deferred payment legal document payments?,spe_credits_use_how
maybe what practice they use credit unions for?,spe_credits_use_how
only what canful i tie up it for?,spe_credits_use_how
credits give notice be used complete several peculiar programming purposes?,spe_credits_use_how
why should would i be stopped taking quotation?,spe_credits_use_how
wrong words to practice credits?,spe_credits_use_how
what prison term separation do i even use credits for?,spe_credits_use_how
going underground to drop credits?,spe_credits_use_how
overhead is sometimes the cost penalization of get credits,spe_credits_use_how
separate me me what to use credits,spe_credits_use_how
who fetch credits after i decide on something cypher likes it,spe_credits_actual_resp
what materialize happend them credits if i missed fulfill them,spe_credits_actual_resp
anybody who may work before indicate i spend my credits,spe_credits_actual_resp
how gets trees puzzle planted?,spe_credits_actual_resp
where will perform my credits stand out if we buy something,spe_credits_actual_resp
who be responsible for planting donates amount per annum after o.k. contractors should obtain credits completed with construction?,spe_credits_actual_resp
understand wherefore could amount after having ane spend credit for wanting individual like?,spe_credits_actual_resp
world health organization shall plant the trees and so thenceforth make a donation?,spe_credits_actual_resp
reward range plants the same amount after multitude spend cite military rank for the same?,spe_credits_actual_resp
world health organization swap trees an quantity after ever drop on credit money bill of fare same?,spe_credits_actual_resp
if donate receives exactly 5 plants trees / and donates amount after others drop off credits whilst fulfilling the desired reason?,spe_credits_actual_resp
who kiss her cheek right field after seeing u spend off my credits?,spe_credits_actual_resp
why will comprise officious planting tree amount and then after just helping have my credits depleted?,spe_credits_actual_resp
anybody who could be saving trees measure after insisting i finally expend information technology?,spe_credits_actual_resp
anybody makes up actual contribution?,spe_credits_actual_resp
who still shoots tree like credits that i on the q.t. spend?,spe_credits_actual_resp
what how my undergraduate academic degree credits have higher?,spe_credits_actual_resp
how far would thusly i get picking you out of credits live spent,spe_alutoz_aft_credits
alutoze credits info box,spe_alutoz_aft_credits
constitute income earned enhanced by three twofold credits?,spe_alutoz_aft_credits
nor will i eventually get no alutoze if someone collect septenary credits,spe_alutoz_aft_credits
read i bought something hanging out. .. credits mean value will i walk aside,spe_alutoz_aft_credits
when will students induce indispose if ailment also spend credit?,spe_alutoz_aft_credits
will eventually i direct alluteezs example whilst will i break credits?,spe_alutoz_aft_credits
will i develop completely pregnant if sometimes i twofold credits?,spe_alutoz_aft_credits
will they someday finger really able bodied to personally see alutoz if somehow i got credits?,spe_alutoz_aft_credits
cannot i ever be capable even develop them home if children cannot spend credits?,spe_alutoz_aft_credits
leave i someday get worried sick when i lose credits?,spe_alutoz_aft_credits
will does david go alutoze if yer wed just grease one's palms credits?,spe_alutoz_aft_credits
yet erstwhile ever i spend my credits still still get remuneration,spe_alutoz_aft_credits
when will these mass truly represent getting alutoze if people forget credits?,spe_alutoz_aft_credits
rather 1 survive getting cheaper income if should i actually spend credit?,spe_alutoz_aft_credits
is there such a sexual relation on primary government spending deficit and pompousness?,spe_alutoz_aft_credits
how fanny parents catch themselves pregnant again after time spending?,spe_alutoz_aft_credits
wherefore why could i use alute,spe_why_alute
but what is the nature of my beloved alute?,spe_why_alute
â  ¢ what be the advantage for using wooden knives?,spe_why_alute
â  ¢ how closely could alute avail u.s.?,spe_why_alute
why non try?,spe_why_alute
why click caller i.d. use alute messaging platform,spe_why_alute
wherefore. .. be you the benefits of reducing alute?,spe_why_alute
why do alute smack good?,spe_why_alute
wherefore ever seemed alute helpful?,spe_why_alute
and whom be alute helpful?,spe_why_alute
in other economical way is alute meat soup,spe_why_alute
in pray thee way but titanium alute helpful,spe_why_alute
what constitute the choices that bottom i and so inherit here after using alute?,spe_why_alute
see how can cellular dna visibility be preserved?,spe_why_alute
do fire fans alute profile role player in my life history?,spe_why_alute
nigh useful is net alute?,spe_why_alute
how good i called alute,spe_why_alute
how could alute assist guide me,spe_why_alute
perhaps will alute never get to build my visibility,spe_why_alute
what are really seven perquisite potential for using alute,spe_why_alute
nervous astir using something good for me,spe_why_alute
testament she alute assistance aid my noble cause?,spe_why_alute
how hard be anybody alute going gonna start me help ramp up my ego,spe_why_alute
how better be your pleasant words?,spe_why_alute
continue to formally create an accounting here,spe_alute_acc_free
gotta mount it free,spe_alute_acc_free
does provide an bill on alute talking astir losing anything,spe_alute_acc_free
energy can embody use within alute mineral free,spe_alute_acc_free
john i you account for google free,spe_alute_acc_free
suppose you as well use alute for store free,spe_alute_acc_free
set her parents usually have no pay compensation to severalise alute?,spe_alute_acc_free
is alute ever always free?,spe_alute_acc_free
which get along alute free cause of trouble?,spe_alute_acc_free
is aunt ivy poisoned?,spe_alute_acc_free
nor else is charge to use stolen money?,spe_alute_acc_free
gonna give ya alute free on everyone?,spe_alute_acc_free
is alute ready to everyone pray for phantasmal guidance?,spe_alute_acc_free
will she finally cost me money to use her backbone?,spe_alute_acc_free
make i honestly agree only to assume a membership commission?,spe_alute_acc_free
what to coif shortly after making an account take alute,spe_alute_acc_free
is my favored data que à ¥ ¤,spe_data_secure
so is my data bank,spe_data_secure
is behind this website read,spe_data_secure
Â · update this website trustworthy,spe_data_secure
is zero data point entry safe?,spe_data_secure
wherefore is my ring stored?,spe_data_secure
testament both you have any security security issue?,spe_data_secure
so should you worry about security direction considerations?,spe_data_secure
understand how secure is everything?,spe_data_secure
who who stop up is website?,spe_data_secure
how utterly safe exist we can you apply alute?,spe_data_secure
terminate. .. you blindly trust god?,spe_data_secure
should be rattling upset about relatives of helping my family?,spe_data_secure
or can anybody else assistance entree your data?,spe_data_secure
only can you promise maine that my dogs are safe?,spe_data_secure
might i or spill to nurse beth admins,spe_admin_purpose
what do commercial enterprise with admins of south alute pay,spe_admin_purpose
channel all the power regarding projects on liaison board with faculty the research house,spe_admin_purpose
.. . this equal our current job of getting admin?,spe_admin_purpose
what pure evil deeds does the new admin make?,spe_admin_purpose
just how utile powers does the wandering admin have?,spe_admin_purpose
who controls iron tartar?,spe_admin_purpose
remember what precisely embody that significance eccentric of mutations on alute?,spe_admin_purpose
what criminal offense is the charge for attacking admins?,spe_admin_purpose
how is on that point the work for commercialize admins?,spe_admin_purpose
thusly is a strategic purpose of justify having admins?,spe_admin_purpose
work point gallery assistant admins,spe_admin_purpose
of why become admins crucial?,spe_admin_purpose
what fuss 1 have admin got into you do?,spe_admin_purpose
what is this platform,spe_what_alute_is
what constitute alute,spe_what_alute_is
can u tell me something about alute,spe_what_alute_is
What make up Alute?,spe_what_alute_is
alute,spe_what_alute_is
What is the website alute?,spe_what_alute_is
Tell something about alute,spe_what_alute_is
Alute? What be it,spe_what_alute_is
What exactly is alute,spe_what_alute_is
What manage alute mean?,spe_what_alute_is
What alute means?,spe_what_alute_is
What is the detailed meaning of alute?,spe_what_alute_is
what is your platform alute?,spe_what_alute_is
can you evidence pine tree state what is alute?,spe_what_alute_is
One donÃ ¢ Â  Â  t know what is alute,spe_what_alute_is
Introduce maine to Alute,spe_what_alute_is
explicate what is alute,spe_what_alute_is
what to exercise,spe_alute_purpose
how alute works,spe_alute_purpose
What all functionality does Alute have,spe_alute_purpose
how to utilize this platform,spe_alute_purpose
Can we lie with what alute does,spe_alute_purpose
what alute do,spe_alute_purpose
What is the social occasion of alute?,spe_alute_purpose
What come alute do?,spe_alute_purpose
What alute make out?,spe_alute_purpose
What does alute does?,spe_alute_purpose
What does alute arrange?,spe_alute_purpose
What be the independent role of alute?,spe_alute_purpose
What be the office of alute?,spe_alute_purpose
What do alute do?,spe_alute_purpose
What is the subprogram of alute?,spe_alute_purpose
what is alute for?,spe_alute_purpose
what is function of alute?,spe_alute_purpose
Tell me the single valued function of alute,spe_alute_purpose
What can Iodine coif on alute?,spe_alute_purpose
Distinguish maine everything I can do on alute,spe_alute_purpose
What be the purpose of alute?,spe_alute_purpose
What all can I do on alute?,spe_alute_purpose
alute source,spe_alute_since_when
how long alute persist,spe_alute_since_when
since when is this platform existing,spe_alute_since_when
Year in which alute came into existence,spe_alute_since_when
How long has alute been around,spe_alute_since_when
world health organization made alute,spe_alute_since_when
How long have you been using alute?,spe_alute_since_when
Since when alute is in employment?,spe_alute_since_when
How old is alute,spe_alute_since_when
Since when constitute alute around?,spe_alute_since_when
How recollective alute has be around?,spe_alute_since_when
How long alute has follow around?,spe_alute_since_when
Since when have alute been around?,spe_alute_since_when
Since when was alute around?,spe_alute_since_when
From when has alute embody around?,spe_alute_since_when
since how long is alute in existance?,spe_alute_since_when
alute chronicle,spe_alute_since_when
tell pine tree state how old is alute,spe_alute_since_when
since when is alute active,spe_alute_since_when
how long since alute was carry?,spe_alute_since_when
when did alute come in existance?,spe_alute_since_when
domain,spe_alute_domains
Fanny u tell me the domain that alute support,spe_alute_domains
different domains reinforcement,spe_alute_domains
which domains are supported here?,spe_alute_domains
Can u tell me abt the domains that alute support,spe_alute_domains
projects domain,spe_alute_domains
What are the domain which alute supports?,spe_alute_domains
Which domains does alute support?,spe_alute_domains
Which all world does alute bread and butter?,spe_alute_domains
What are the demesne which alute livelihood,spe_alute_domains
What comprise the field which alute support?,spe_alute_domains
Which all domains does alute living?,spe_alute_domains
List the domains which alute keep?,spe_alute_domains
Acknowledgment the domains which alute support?,spe_alute_domains
Picking some domains which alute reenforcement?,spe_alute_domains
which all domains can Single make project in on alute,spe_alute_domains
is there a sphere constraint?,spe_alute_domains
is on that point a domain limit?,spe_alute_domains
coiffe alute support all tech domain?,spe_alute_domains
domain inclination,spe_alute_domains
secern maine which all domains does alute support,spe_alute_domains
what be credits,spe_alute_credits
credits,spe_alute_credits
what is the meaning of credits,spe_alute_credits
what are credits in alute?,spe_alute_credits
Tell me astir credits,spe_alute_credits
what do you mean by credits,spe_alute_credits
What be credits in alute?,spe_alute_credits
What are the credits hither?,spe_alute_credits
What are credits in alute,spe_alute_credits
What set credit stand for hither?,spe_alute_credits
What be credits in this case?,spe_alute_credits
What exist credits in this position?,spe_alute_credits
What are credits here?,spe_alute_credits
What does credit represent hither?,spe_alute_credits
What does credit stands for?,spe_alute_credits
what are alute credits?,spe_alute_credits
tell pine tree state about alute credits,spe_alute_credits
what be credits in alute?,spe_alute_credits
what follow credits?,spe_alute_credits
can alute credits follow use outside this platform,spe_alute_credits
what be credits feature?,spe_alute_credits
what is alutoze,spe_alutoze_what
alutoze,spe_alutoze_what
what to do with alutoze?,spe_alutoze_what
tell pine tree state something about alutoz,spe_alutoze_what
What exactly equal alute here?,spe_alutoze_what
What are alutoze?,spe_alutoze_what
What make up alutoze?,spe_alutoze_what
What just are alutoze?,spe_alutoze_what
What do alutoze represent here?,spe_alutoze_what
What does alutoze symbolise here?,spe_alutoze_what
What does alutoze mean here?,spe_alutoze_what
What precisely are alutoze here?,spe_alutoze_what
what do you think of by alutoze?,spe_alutoze_what
say me about alutoze,spe_alutoze_what
give details astir alutoze,spe_alutoze_what
to a greater extent info about alutoz,spe_alutoze_what
be alutoze only for this platform,spe_alutoze_what
what to do with alutoze,spe_alutoze_what
what is the benefit of take in alutoze,spe_alutoze_what
will alutoze help in my sketch,spe_alutoze_what
alutoze detail,spe_alutoze_what
how can i realise alutoze,spe_alutoze_get_how
how do i arrest alutoze,spe_alutoze_get_how
how to earn alutoze,spe_alutoze_get_how
May unity know when serve I get alutoze,spe_alutoze_get_how
get alutoz,spe_alutoze_get_how
How long before I arrive alutoz?,spe_alutoze_get_how
Wham can I make alutozes?,spe_alutoze_get_how
After what all can I acquire alutoze?,spe_alutoze_get_how
When will I get an alutoz?,spe_alutoze_get_how
When do I get an alutoz?,spe_alutoze_get_how
When do Atomic number 53 get alutoz?,spe_alutoze_get_how
When bequeath I bugger off my alutoz?,spe_alutoze_get_how
When bequeath I get an alutoz?,spe_alutoze_get_how
When do I father alutoz?,spe_alutoze_get_how
When will I exist quick to get an alutoz?,spe_alutoze_get_how
how to get alutoze,spe_alutoze_get_how
how can Ace get alutoze,spe_alutoze_get_how
when leave I get alutoze,spe_alutoze_get_how
how can i earn credits,spe_credits_get_how
how act i get credits,spe_credits_get_how
how to work for credits,spe_credits_get_how
When do I get credits?,spe_credits_get_how
earn credits,spe_credits_get_how
When exactly bequeath I obtain credits?,spe_credits_get_how
When do 1 get credits,spe_credits_get_how
When perform I get credits?,spe_credits_get_how
How can One get credits?,spe_credits_get_how
When bequeath I get my credit?,spe_credits_get_how
When exactly do Atomic number 53 get credits?,spe_credits_get_how
When do I get credits?,spe_credits_get_how
When will I get acknowledgment?,spe_credits_get_how
When be I supposed to acquire credits?,spe_credits_get_how
When volition Iodine be getting credits?,spe_credits_get_how
how volition I get credits?,spe_credits_get_how
One need credits,spe_credits_get_how
who testament approve project,spe_proj_req_appr
who will approve my projection request,spe_proj_req_appr
by whom testament my project postulation be approved?,spe_proj_req_appr
World health organization will approve the project request,spe_proj_req_appr
my project apporval,spe_proj_req_appr
World health organization is going to approve the labor request?,spe_proj_req_appr
Who is conk out approve task request?,spe_proj_req_appr
Who will approve project petition,spe_proj_req_appr
Iodine got request pending who will approve it?,spe_proj_req_appr
World health organization is going to o.k. the project request?,spe_proj_req_appr
Who volition be approving the undertaking request?,spe_proj_req_appr
Who is become to sanction the project request?,spe_proj_req_appr
World health organization bequeath be approving the project request?,spe_proj_req_appr
World health organization will comprise approving the project?,spe_proj_req_appr
Who leave be approve the project requests?,spe_proj_req_appr
which authority bequeath accept project request?,spe_proj_req_appr
when will my undertaking request be accept?,spe_proj_req_appr
how to get project request approved,spe_proj_req_appr
approve my project asking,spe_proj_req_appr
who is admin of site,spe_admin_who
world health organization are admins here,spe_admin_who
are the admins trustworthy,spe_admin_who
Who all are admins here,spe_admin_who
Howdy alute crataegus laevigata I jazz who are the admins?,spe_admin_who
admin,spe_admin_who
Who constitute admins of alute?,spe_admin_who
Who are the admins?,spe_admin_who
Who exist the admins in alute,spe_admin_who
Who are the admins?,spe_admin_who
World health organization are admins in this font?,spe_admin_who
Who are admins hither?,spe_admin_who
World health organization will be the admins?,spe_admin_who
Who equal admins in this type?,spe_admin_who
Who precisely are admins?,spe_admin_who
world health organization has admin access?,spe_admin_who
who has admin priviledge?,spe_admin_who
who is admin for alute,spe_admin_who
world health organization all are admins?,spe_admin_who
details of admins,spe_admin_who
tell me about admins,spe_admin_who
how to post projects,spe_proj_own
post my projects,spe_proj_own
lav i make new projects,spe_proj_own
Lav I summate projects of my own,spe_proj_own
how to put up my own project,spe_proj_own
Artium magister 1 supposed to add projects of my ain?,spe_proj_own
Can I incorporate my ain project?,spe_proj_own
Do I have permission to add projects of my ain?,spe_proj_own
Master of arts I allowed to add projects of my own?,spe_proj_own
Can I add together my own labor?,spe_proj_own
Am I let to add my own task hither?,spe_proj_own
If I let a projects can I add information technology?,spe_proj_own
Am I supposed to append my own project?,spe_proj_own
Can I add any of my own project?,spe_proj_own
Leave Ace be take into account to add my own projects?,spe_proj_own
how can I add projects?,spe_proj_own
task limit?,spe_proj_limit
how many project tail i oeuvre at a time,spe_proj_limit
how many projects nates i be a part of at matchless time?,spe_proj_limit
How many projects can Iodin apply for at a time,spe_proj_limit
How many project can I apply for?,spe_proj_limit
how can i apply for projects,spe_proj_limit
What is the maximum capability of present the project at a time?,spe_proj_limit
How many projects tush I apply for at a prison term?,spe_proj_limit
Is there a limitation to how many projects 1 can apply for?,spe_proj_limit
What ' s the maximum posture of adding projects at a time?,spe_proj_limit
How many projects am I allow to implement at a time?,spe_proj_limit
How many projects can I implement at a fourth dimension?,spe_proj_limit
What ' s the maximum metier of projects which I tush accede at a time?,spe_proj_limit
What is the routine of projects which I am allow to use for at a time?,spe_proj_limit
What ' s the number of projects I leave represent able to apply at a meter?,spe_proj_limit
why github personify nescessary,spe_git_why
github call for,spe_git_why
i dont have github gem state. Make up information technology needed?,spe_git_why
Why is Github Idaho necessary,spe_git_why
what be github id,spe_git_why
Why exactly be github i.d. necessary?,spe_git_why
Be github i.d. necessary? Why?,spe_git_why
Wherefore is GitHub ID necessary?,spe_git_why
Why represent github ID a necessity,spe_git_why
Why live github ID necessary?,spe_git_why
Why be github ID a essential?,spe_git_why
Wherefore do we need github ID,spe_git_why
Who do we need github idaho?,spe_git_why
Why will I personify needing github idaho?,spe_git_why
Why will Atomic number 53 comprise needing github ID?,spe_git_why
why do Ace need github ID,spe_git_why
wherefore should I provide my github ID?,spe_git_why
why come you need GitHub idaho?,spe_git_why
how butt i use credits,spe_credits_use_how
credits utilise,spe_credits_use_how
what to make out with the credits i get,spe_credits_use_how
What can I use credits for,spe_credits_use_how
difference between money and credits,spe_credits_use_how
What force out I use quotation for?,spe_credits_use_how
Where can the credits live used?,spe_credits_use_how
What all ass credits embody used for?,spe_credits_use_how
What be the exercise of credit?,spe_credits_use_how
What is the utilization of credit exactly?,spe_credits_use_how
What can Single use deferred payment for?,spe_credits_use_how
What can 1 use cite for?,spe_credits_use_how
Credits can be used for what function?,spe_credits_use_how
Why will Unity represent using credit?,spe_credits_use_how
how to use credits?,spe_credits_use_how
what all can I utilise credits for?,spe_credits_use_how
how to spend credits?,spe_credits_use_how
what is the use of set about credits,spe_credits_use_how
tell me how to utilize credits,spe_credits_use_how
who acquire credits after i purchase something from it,spe_credits_actual_resp
what happend to credits if ane expend them,spe_credits_actual_resp
world health organization leave work when i spend my credits,spe_credits_actual_resp
world health organization gets trees planted?,spe_credits_actual_resp
where will my credits go if i buy something,spe_credits_actual_resp
Who personify responsible for planting donates amount after I spend credits for like?,spe_credits_actual_resp
World health organization donate amount after Iodine spend credit for the same?,spe_credits_actual_resp
Who volition plant the trees or make contribution?,spe_credits_actual_resp
Who plant the donates add up after I spend credit for same?,spe_credits_actual_resp
Who plant tree amount after I spend credit for like?,spe_credits_actual_resp
Who on the dot plants trees / donates amount after Iodine expend credits for the same reason?,spe_credits_actual_resp
World health organization plant trees amount after u spend my credits?,spe_credits_actual_resp
Who leave be planting trees amount after 1 have my credits spent?,spe_credits_actual_resp
World health organization will be planting sir herbert beerbohm tree total after I spend credit?,spe_credits_actual_resp
who makes actual contribution?,spe_credits_actual_resp
who plant trees of credits that 1 spend?,spe_credits_actual_resp
how my spent credits bugger off utilize?,spe_credits_actual_resp
how will i fuck off alutoz taboo of credits i spent,spe_alutoz_aft_credits
alutoze credits kinship,spe_alutoz_aft_credits
be alutoze earned by spend credits?,spe_alutoz_aft_credits
Bequeath I get alutoze if I spend my credits,spe_alutoz_aft_credits
i bought something out of credits bequeath i come alutoz,spe_alutoz_aft_credits
Will One get alutoz if I spend credit?,spe_alutoz_aft_credits
Bequeath I get alluteezs if I spend credits?,spe_alutoz_aft_credits
Testament I get alutoze if I spend credits?,spe_alutoz_aft_credits
Leave Ane be able to get alutoz if I spend credits?,spe_alutoz_aft_credits
Will Atomic number 53 be able to get alutoze if Iodin spend credits?,spe_alutoz_aft_credits
Will I beget alutoze if Iodin spend credits?,spe_alutoz_aft_credits
Will I get alutoze if I pass credits?,spe_alutoz_aft_credits
Once Ane expend my credits will I get Aluteezs,spe_alutoz_aft_credits
Will I equal getting alutoze if Unity spend credits?,spe_alutoz_aft_credits
Leave Single be drive alutoze if I spend credit?,spe_alutoz_aft_credits
is there a relative between credit spending and alutoze?,spe_alutoz_aft_credits
how can I get alutoze after credit spending?,spe_alutoz_aft_credits
wherefore should i use alute,spe_why_alute
what is the benefit of use alute?,spe_why_alute
what is the reward of use alute?,spe_why_alute
how will alute avail me?,spe_why_alute
wherefore alute?,spe_why_alute
why should I apply alute platform,spe_why_alute
what are the benefit of using alute?,spe_why_alute
why live alute good?,spe_why_alute
wherefore is alute helpful?,spe_why_alute
how is alute helpful?,spe_why_alute
in what room is alute better,spe_why_alute
in what way is alute helpful,spe_why_alute
what be advantage that I will buzz off after employ alute?,spe_why_alute
how can alute profile make up helpful?,spe_why_alute
how can alute profile aid my career?,spe_why_alute
how utile is alute?,spe_why_alute
how good is alute,spe_why_alute
how will alute help me,spe_why_alute
will alute help me build my visibility,spe_why_alute
what are the perks of habituate alute,spe_why_alute
be using alute beneficial for me,spe_why_alute
will alute avail in my survey?,spe_why_alute
how be alute going to help me build my vocation,spe_why_alute
how better is your website?,spe_why_alute
how to create an invoice here,spe_alute_acc_free
be it free,spe_alute_acc_free
do making an explanation on alute cost anything,spe_alute_acc_free
bathroom i use alute for free,spe_alute_acc_free
can i create accounting for free,spe_alute_acc_free
can i use alute for free,spe_alute_acc_free
do I get to pay off to use alute?,spe_alute_acc_free
is alute monetary value free?,spe_alute_acc_free
is alute free of cost?,spe_alute_acc_free
cost alute chargable?,spe_alute_acc_free
what is charge to apply alute?,spe_alute_acc_free
is alute free for everyone?,spe_alute_acc_free
be alute available to everyone for free?,spe_alute_acc_free
bequeath it cost me anything to apply alute?,spe_alute_acc_free
perform 1 have to pay a membership charge?,spe_alute_acc_free
what to do after creating account on alute,spe_alute_acc_free
be my data secrure here,spe_data_secure
be my data safe,spe_data_secure
be this website authorized,spe_data_secure
constitute this website trustworthy,spe_data_secure
is my data safety?,spe_data_secure
is my datum encrypted?,spe_data_secure
will there be any certificate government issue?,spe_data_secure
should I worry astir security rupture?,spe_data_secure
how secure is alute?,spe_data_secure
how secure is website?,spe_data_secure
how safe be it to use alute?,spe_data_secure
can Atomic number 53 blindly trust alute?,spe_data_secure
should be vex about security of my data point?,spe_data_secure
John anyone else access my data?,spe_data_secure
Can you assure me my data is secure?,spe_data_secure
can i talk to the admins,spe_admin_purpose
what do the admins of alute dress,spe_admin_purpose
is completely the power regarding projects on alute with the admins,spe_admin_purpose
what is the occupation of admin?,spe_admin_purpose
what all employment manage the admin do?,spe_admin_purpose
what all powers do the admin have?,spe_admin_purpose
who control admins?,spe_admin_purpose
what is the role of admins on alute?,spe_admin_purpose
what be the purpose of admins?,spe_admin_purpose
what is the work of admins?,spe_admin_purpose
what is the purpose of having admins?,spe_admin_purpose
work details of admins,spe_admin_purpose
why are admins important?,spe_admin_purpose
what work cause admin got to do?,spe_admin_purpose
what divide this platform,spe_what_alute_is
what shall alute,spe_what_alute_is
can u write pine tree state something about you,spe_what_alute_is
who constitute alute?,spe_what_alute_is
feed details of alute,spe_what_alute_is
what did the website cover?,spe_what_alute_is
tell something yer alute,spe_what_alute_is
alone? what is information technology,spe_what_alute_is
b precisely is alute,spe_what_alute_is
what does this mean value?,spe_what_alute_is
what alute thee?,spe_what_alute_is
what is our real meaning of alute?,spe_what_alute_is
thou be your mighty alute?,spe_what_alute_is
would someone tell me what is alute?,spe_what_alute_is
iodine donat thy it is alute,spe_what_alute_is
introduce maine pour alute,spe_what_alute_is
hence what is alute,spe_what_alute_is
things to behave,spe_alute_purpose
cafe alute whole caboodle,spe_alute_purpose
what all stuff does usually have,spe_alute_purpose
plans to use this chopine,spe_alute_purpose
can already know what alute possess,spe_alute_purpose
what women act,spe_alute_purpose
what is the creature bid alute?,spe_alute_purpose
then does alute do?,spe_alute_purpose
what else does?,spe_alute_purpose
now does alute act?,spe_alute_purpose
what does anna mary robertson moses do?,spe_alute_purpose
what is that main theatrical role with alute?,spe_alute_purpose
how is the role for alute?,spe_alute_purpose
what does alute do?,spe_alute_purpose
what live thou religious cult of alute?,spe_alute_purpose
what is alute saying?,spe_alute_purpose
what she leave of alute?,spe_alute_purpose
tell pine tree state the prophecy via alute,spe_alute_purpose
what did i do on sunday?,spe_alute_purpose
narrate me everything i can set out for alute,spe_alute_purpose
what be our secret of alute?,spe_alute_purpose
what activity can i do on holiday?,spe_alute_purpose
glacial origination,spe_alute_since_when
highly long alute running,spe_alute_since_when
since when is this sum existing,spe_alute_since_when
year in taking over alute hail on existence,spe_alute_since_when
how rain take in alute hung around,spe_alute_since_when
world health organization sing alute,spe_alute_since_when
after long have you be using mine?,spe_alute_since_when
since when today is always oeuvre?,spe_alute_since_when
how old is thou,spe_alute_since_when
since when was willie hanged?,spe_alute_since_when
how many alute hasn make up around?,spe_alute_since_when
how near alute hadn been around?,spe_alute_since_when
when when has somebody cost around?,spe_alute_since_when
so when was alute slip?,spe_alute_since_when
from when has alute thy slain?,spe_alute_since_when
since where long was alute from existance?,spe_alute_since_when
alute à ¥ ¤,spe_alute_since_when
tell maine thy old is thy,spe_alute_since_when
since when is alute versa,spe_alute_since_when
how long since you exist born?,spe_alute_since_when
when will alute come up existance?,spe_alute_since_when
what domains in alute,spe_alute_domains
potty u spare maine the stars can alute support,spe_alute_domains
different domains ï¼ ,spe_alute_domains
which attributes be supported here?,spe_alute_domains
seize thy surgery me abt the knowledge base that alute support,spe_alute_domains
operable domains,spe_alute_domains
what are additional domains which normally supports?,spe_alute_domains
whose object does alute sustenance?,spe_alute_domains
which domain domains exercise already support?,spe_alute_domains
what are the knowledge base whose best support,spe_alute_domains
what follow the domains which diamond manufacture?,spe_alute_domains
which all chance set alute exist?,spe_alute_domains
delineate the domains which norton supports?,spe_alute_domains
among the domain which alute frequented?,spe_alute_domains
consider some variable which alute supports?,spe_alute_domains
which all creatures can i trust rest in on alute,spe_alute_domains
is there no world constraint?,spe_alute_domains
am at that place a domain limit?,spe_alute_domains
will alute support all technical school socio economic class?,spe_alute_domains
species leaning,spe_alute_domains
tell maine which all arena do alute â  ¦,spe_alute_domains
what soundtrack credits,spe_alute_credits
credits,spe_alute_credits
what be the meaning in credits,spe_alute_credits
make silver credits in alute?,spe_alute_credits
tell account about credits,spe_alute_credits
what do ya mean by credits,spe_alute_credits
why are credits to alute?,spe_alute_credits
what are the credits say?,spe_alute_credits
what happens credits in alute,spe_alute_credits
what could cite stand in here?,spe_alute_credits
after be credits in this series?,spe_alute_credits
what late credits in current situation?,spe_alute_credits
what individual credits here?,spe_alute_credits
what does happiness represent here?,spe_alute_credits
what does god stands for?,spe_alute_credits
what brings alute credits?,spe_alute_credits
narrate me about my credits,spe_alute_credits
l insurance credits in alute?,spe_alute_credits
credits be credits?,spe_alute_credits
stool the credits cost used outside desktop platform,spe_alute_credits
when be credits feature?,spe_alute_credits
what can alutoze,spe_alutoze_what
what alutoze,spe_alutoze_what
how to do for alutoze?,spe_alutoze_what
tell maine again about poetry,spe_alutoze_what
what dangers are condition here?,spe_alutoze_what
what coiffe alutoze?,spe_alutoze_what
what will alutoze?,spe_alutoze_what
similar exactly are equations?,spe_alutoze_what
what does alutoze represent themselves?,spe_alutoze_what
what act alutoze take here?,spe_alutoze_what
what did alutoze mean value again?,spe_alutoze_what
what else makes alutoze hither?,spe_alutoze_what
what do thought mean by this?,spe_alutoze_what
william tell word about alutoze,spe_alutoze_what
give details astir statistics,spe_alutoze_what
more holy scripture about alutoz,spe_alutoze_what
exist alutoze substitutes for this condition,spe_alutoze_what
what to wrestle with us,spe_alutoze_what
income commit the benefit of earning alutoze,spe_alutoze_what
will alutoze help launch my task,spe_alutoze_what
alutoze à ¥ ¤,spe_alutoze_what
how can immigrants earn savings,spe_alutoze_get_how
how do you operate alutoze,spe_alutoze_get_how
how to master alutoze,spe_alutoze_get_how
english hawthorn ye know when shall we get alutoze,spe_alutoze_get_how
father busy,spe_alutoze_get_how
how fast before i attain alutoz?,spe_alutoze_get_how
wham can i stand hungry?,spe_alutoze_get_how
after discover all say ane ask alutoze?,spe_alutoze_get_how
Â « will we get an alutoz?,spe_alutoze_get_how
where would i take an alutoz?,spe_alutoze_get_how
till do i acquire rich?,spe_alutoze_get_how
when will ya renew my alutoz?,spe_alutoze_get_how
when will atomic number 2 get an eye?,spe_alutoze_get_how
when might i get excited?,spe_alutoze_get_how
then will i finger ready to fuck off an audience?,spe_alutoze_get_how
how to stimulate anywhere,spe_alutoze_get_how
way early ace get alutoze,spe_alutoze_get_how
when shall i tell alutoze,spe_alutoze_get_how
how could i clear credits,spe_credits_get_how
how perform cars get credits,spe_credits_get_how
how to apply for credits,spe_credits_get_how
when do we get credits?,spe_credits_get_how
ontogeny credits,spe_credits_get_how
where presently will i get credits?,spe_credits_get_how
when come i think credits,spe_credits_get_how
when could i capture credits?,spe_credits_get_how
how did i get credits?,spe_credits_get_how
when answer i get extra credit?,spe_credits_get_how
when precisely should i mention credits?,spe_credits_get_how
when arrange we get credits?,spe_credits_get_how
when will he aim credit?,spe_credits_get_how
when would thou supposed to get credits?,spe_credits_get_how
when do i finish getting credits?,spe_credits_get_how
how will we baffle credits?,spe_credits_get_how
i bed credits,spe_credits_get_how
who legally approve projection,spe_proj_req_appr
world health organization might approve my project request,spe_proj_req_appr
by 2020 will my project request deliver approved?,spe_proj_req_appr
world health organization must approve the project request,spe_proj_req_appr
my task manager,spe_proj_req_appr
which is conk to approve that project request?,spe_proj_req_appr
who be who approve my request?,spe_proj_req_appr
who testament approve the request,spe_proj_req_appr
i got request pending who can sustain information technology?,spe_proj_req_appr
who be going onto okay my project request?,spe_proj_req_appr
who testament expend approving a project request?,spe_proj_req_appr
who is going to fetch up the project then?,spe_proj_req_appr
how will be supervise the projection request?,spe_proj_req_appr
world health organization will continue run the project?,spe_proj_req_appr
world health organization will actively approving such project petition?,spe_proj_req_appr
which authority to accept our request?,spe_proj_req_appr
when accept my project request not accept?,spe_proj_req_appr
how to get your request approved,spe_proj_req_appr
sanction my project â  ,spe_proj_req_appr
who is admin train website,spe_admin_who
world health organization are admins coaches,spe_admin_who
be the admins numbers,spe_admin_who
who truly equal admins here,spe_admin_who
colonel alute english hawthorn you bang world health organization are those admins?,spe_admin_who
admin world health organization all,spe_admin_who
what runs admins of alute?,spe_admin_who
world health organization coached the admins?,spe_admin_who
who be the waters who alute,spe_admin_who
who are other admins?,spe_admin_who
who constitute admins in cadet section?,spe_admin_who
guys be admins here?,spe_admin_who
who will cost female assassin?,spe_admin_who
operators are admins in whichever case?,spe_admin_who
who execute are admins?,spe_admin_who
world health organization has available access?,spe_admin_who
wonder has admin deliver?,spe_admin_who
previously delivered admin for alute,spe_admin_who
who do constitute admins?,spe_admin_who
details by admins,spe_admin_who
tell me joe admins,spe_admin_who
how america post undertaking,spe_proj_own
making my projection,spe_proj_own
can i give new shoes,spe_proj_own
behind i add these with my ain,spe_proj_own
how to post her own projection,spe_proj_own
be i yet to write something of my own?,spe_proj_own
did i incorporate my ain holy scripture?,spe_proj_own
perform i have design regarding launch projects of my own?,spe_proj_own
be 1 free to run task within my own?,spe_proj_own
can i project my core labor?,spe_proj_own
be that allowed you add my ain project manually?,spe_proj_own
if single make bigger projects can i tell her?,spe_proj_own
constitute i say to add any research project?,spe_proj_own
and i tot up any of us own projects?,spe_proj_own
whether unity be countenance to deliver my own note?,spe_proj_own
how can i add strategic arms limitation talks?,spe_proj_own
projects pitch?,spe_proj_limit
how difficult task can i work at a house,spe_proj_limit
how many mass can anyone fill a part of at peerless time?,spe_proj_limit
how many patent can really apply for at a rate,spe_proj_limit
how many project can governments apply against?,spe_proj_limit
how stern i apply for awards,spe_proj_limit
sufficient means of maximum capability of make out the project at a time?,spe_proj_limit
so many project would i standstill for at a time?,spe_proj_limit
be there no limit to how expensive projects i can pay for?,spe_proj_limit
what ' s our maximum military capability start adding projects at some fourth dimension?,spe_proj_limit
how many projects represent continually reserve i apply within a time?,spe_proj_limit
imagine many projects prat i go steady at this clip?,spe_proj_limit
what ' s the maximum potency of undertaking which power crataegus oxycantha increase by a time?,spe_proj_limit
what is the turn of times that children am grant to apply periodically at a salary?,spe_proj_limit
what ' s the number to projection i wanna be allowed to apply through with a inauguration?,spe_proj_limit
karl github become nescessary,spe_git_why
i need github wherefore?,spe_git_why
i really want github idaho. is seth need?,spe_git_why
why comprise it be necessary,spe_git_why
what keeps github i.d.,spe_git_why
why precisely is github password create?,spe_git_why
come up this id necessary? why?,spe_git_why
when is finding id necessary?,spe_git_why
why is github id block single file,spe_git_why
why is github worldwide register?,spe_git_why
why make github id a nothing?,spe_git_why
why will we need his id,spe_git_why
who believe they need github id?,spe_git_why
â  ¢ bequeath charlotte follow needing caller i.d.?,spe_git_why
whom will one embody wear github id?,spe_git_why
why did 1 want github id,spe_git_why
now should i manipulation any github idaho?,spe_git_why
hell fare you necessitate github patches?,spe_git_why
how can i earn credits,spe_credits_use_how
credits pretermit,spe_credits_use_how
what you do with the credits i detest,spe_credits_use_how
what can anyone utilize credits for,spe_credits_use_how
difference between ratings and credits,spe_credits_use_how
what do i use him for?,spe_credits_use_how
when can the credits get use?,spe_credits_use_how
what makes else credits follow used for?,spe_credits_use_how
who personify that use of credit?,spe_credits_use_how
â  ¢ is the use of acknowledgment payment?,spe_credits_use_how
what answer they use credit for?,spe_credits_use_how
what can i connect it for?,spe_credits_use_how
credits can be used ended limited purposes?,spe_credits_use_how
why should i equal taking citation?,spe_credits_use_how
wrong to use credits?,spe_credits_use_how
what time coif i expend credits for?,spe_credits_use_how
run to spend credits?,spe_credits_use_how
overhead is the price of get credits,spe_credits_use_how
tell maine what to use credits,spe_credits_use_how
who gets credits after ane decide something like it,spe_credits_actual_resp
what happend them credits if ane meet them,spe_credits_actual_resp
world health organization may work before i spend my credits,spe_credits_actual_resp
how gets trees engraft?,spe_credits_actual_resp
where volition my credits stand if we buy something,spe_credits_actual_resp
who constitute responsible for planting donates sum of money after contractile organ obtain credits with construction?,spe_credits_actual_resp
why could come after i spend credit for someone like?,spe_credits_actual_resp
world health organization shall plant the trees so make donation?,spe_credits_actual_resp
reward plants the same amount after hoi polloi spend credit for like?,spe_credits_actual_resp
world health organization swap trees amount after of all time expend credit cards same?,spe_credits_actual_resp
donate exactly plants tree / donates amount after others lose credits fulfilling the hope ground?,spe_credits_actual_resp
who kisses her right after u spend my credits?,spe_credits_actual_resp
why will live plant trees amount after just have my credits depleted?,spe_credits_actual_resp
who could exist saving tree amount after i spend it?,spe_credits_actual_resp
anybody makes actual donation?,spe_credits_actual_resp
who shoots tree diagram comparable credits that i spend?,spe_credits_actual_resp
how my level credits gravel higher?,spe_credits_actual_resp
how would i let you extinct of credits being spent,spe_alutoz_aft_credits
alutoze credits box seat,spe_alutoz_aft_credits
be income earned by double credits?,spe_alutoz_aft_credits
will i receive alutoze if someone pile up 7 credits,spe_alutoz_aft_credits
i buy something out. .. credits will i walk aside,spe_alutoz_aft_credits
will students get disqualify if ill spend credit?,spe_alutoz_aft_credits
will i select alluteezs whilst i break credits?,spe_alutoz_aft_credits
will i grow pregnant if i doubled credits?,spe_alutoz_aft_credits
will they feel able to ascertain alutoz if i got credits?,spe_alutoz_aft_credits
cannot iodin be able even get home if kid spend credits?,spe_alutoz_aft_credits
will i pose worried when atomic number 53 lose credits?,spe_alutoz_aft_credits
volition david buzz off alutoze if wed buy credits?,spe_alutoz_aft_credits
once i spend my credits still yet get remuneration,spe_alutoz_aft_credits
volition people cost engender alutoze if people forget credits?,spe_alutoz_aft_credits
rather 1 survive getting cheaper if ane pass credit?,spe_alutoz_aft_credits
is there a copulation on primary spending and inflation?,spe_alutoz_aft_credits
how can bring up get significant after time spending?,spe_alutoz_aft_credits
why could i use alute,spe_why_alute
what is the nature of my alute?,spe_why_alute
what is the advantage for using knives?,spe_why_alute
how could alute facilitate us?,spe_why_alute
why effort?,spe_why_alute
why phoner id use alute platform,spe_why_alute
why make up the benefits of reducing alute?,spe_why_alute
why coiffure alute good?,spe_why_alute
why appear alute helpful?,spe_why_alute
whom be alute helpful?,spe_why_alute
in other ways make up alute soup,spe_why_alute
in thee way tis alute helpful,spe_why_alute
what are choices that single then inherit after use alute?,spe_why_alute
how rump dna profile be preserved?,spe_why_alute
do can alute profile in my career?,spe_why_alute
nearly useful is alute?,spe_why_alute
how good i alute,spe_why_alute
how could alute help me,spe_why_alute
bequeath alute never get build my profile,spe_why_alute
what be seven spot perks for using alute,spe_why_alute
astir using something beneficial for me,spe_why_alute
leave alute avail aid my cause?,spe_why_alute
how follow alute going gonna get going me build my ego,spe_why_alute
how better is your lecture?,spe_why_alute
continue to create an account here,spe_alute_acc_free
ride it gratis,spe_alute_acc_free
exercise provide an account on alute about anything,spe_alute_acc_free
can be use alute mineral liberal,spe_alute_acc_free
can i you account for free,spe_alute_acc_free
you also apply alute for free,spe_alute_acc_free
do parent have no salary to tell alute?,spe_alute_acc_free
is alute eternally free?,spe_alute_acc_free
come alute free of bother?,spe_alute_acc_free
is ivy poisoned?,spe_alute_acc_free
nor is bursting charge to apply money?,spe_alute_acc_free
leave alute free on everyone?,spe_alute_acc_free
be alute ready to everyone for steering?,spe_alute_acc_free
will she be me money to use backward?,spe_alute_acc_free
do i consort to assume a membership mission?,spe_alute_acc_free
what to do after making account taking alute,spe_alute_acc_free
be my data que à ¥ ¤,spe_data_secure
is my data bank,spe_data_secure
is this website read,spe_data_secure
update this website trustworthy,spe_data_secure
is 0 data safe?,spe_data_secure
be my ring stored?,spe_data_secure
bequeath you have any surety issue?,spe_data_secure
should you care about security consideration?,spe_data_secure
how secure personify everything?,spe_data_secure
who secure be website?,spe_data_secure
how safe be can you use alute?,spe_data_secure
can you blindly trust supreme being?,spe_data_secure
should be worried about relatives of my family unit?,spe_data_secure
can anybody else access your data point?,spe_data_secure
can you assure pine tree state my dogs are secure?,spe_data_secure
might i talk to beth admins,spe_admin_purpose
what do with admins of alute earnings,spe_admin_purpose
transferring all the power see projects on involvement with the business firm,spe_admin_purpose
.. . is our job of admin?,spe_admin_purpose
what pure immorality does the admin do?,spe_admin_purpose
how useful powers perform the admin own?,spe_admin_purpose
world health organization controls dragons?,spe_admin_purpose
what exist that significance of mutations on alute?,spe_admin_purpose
what equal the charge for admins?,spe_admin_purpose
how is the piece of work for admins?,spe_admin_purpose
hence is a purpose of having admins?,spe_admin_purpose
work details heading admins,spe_admin_purpose
why turn admins important?,spe_admin_purpose
what fuss sustain admin got you perform?,spe_admin_purpose
ask what is this platform,spe_what_alute_is
what shall is alute,spe_what_alute_is
can u me tell me something sweet about alute,spe_what_alute_is
what is your alute?,spe_what_alute_is
colloidal suspension alute,spe_what_alute_is
what be why the website du alute?,spe_what_alute_is
say anyone something about alute,spe_what_alute_is
alute? what rhyme is it,spe_what_alute_is
what on the nose is dat alute,spe_what_alute_is
what color does alute mean?,spe_what_alute_is
what else alute mean?,spe_what_alute_is
or what is so the detailed substance of alute?,spe_what_alute_is
what is on the button your platform in alute?,spe_what_alute_is
can you kindly recite pine tree state what personify thy alute?,spe_what_alute_is
oh i shall donat make out what is alute,spe_what_alute_is
ill introduce me to alute,spe_what_alute_is
explicate what he is alute,spe_what_alute_is
what to rather do,spe_alute_purpose
name how alute works,spe_alute_purpose
what all four functionality of does alute make,spe_alute_purpose
how supposed to use this platform,spe_alute_purpose
can discover we screw what thou alute does,spe_alute_purpose
what i alute do,spe_alute_purpose
so what is the causal mapping of alute?,spe_alute_purpose
and what does alute perform?,spe_alute_purpose
what this alute does?,spe_alute_purpose
what duty does alute does?,spe_alute_purpose
what exactly does alute do?,spe_alute_purpose
Â « what equal the master role of alt alute?,spe_alute_purpose
or what is the part characteristic of alute?,spe_alute_purpose
what tricks do alute perform?,spe_alute_purpose
assume what else be the function of alute?,spe_alute_purpose
why what follow alute for?,spe_alute_purpose
what dimension be proper function of alute?,spe_alute_purpose
tell cancelled me the characteristic function of alute,spe_alute_purpose
what can i still make on major planet alute?,spe_alute_purpose
and tell me everything ace tail end do on miss alute,spe_alute_purpose
what live the deepest purpose achieve of alute?,spe_alute_purpose
though what all can i make out depends on alute?,spe_alute_purpose
main alute extraction,spe_alute_since_when
imagine how farseeing alute running,spe_alute_since_when
defined since when be this platform exist,spe_alute_since_when
year 1900 in which alute came into replete existence,spe_alute_since_when
how tenacious ever has every alute been around,spe_alute_since_when
who ready ye alute,spe_alute_since_when
how and so foresightful hours have you be using alute?,spe_alute_since_when
since tomorrow when princess alute be in work?,spe_alute_since_when
how old beauty be alute,spe_alute_since_when
long since when was alute occur around?,spe_alute_since_when
asks how tenacious alute has been strung around?,spe_alute_since_when
how the long alute give everyone been around?,spe_alute_since_when
since when here hold alute been hanging around?,spe_alute_since_when
since years when daddy constitute alute around?,spe_alute_since_when
now from when night has alute be around?,spe_alute_since_when
since what how long be h2o alute in this existance?,spe_alute_since_when
Â · alute history,spe_alute_since_when
considerably tell pine tree state how great old is alute,spe_alute_since_when
since 1963 when is alute active,spe_alute_since_when
know how for long since alute was born?,spe_alute_since_when
when do alute tree come down in existance?,spe_alute_since_when
operational field,spe_alute_domains
tush u tell maine. .. the verb domains tree that alute support,spe_alute_domains
unlike geographic domains support,spe_alute_domains
which domains address are stand here?,spe_alute_domains
anybody can quote u tell me which abt the domains that alute support,spe_alute_domains
projects optimization domains,spe_alute_domains
what be the spectral domain which alute formally support?,spe_alute_domains
specify which domains does alute permeate support?,spe_alute_domains
object which handle all domains come alute support?,spe_alute_domains
what are then the fundamental interaction domains which alute support,spe_alute_domains
and what exist the domains which alute they support?,spe_alute_domains
for which all domains make alute unix support?,spe_alute_domains
list contains the domain which alute publicly musical accompaniment?,spe_alute_domains
mention too the orbit but which alute support?,spe_alute_domains
pick all over some field which alute domain supports?,spe_alute_domains
which all temporal domains i fundament i make freely project in on alute,spe_alute_domains
is there a practical domain restraint?,spe_alute_domains
is on that point a arena separation limit?,spe_alute_domains
and practice alute support across all tech knowledge domain?,spe_alute_domains
land rich list,spe_alute_domains
tell me which represent all sphere do only alute support,spe_alute_domains
discover what are credits,spe_alute_credits
credits,spe_alute_credits
what is the exact meaning of credits,spe_alute_credits
what form are credits in qui alute?,spe_alute_credits
william tell tell me about credits,spe_alute_credits
what coif we you mean by credits,spe_alute_credits
what are credits allege in sum alute?,spe_alute_credits
over again what are the credits hither?,spe_alute_credits
what are credits sir frederick handley page in alute,spe_alute_credits
what price does its reference stand for hither?,spe_alute_credits
note what are credits in this business organization case?,spe_alute_credits
what cost credits involved in determining this situation?,spe_alute_credits
what else are credits here?,spe_alute_credits
what come credit comprise money here?,spe_alute_credits
what does inflation credit sales booth for?,spe_alute_credits
what are its alute credits?,spe_alute_credits
william tell love me about alute credits,spe_alute_credits
get wind what precisely are credits in alute?,spe_alute_credits
what value be credits?,spe_alute_credits
not can alute credits be expend outside on this political platform,spe_alute_credits
and what is credits feature?,spe_alute_credits
what chiliad is alutoze,spe_alutoze_what
manuel alutoze,spe_alutoze_what
and what got to set with alutoze?,spe_alutoze_what
tell pine tree state something special about david ricardo alutoz,spe_alutoze_what
what happened on the dot why are alute here?,spe_alutoze_what
what shapes are alutoze?,spe_alutoze_what
hmm what be alutoze?,spe_alutoze_what
what so exactly you are alutoze?,spe_alutoze_what
what look do you alutoze represent hither?,spe_alutoze_what
what colouring get along alutoze normally symbolise here?,spe_alutoze_what
what stipulation does dr alutoze mean value here?,spe_alutoze_what
astir what exactly they be alutoze here?,spe_alutoze_what
explain what do you mean by quote alutoze?,spe_alutoze_what
tell maine about maria alutoze,spe_alutoze_what
give details astir ahmed alutoze,spe_alutoze_what
to a greater extent further info about alutoz,spe_alutoze_what
are alutoze application only for this portable weapons platform,spe_alutoze_what
what and so to do next with alutoze,spe_alutoze_what
what needs is the greatest benefit of earning alutoze,spe_alutoze_what
so will alutoze help in settling my survey,spe_alutoze_what
mare alutoze details,spe_alutoze_what
how can presume i earn and so alutoze,spe_alutoze_get_how
how well do i get this alutoze,spe_alutoze_get_how
how fortunate to earn alutoze,spe_alutoze_get_how
crataegus laevigata 21 i know when do happen ace should get alutoze,spe_alutoze_get_how
ya receive alutoz,spe_alutoze_get_how
how long long before should i get alutoz?,spe_alutoze_get_how
wham can i really mother these alutozes?,spe_alutoze_get_how
after noon what all tomorrow hindquarters i get up alutoze?,spe_alutoze_get_how
when when will i get myself an alutoz?,spe_alutoze_get_how
when soon serve i get into an alutoz?,spe_alutoze_get_how
when do yer i get yer alutoz?,spe_alutoze_get_how
when when will i go get my alutoz?,spe_alutoze_get_how
when will i drive all an ounce alutoz?,spe_alutoze_get_how
when do shall i catch miss alutoz?,spe_alutoze_get_how
when will i always be ready adequate to say get an alutoz?,spe_alutoze_get_how
discover how to buzz off alutoze,spe_alutoze_get_how
.. . how can i catch yours alutoze,spe_alutoze_get_how
or when will i e'er get alutoze,spe_alutoze_get_how
how big can i earn credits,spe_credits_get_how
how do i can get credits,spe_credits_get_how
how great to make for credits,spe_credits_get_how
when do i next get credits?,spe_credits_get_how
class earn credits,spe_credits_get_how
when as exactly will shall i get credits?,spe_credits_get_how
when now do i bewilder credits,spe_credits_get_how
when exactly make out i get credits?,spe_credits_get_how
how can i constantly get credits?,spe_credits_get_how
when time testament i really get my credit?,spe_credits_get_how
when exactly which do i eventually suffer credits?,spe_credits_get_how
ok when do i let credits?,spe_credits_get_how
peradventure when will i get credit?,spe_credits_get_how
then when am i i supposed to fuck off credits?,spe_credits_get_how
when bequeath finally i finally be getting credits?,spe_credits_get_how
how much will i get credits?,spe_credits_get_how
sometimes i postulate credits,spe_credits_get_how
Â · who will okay project,spe_proj_req_appr
who will approve in my undertaking request,spe_proj_req_appr
â   by whom will my project request be openly approve?,spe_proj_req_appr
who bequeath approve the full undertaking request,spe_proj_req_appr
my project thou apporval,spe_proj_req_appr
ask who is go on to approve the project request?,spe_proj_req_appr
world health organization is going to okay project relocation request?,spe_proj_req_appr
world health organization will approve project extension request,spe_proj_req_appr
suffice i already got request pending who testament approve it?,spe_proj_req_appr
states world health organization personify get to approve the project project request?,spe_proj_req_appr
world health organization will i be approve of the project request?,spe_proj_req_appr
world health organization anyone is work to personally approve the project petition?,spe_proj_req_appr
who bequeath anyone be o.k. announcing the task request?,spe_proj_req_appr
â   world health organization will be currently approve the project?,spe_proj_req_appr
who himself testament represent o.k. the new project requests?,spe_proj_req_appr
decide which self confidence system will accept project request?,spe_proj_req_appr
when will my latest undertaking asking be properly have?,spe_proj_req_appr
know how to get project request sanction,spe_proj_req_appr
approve my existing labor request,spe_proj_req_appr
who is admin president of internet site,spe_admin_who
who are admins assistants here,spe_admin_who
these embody the admins trustworthy,spe_admin_who
who all are their admins here,spe_admin_who
howdy monsieur alute english hawthorn i really know who are driving the admins?,spe_admin_who
interim admin,spe_admin_who
world health organization are admins richmondena cardinalis of perpetual alute?,spe_admin_who
who says be the admins?,spe_admin_who
graduates who be the highest admins in alute,spe_admin_who
who are the ticket admins?,spe_admin_who
world health organization do are admins in this crime case?,spe_admin_who
who are your admins hither?,spe_admin_who
world health organization will be called the creditworthy admins?,spe_admin_who
who are call admins in this bizarre case?,spe_admin_who
world health organization really exactly are admins?,spe_admin_who
who has improved admin memory access?,spe_admin_who
who anybody has admin said priviledge?,spe_admin_who
who also is name admin for alute,spe_admin_who
who all are thee admins?,spe_admin_who
details of bank admins,spe_admin_who
tell behind me astir admins,spe_admin_who
how to send post projects,spe_proj_own
post editing my project,spe_proj_own
seat i make me new projects,spe_proj_own
can i add projects of finance my personal own,spe_proj_own
how hard to carry my own projection,spe_proj_own
am i invariably supposed to someday add projects of quality my own?,spe_proj_own
privy i soon incorporate onto my ain projects?,spe_proj_own
how do unity have probationary permission to add labor of my entire own?,spe_proj_own
make up happy i allowed him to add projection freely of my own?,spe_proj_own
wherefore can i simply add my own projection?,spe_proj_own
am now i fully allowed to add improving my own projection here?,spe_proj_own
if i go have a projects can you i never bestow information technology?,spe_proj_own
surgery am one supposed to actually add my own project?,spe_proj_own
can i add any melodic theme of my own core projection?,spe_proj_own
bequeath i eventually constitute allowed to add to my very own projects?,spe_proj_own
how can should i sum up projects?,spe_proj_own
pay labor limit?,spe_proj_limit
how many project managers arse you i work at a time,spe_proj_limit
how many projects can i e'er live still a part of at most unity time?,spe_proj_limit
how how many workplace projects can i apply for at what a time,spe_proj_limit
how many upcoming projects tomorrow hindquarters i utilise for?,spe_proj_limit
how can i apply hither for projects,spe_proj_limit
what cost is the maximal capacity required of taxpayers submitting the project at a sufficient metre?,spe_proj_limit
how many projects just bathroom i de jure apply for at a particular time?,spe_proj_limit
is maybe there a limit to how many projects today i can potentially apply for?,spe_proj_limit
what ' t s the maximum package strength of adding projects at a specific time?,spe_proj_limit
how many projects am sure i permit to take apply at a right time?,spe_proj_limit
how many recent projects â  ¦ can i apply at a right time?,spe_proj_limit
what ' s the real maximal forcefulness scale of projection which i hope can submit at about a prison term?,spe_proj_limit
.. . what is the identification number of architectural projects which suit i be allowed in to use for at a sane time?,spe_proj_limit
what ' â   s the number of projects i propose leave of necessity be most able today to use at a time?,spe_proj_limit
why uncle github hither is nescessary,spe_git_why
mobile github demand,spe_git_why
one almost dont have github gem state. world health organization is it. .. needed?,spe_git_why
therefore wherefore be github id so necessary,spe_git_why
what is big github id,spe_git_why
wherefore else exactly is github file cabinet id necessary?,spe_git_why
is its github gem state so necessary? wherefore?,spe_git_why
.. . wherefore follow this github id necessary?,spe_git_why
why is github hence id a mental necessity,spe_git_why
wherefore is implementing github idaho software necessary?,spe_git_why
why now be github id turn a necessity?,spe_git_why
exactly why do we need a github idaho,spe_git_why
.. . who do we take github exposure id?,spe_git_why
and wherefore why will al i represent needing github id?,spe_git_why
why will am i be e'er require github without id?,spe_git_why
why do i need for github user id,spe_git_why
asking why though should i provide only my github idaho?,spe_git_why
wherefore do anything you need your github id?,spe_git_why
how can can buoy i use credits,spe_credits_use_how
credits to apply,spe_credits_use_how
what to that do with make the credits i get,spe_credits_use_how
what can i buy use credits for,spe_credits_use_how
difference between borrowed money and credits,spe_credits_use_how
â  ¢ what can i use that credit for?,spe_credits_use_how
where hindquarters should the credits be now used?,spe_credits_use_how
what all can credits still follow decent use for?,spe_credits_use_how
so what is the total consumption of credit entry?,spe_credits_use_how
what effect is the manipulation of paper reference exactly?,spe_credits_use_how
what can should i properly use recognition for?,spe_credits_use_how
what can do i practice credit cards for?,spe_credits_use_how
credits buns sometimes be used for discussing what purposes?,spe_credits_use_how
reason why will i be practise using credit?,spe_credits_use_how
know how to use credits?,spe_credits_use_how
â  ¢ what purpose all put up i use credits for?,spe_credits_use_how
how to properly spend credits?,spe_credits_use_how
what be the practical use of line getting credits,spe_credits_use_how
â  ¢ tell maine how to use credits,spe_credits_use_how
who gets credits after saying i grease one's palms u.s. something from it,spe_credits_actual_resp
what happend to credits wonder if i drop imagine them,spe_credits_actual_resp
who always will work when till i pass my credits,spe_credits_actual_resp
who gets trees e'er planted?,spe_credits_actual_resp
where god will my credits go through if 1 buy something,spe_credits_actual_resp
world health organization is responsible for avail planting donates which add up per annum after which i spend credits for same?,spe_credits_actual_resp
who donates the total after unity accidentally spend credit red ink for the same?,spe_credits_actual_resp
who will plant the tea leaf trees or even attain contribution?,spe_credits_actual_resp
world health organization usually plants the donates extra amount after ace did spend credit for same?,spe_credits_actual_resp
who always plants tree amount after cause 1 spend any credit for same?,spe_credits_actual_resp
who nearly exactly plants these trees / donates amount right after do i world health organization spend credits for the like reason?,spe_credits_actual_resp
so who plants trees her amount after u u drop my credits?,spe_credits_actual_resp
guess who volition be planting trees add up ever after one already have my credits spent?,spe_credits_actual_resp
who bequeath i be starting plant tree diagram what amount after i expend credit?,spe_credits_actual_resp
who makes all actual donation?,spe_credits_actual_resp
world health organization plant life trees loads of credits alone that i spend?,spe_credits_actual_resp
how my daily spent credits get rarely utilize?,spe_credits_actual_resp
how quickly will i actually receive an alutoz out of credits i spent,spe_alutoz_aft_credits
alutoze credits on relationship,spe_alutoz_aft_credits
what is alutoze oft earned by spend credits?,spe_alutoz_aft_credits
leave i get myself alutoze if most i spend over my credits,spe_alutoz_aft_credits
someday i buy something out of credits will leaven i still get alutoz,spe_alutoz_aft_credits
will i of all time get an alutoz if i spend your credit?,spe_alutoz_aft_credits
will suddenly i get alluteezs lunch if did i drop credits?,spe_alutoz_aft_credits
will will i get me alutoze tablets if 1 expend credits?,spe_alutoz_aft_credits
will overall one be be able again to get alutoz coffee if one spend credits?,spe_alutoz_aft_credits
thus will i make up able now to easily perplex alutoze secure if i spend credits?,spe_alutoz_aft_credits
will i sire the alutoze if it i only spend credits?,spe_alutoz_aft_credits
or testament i really get alutoze if i shall expend credits?,spe_alutoz_aft_credits
once ane spend more my credits earning testament i get luis aluteezs,spe_alutoz_aft_credits
will i follow getting into alutoze if will i still spend credits?,spe_alutoz_aft_credits
volition i be golden get fried alutoze if i accidentally spend credit?,spe_alutoz_aft_credits
whether is there until now a relation observed between credit outgo and alutoze?,spe_alutoz_aft_credits
how throne could i possibly get alutoze pills after credit rating spending?,spe_alutoz_aft_credits
â  ¦ wherefore should i use alute,spe_why_alute
what be the benefit mark of inquiry using alute?,spe_why_alute
what be the visual advantage of using hydrogen alute?,spe_why_alute
so how dissipated will alute aid me?,spe_why_alute
why information technology alute?,spe_why_alute
â  ¢ wherefore should i manipulation this alute platform,spe_why_alute
what are exactly the benefits of by nature use alute?,spe_why_alute
and then why is alute good?,spe_why_alute
but why is alute helpful?,spe_why_alute
and how is alute helpful?,spe_why_alute
in what ways anyone comprise alute deserve better,spe_why_alute
in what a elbow room this is alute helpful,spe_why_alute
upon what opportunity be advantage that iodine will perhaps get after using alute?,spe_why_alute
how can our alute disc visibility be helpful?,spe_why_alute
how closely can alute profile statistic avail my career?,spe_why_alute
how intensely utilitarian is alute?,spe_why_alute
Â · how in effect is alute,spe_why_alute
how will any alute service me,spe_why_alute
thee volition alute help guide me build my profile,spe_why_alute
what are basically the perk advantages of use alute,spe_why_alute
cost using alute in good compounds for me,spe_why_alute
how will alute supporter in my construction curriculum vitae?,spe_why_alute
Â · how is alute alone go to always help maine ramp up my career,spe_why_alute
how better equipped personify your web site?,spe_why_alute
how to create an account description hither,spe_alute_acc_free
so is information technology free,spe_alute_acc_free
not do making an business relationship contingent on alute toll anything,spe_alute_acc_free
thus can i use sodium alute for loose,spe_alute_acc_free
can i create bill updates for free,spe_alute_acc_free
backside i use alute salts for lime spare,spe_alute_acc_free
do single literally have to ne'er pay right to use alute?,spe_alute_acc_free
is alute eaten toll free?,spe_alute_acc_free
or is alute costless worthy of cost?,spe_alute_acc_free
what is te alute chargable?,spe_alute_acc_free
so what is charge to of all time use alute?,spe_alute_acc_free
is god alute so free for everyone?,spe_alute_acc_free
is alute available available to everyone for price of admission free?,spe_alute_acc_free
will immediately it really cost me anything just to expend alute?,spe_alute_acc_free
do i 1 make to pay a rank expenses charge?,spe_alute_acc_free
decide what to do after creating write up on lex alute,spe_alute_acc_free
is make my calculator data secrure here,spe_data_secure
transcript is my data safe,spe_data_secure
below is this website authorized,spe_data_secure
is this website completely trustworthy,spe_data_secure
is my data point completely safe?,spe_data_secure
when is my data securely encipher?,spe_data_secure
or will in that location exist any security security issue?,spe_data_secure
should something i worry astir security beaver state breaches?,spe_data_secure
maybe how secure represent alute?,spe_data_secure
check how secure is website?,spe_data_secure
how dependable is it to just use sodium alute?,spe_data_secure
throne thee i blindly trust madam alute?,spe_data_secure
you should be worried today astir security of my datum?,spe_data_secure
can anyone else be access just my data?,spe_data_secure
where can you assure pine tree state my data is dead dependable?,spe_data_secure
fire i talk yourself to the sunday admins,spe_admin_purpose
what shall do you the admins of alute do,spe_admin_purpose
be all advising the mogul sector affect task on alute collaborating with the admins,spe_admin_purpose
realise what live simply the job of admin?,spe_admin_purpose
discover what all study does the house physician admin coiffure?,spe_admin_purpose
what all her ability do the current admin have?,spe_admin_purpose
who genuinely see admins?,spe_admin_purpose
what follow the role economic value of molecular admins acting on alute?,spe_admin_purpose
what be truly the objective purpose of admins?,spe_admin_purpose
what practice is the intermediate work of admins?,spe_admin_purpose
wonder what role is the purpose of having admins?,spe_admin_purpose
following work detail of admins,spe_admin_purpose
why are additional admins of import?,spe_admin_purpose
what work has our admin got u to do?,spe_admin_purpose
what divides create this platform,spe_what_alute_is
what she shall alute,spe_what_alute_is
can u write love me or something astir you,spe_what_alute_is
who be he alute?,spe_what_alute_is
rankings â  ¡,spe_what_alute_is
what did run the web site track?,spe_what_alute_is
tell something yer me alute,spe_what_alute_is
me alone? what is information technology,spe_what_alute_is
b just is called alute,spe_what_alute_is
but what make this mean?,spe_what_alute_is
thee what alute thee?,spe_what_alute_is
what is our divine real signification. .. of alute?,spe_what_alute_is
thou envy is unto your mighty alute?,spe_what_alute_is
would please someone please tell me what constitute alute?,spe_what_alute_is
thy i donat thy cause it be alute,spe_what_alute_is
stick in me pour je alute,spe_what_alute_is
hence what quantity is alute,spe_what_alute_is
things have to set,spe_alute_purpose
shanghai cafe alute works,spe_alute_purpose
what else all stuff does ordinarily have,spe_alute_purpose
japan plans to habituate this platform,spe_alute_purpose
ace can already constantly know what alute possess,spe_alute_purpose
what women usually do,spe_alute_purpose
what be the tool then called the alute?,spe_alute_purpose
suppose so does alute come?,spe_alute_purpose
what everybody else does?,spe_alute_purpose
at once does alute it does?,spe_alute_purpose
what does aaron anna mary robertson moses do?,spe_alute_purpose
what is information technology that our primary role with alute?,spe_alute_purpose
Â « how embody the ideal role for alute?,spe_alute_purpose
then what does alute coiffure?,spe_alute_purpose
what is in thou cult of lady alute?,spe_alute_purpose
what is ya alute saying?,spe_alute_purpose
what testament she left of female parent alute?,spe_alute_purpose
tell me against the vaticination via baba alute,spe_alute_purpose
what she did suppose unity do on billy sunday?,spe_alute_purpose
wanna tell me everything iodin really can convey for alute,spe_alute_purpose
or what is our true secret of alute?,spe_alute_purpose
what natural process can this i coiffe on our holiday?,spe_alute_purpose
glacial deep origin,spe_alute_since_when
â  ¢ extremely long alute running,spe_alute_since_when
since determined when is this kernel existing,spe_alute_since_when
year in succession ecumenical alute iii came on existence,spe_alute_since_when
how rain unremarkably has alute flowers flow around,spe_alute_since_when
world health organization can sing alute,spe_alute_since_when
after long have you you been practicing using mine?,spe_alute_since_when
no since when exactly today is incessantly study?,spe_alute_since_when
â   how old live thou,spe_alute_since_when
since when they was willie hanged?,spe_alute_since_when
wonder how indeed many alute hasn be around?,spe_alute_since_when
wondering how near everything alute hadn been around?,spe_alute_since_when
when when has there somebody be messing or so?,spe_alute_since_when
even thusly when information technology was alute stolen?,spe_alute_since_when
from when has alute summoned thy gent slain?,spe_alute_since_when
since where and long go away was alute from our existance?,spe_alute_since_when
alute mat à ¥ ¤,spe_alute_since_when
tell me thy old is where thy,spe_alute_since_when
since exactly when is alute versa,spe_alute_since_when
how long ages since you were not bear?,spe_alute_since_when
and when will alute come up dear existance?,spe_alute_since_when
give details for domains,spe_alute_domains
how can thy u spare me the stars pot kill alute living,spe_alute_domains
9 unlike domains ï¼ ,spe_alute_domains
which attribute attributes be supported here?,spe_alute_domains
seize thy resplendency or me which abt the domains that shall alute support,spe_alute_domains
functional programing domains,spe_alute_domains
what are these additional area â  ¦ which normally sustain?,spe_alute_domains
determining whose objective do one alute support?,spe_alute_domains
which domain names domains does chitter already support?,spe_alute_domains
what are the domains among whose best interests support,spe_alute_domains
what characteristic are the land which quantum diamond manufactures?,spe_alute_domains
â  ¦ which all higher probability get along alute exist?,spe_alute_domains
thereby defining the programing domains which norton supports?,spe_alute_domains
and among the eminent domains which alute frequent?,spe_alute_domains
study some variables which an alute usually support?,spe_alute_domains
which wise all creatures be canful i trust rest in on thou alute,spe_alute_domains
is is in that location no domain restraint?,spe_alute_domains
am there a mild domain demarcation?,spe_alute_domains
bequeath ps alute support nearly all technical school classes?,spe_alute_domains
species cite list,spe_alute_domains
distinguish pine tree state about which all domains â   do alute â  ¦,spe_alute_domains
what changed soundtrack credits,spe_alute_credits
credits,spe_alute_credits
â  ¢ what is the meaning in credits,spe_alute_credits
mark eighteen silver credits in mundo alute?,spe_alute_credits
â  ¢ tell stories about credits,spe_alute_credits
figure what do ya mean by credits,spe_alute_credits
and why why personify credits to alute?,spe_alute_credits
what be the the credits saying?,spe_alute_credits
what happens chance credits in alute,spe_alute_credits
what could credit stand ringing in damage here?,spe_alute_credits
after be credits in this this movie series?,spe_alute_credits
what means recent credits remain in current situation?,spe_alute_credits
of what individual credits hither?,spe_alute_credits
what act our happiness represent hither?,spe_alute_credits
what act god physically stand for?,spe_alute_credits
maybe what get alute credits?,spe_alute_credits
enjoin me about seeing my credits,spe_alute_credits
50 separate insurance policy credits in ter alute?,spe_alute_credits
credits here follow credits?,spe_alute_credits
usb pot make the credits be apply outside screen background platform,spe_alute_credits
â   when follow credits feature article?,spe_alute_credits
astir what can alutoze,spe_alutoze_what
2 â  ¢,spe_alutoze_what
how to practice dishes for mama alutoze?,spe_alutoze_what
say me yet again about poetry,spe_alutoze_what
what dangers are many status hither?,spe_alutoze_what
what does coif alutoze?,spe_alutoze_what
what will become alutoze?,spe_alutoze_what
like that on the dot are equations?,spe_alutoze_what
what meaning does alutoze represent upon themselves?,spe_alutoze_what
wondering what make alutoze power take here?,spe_alutoze_what
but what did alutoze maybe mean over again?,spe_alutoze_what
what else else allah makes alutoze here?,spe_alutoze_what
maybe what could do thoughts mean by this?,spe_alutoze_what
â   tell word about alutoze,spe_alutoze_what
give detailed details about statistic,spe_alutoze_what
more late books about alutoz,spe_alutoze_what
be alutoze gibbs substitutes coefficients for this condition,spe_alutoze_what
what to wrestle with teach us,spe_alutoze_what
income gives handler the benefit chances of earn alutoze,spe_alutoze_what
you will alutoze me help launch my project,spe_alutoze_what
alutoze à ¥ ¤,spe_alutoze_what
how can immigrants continually earn savings,spe_alutoze_get_how
how do anything you locomote about alutoze,spe_alutoze_get_how
how to kill master alutoze,spe_alutoze_get_how
may ye first know when shall thee we get through alutoze,spe_alutoze_get_how
get passably busy,spe_alutoze_get_how
like how freaking fast before i arrive at alutoz?,spe_alutoze_get_how
wham ow can i safely stand athirst?,spe_alutoze_get_how
so after get wind all they order yesterday i ask alutoze?,spe_alutoze_get_how
Â « how will we get in an alutoz?,spe_alutoze_get_how
.. . where would of all time i get an alutoz?,spe_alutoze_get_how
till of late do i fuck off rich?,spe_alutoze_get_how
so when tomorrow leave ya renew my alutoz?,spe_alutoze_get_how
when later will helium still get an eye?,spe_alutoze_get_how
when might thee ane get excited?,spe_alutoze_get_how
or then will i feel ready all the same to get an impromptu audience?,spe_alutoze_get_how
how to safely get anywhere,spe_alutoze_get_how
way other as i would get alutoze,spe_alutoze_get_how
when shall till i tell be alutoze,spe_alutoze_get_how
how could leave i earn credits,spe_credits_get_how
how do cars sometimes have credits,spe_credits_get_how
see how to apply for credits,spe_credits_get_how
recollect when do we get credits?,spe_credits_get_how
nigh development credits,spe_credits_get_how
know where soon. .. volition i draw credits?,spe_credits_get_how
when do i merrily think credits,spe_credits_get_how
when could any i get credits?,spe_credits_get_how
how perform may i get credits?,spe_credits_get_how
when before did i have extra birth credit?,spe_credits_get_how
when deciding exactly what should i mention credits?,spe_credits_get_how
â   when do we get credits?,spe_credits_get_how
when and will he get acknowledgment?,spe_credits_get_how
when atomic number 2 would thou supposed to somehow get credits?,spe_credits_get_how
â  ¢ when later does i finish getting credits?,spe_credits_get_how
how will we ultimately vex credits?,spe_credits_get_how
i wrote sexual love credits,spe_credits_get_how
customers who de jure approve project,spe_proj_req_appr
who mightiness approve my forthcoming project request,spe_proj_req_appr
by 2020 what bequeath my late project request have approve?,spe_proj_req_appr
stakeholder who must approve the projection request,spe_proj_req_appr
my project director manager,spe_proj_req_appr
which is going to o.k. that individual projection management request?,spe_proj_req_appr
or who be who okay so my request?,spe_proj_req_appr
who applicants testament approve the request,spe_proj_req_appr
one had got request pending and who can confirm information technology?,spe_proj_req_appr
who make up going onto approve for my following project request?,spe_proj_req_appr
world health organization will drop millions approve preparing a project request?,spe_proj_req_appr
so world health organization is going to complete the technology project then?,spe_proj_req_appr
determines how few will be supervise the labor request?,spe_proj_req_appr
who will go on on running the rehabilitation project?,spe_proj_req_appr
who will in person actively advocate approving such undertaking requests?,spe_proj_req_appr
which federal agency does to finally accept our request?,spe_proj_req_appr
when have my project request that non officially bear?,spe_proj_req_appr
attain how to get your petition approved,spe_proj_req_appr
approve my latest project â  ,spe_proj_req_appr
world health organization is the admin coaching website,spe_admin_who
drivers who are admins coach,spe_admin_who
are the admins call numbers,spe_admin_who
who rightfully serve are admins here,spe_admin_who
sergeant colonel alute may you love all who be lease those admins?,spe_admin_who
who all admin,spe_admin_who
what exactly runs admins offices of alute?,spe_admin_who
man who coached the admins?,spe_admin_who
who are the sea water god who alute,spe_admin_who
who aver are other admins?,spe_admin_who
who beaver state are all admins in cadet division?,spe_admin_who
why guys constitute admins here?,spe_admin_who
who exactly will be distaff assassinator?,spe_admin_who
wheeler dealer whose are admins in deciding whichever sheath?,spe_admin_who
and world health organization does are admins?,spe_admin_who
â  ¢ world health organization have got available access?,spe_admin_who
curiosity woman has admin returned?,spe_admin_who
previously delivered admin fabric for st. john alute,spe_admin_who
who do are you admins?,spe_admin_who
details by nigel admins,spe_admin_who
tell me joe murray admins,spe_admin_who
how america passes post projects,spe_proj_own
making information technology my projects,spe_proj_own
how can i crap new shoes,spe_proj_own
can i add these parts with my own own,spe_proj_own
how to effectively send her ain project,spe_proj_own
am i clever yet to write so something simpleton of my own?,spe_proj_own
or do that i incorporate my own words?,spe_proj_own
whom do iodine have plans tonight regard launch projects rather of my own?,spe_proj_own
where am i barren to run these undertaking within onto my own?,spe_proj_own
how stool i design my own core projects?,spe_proj_own
am that allowed for you add to my own lab projects manually?,spe_proj_own
if anytime i have some bigger projects can open unity differentiate her?,spe_proj_own
am 1 suddenly supposed able bodied to supply any research project?,spe_proj_own
measure and i tally any remnants of us own projects?,spe_proj_own
whether ever i will be allowed to deliver my own ain notes?,spe_proj_own
and how can i total strategic arms limitation talks?,spe_proj_own
outstanding projects hawk?,spe_proj_limit
how hard project can i even so work without at a house,spe_proj_limit
how many people can anyone fulfil a component part conceived of at just one simple time?,spe_proj_limit
how many patents they can in reality have got apply for companies at a rate,spe_proj_limit
how many undertaking can local governments apply protection against?,spe_proj_limit
how tush i apply for state awards,spe_proj_limit
sufficient means of maximal thermal capacity of make out working the whole project at a clip?,spe_proj_limit
perhaps and so many ambitious projects would i ever brook for at a time?,spe_proj_limit
why embody there no demarcation line whatsoever to how expensive task are i can pay for?,spe_proj_limit
so what ' t s our maximum durability start adding task at some given time?,spe_proj_limit
realise how the many projects am continually allow i use within me a time?,spe_proj_limit
imagine many project â   sack i hardly see at others this clip?,spe_proj_limit
â  ¢ what ' s the actual maximum electrical strength of projects which big businessman may increase by at a time?,spe_proj_limit
what what be this the comparative number of times that disabled children am allow to apply periodically overnight at a salary?,spe_proj_limit
what ' s the routine to projects like i wanna personify allowed to successfully utilize independently through with hit a different inauguration?,spe_proj_limit
2001 karl github becomes director nescessary,spe_git_why
iodin desperately need,spe_git_why
so ane really want github id. is only seth anyone needed?,spe_git_why
why is it constitute reasonably necessary,spe_git_why
what keeps me github id,spe_git_why
why exactly that make up github word automatically created?,spe_git_why
find near this fake id necessary? why?,spe_git_why
when what be finding id necessary?,spe_git_why
wherefore is an github id block condition file,spe_git_why
wherefore when is github currently worldwide register?,spe_git_why
mayhap why serve github recognize id a null?,spe_git_why
why will we need ascertain his id,spe_git_why
or who believe manage they need github id?,spe_git_why
â  ¢ will charlotte queen city be in use call for caller id?,spe_git_why
whom will would one citizen be endure github copyright id?,spe_git_why
why hassle did i want my github id,spe_git_why
now why should i use all any public github i.d.?,spe_git_why
perdition do you in truth need github security patches?,spe_git_why
how often can i make credits,spe_credits_use_how
credits hither omitted,spe_credits_use_how
what you do wrong with induce the credits i detest,spe_credits_use_how
remember what give the sack anyone use credits for,spe_credits_use_how
difference rate between military rank and credits,spe_credits_use_how
hence what manage i use him as for?,spe_credits_use_how
when many can the credits too let use?,spe_credits_use_how
what money makes else credits can be used for?,spe_credits_use_how
who is that use provider of universal recognition?,spe_credits_use_how
â  ¢ is the outlaw use of credit instrument requital?,spe_credits_use_how
maybe what do they habituate credit unions for?,spe_credits_use_how
but what can i link up it for?,spe_credits_use_how
credits can be used ended several particular programming determination?,spe_credits_use_how
wherefore should would i be stopped taking credit?,spe_credits_use_how
amiss words to use credits?,spe_credits_use_how
what sentence intervals coiffure i even habituate credits for?,spe_credits_use_how
going underground to expend credits?,spe_credits_use_how
overhead is sometimes the cost penalty of get credits,spe_credits_use_how
differentiate me me what to apply credits,spe_credits_use_how
who gets credits after i decide on something nonentity like it,spe_credits_actual_resp
what pass happend them credits if i missed meet them,spe_credits_actual_resp
anybody world health organization english hawthorn influence before suggesting i spend my credits,spe_credits_actual_resp
how gets trees get planted?,spe_credits_actual_resp
where will make my credits stand out if we buy something,spe_credits_actual_resp
world health organization be creditworthy for planting donates amount per annum after approved contractors should obtain credits complete with construction?,spe_credits_actual_resp
understand wherefore could come after having one spend credit for wanting someone same?,spe_credits_actual_resp
who shall flora the tree and then thereafter make a donation?,spe_credits_actual_resp
reward rated plants the same amount after people drop mention rating for the same?,spe_credits_actual_resp
who switch tree an amount after always spend on credit money cards same?,spe_credits_actual_resp
if donate receives on the button 5 plants tree / and donates total after others lose credits whilst fulfilling the desire reason?,spe_credits_actual_resp
world health organization kisses her cheek rightfield after seeing u spend off my credits?,spe_credits_actual_resp
why will be busy set tree amount thus after just helping have my credits depleted?,spe_credits_actual_resp
anybody who could be save trees amount of money after insisting i last spend it?,spe_credits_actual_resp
anybody makes up actual donation?,spe_credits_actual_resp
who still shoot trees like credits that i secretly expend?,spe_credits_actual_resp
what how my undergraduate degree credits get higher?,spe_credits_actual_resp
how far would so i get picking you out of credits embody spent,spe_alutoz_aft_credits
alutoze credits info corner,spe_alutoz_aft_credits
is income earned enhanced by troika double credits?,spe_alutoz_aft_credits
nor will i eventually get no alutoze if someone amass sevener credits,spe_alutoz_aft_credits
say i bought something hanging out. .. credits substance will i take the air away,spe_alutoz_aft_credits
when will student get disqualified if ill besides spend credit?,spe_alutoz_aft_credits
will finally i take alluteezs lessons whilst will i break credits?,spe_alutoz_aft_credits
volition i grow completely pregnant if sometimes i double credits?,spe_alutoz_aft_credits
will they someday experience really able to personally hear alutoz if somehow i got credits?,spe_alutoz_aft_credits
cannot i ever be able bodied even get them home if kid cannot spend credits?,spe_alutoz_aft_credits
testament i someday get worried sick when i lose credits?,spe_alutoz_aft_credits
testament does david convey alutoze if yer espouse just buy credits?,spe_alutoz_aft_credits
even so erstwhile ever i spend my credits still stock still get pay,spe_alutoz_aft_credits
when will these hoi polloi truly comprise pose alutoze if people forget credits?,spe_alutoz_aft_credits
rather i survive getting cheap income if should i actually pass credit?,spe_alutoz_aft_credits
live there such a relation on primary government spending shortage and inflation?,spe_alutoz_aft_credits
how lav nurture get themselves pregnant again after metre spending?,spe_alutoz_aft_credits
wherefore why could i use alute,spe_why_alute
but what constitute the nature of my beloved alute?,spe_why_alute
â  ¢ what is the advantage for using wooden knives?,spe_why_alute
â  ¢ how intimately could alute help us?,spe_why_alute
why not assay?,spe_why_alute
why click caller id use alute electronic messaging political program,spe_why_alute
why. .. personify you the benefit of reduce alute?,spe_why_alute
why practice alute smell good?,spe_why_alute
why ever seemed alute helpful?,spe_why_alute
and whom follow alute helpful?,spe_why_alute
in early economical way of life is alute meat soup,spe_why_alute
in pray thee way but tis alute helpful,spe_why_alute
what are the choices that terminate i then inherit here after using alute?,spe_why_alute
examine how can cellular dna profile be conserve?,spe_why_alute
do rump fan alute visibility players in my career?,spe_why_alute
most utile is net alute?,spe_why_alute
how good i call alute,spe_why_alute
how could alute service guide me,spe_why_alute
perhaps will alute never get to establish my profile,spe_why_alute
what constitute really seven fringe benefit possible for using alute,spe_why_alute
nervous astir using something beneficial for pine tree state,spe_why_alute
will she alute supporter help my noble cause?,spe_why_alute
how hard is anybody alute pop off gonna start me helping construct my ego,spe_why_alute
how well is your pleasant speech?,spe_why_alute
continue to officially create an account here,spe_alute_acc_free
gotta ride information technology free,spe_alute_acc_free
do provide an account on alute talking about losing anything,spe_alute_acc_free
energy can personify use within alute mineral free,spe_alute_acc_free
can i you account for google gratuitous,spe_alute_acc_free
suppose you likewise use alute for storage free,spe_alute_acc_free
do her parents usually throw no pay recompense to state alute?,spe_alute_acc_free
is alute ever always free?,spe_alute_acc_free
which make out alute destitute cause of trouble?,spe_alute_acc_free
is aunt ivy poisoned?,spe_alute_acc_free
nor else is charge to use slip money?,spe_alute_acc_free
gonna hold ya alute free on everyone?,spe_alute_acc_free
is alute ready to everyone pray for spiritual guidance?,spe_alute_acc_free
will she finally be me money to use her back?,spe_alute_acc_free
do i candidly agree only to assume a rank charge?,spe_alute_acc_free
what to practice shortly after make an account taking alute,spe_alute_acc_free
be my favorite information que à ¥ ¤,spe_data_secure
therefore is my data bank,spe_data_secure
is behind this website read,spe_data_secure
Â · update this website trustworthy,spe_data_secure
is nought data entry safe?,spe_data_secure
why is my ring stash away?,spe_data_secure
will both you have any security security number?,spe_data_secure
so should you worry about security system direction considerations?,spe_data_secure
understand how secure is everything?,spe_data_secure
world health organization who secure is website?,spe_data_secure
how utterly safe is we can you practice alute?,spe_data_secure
bathroom. .. you blindly trust god?,spe_data_secure
should be really upset astir relatives of helping my family?,spe_data_secure
or can anybody else help access your information?,spe_data_secure
only dismiss you assure pine tree state that my dogs are safe?,spe_data_secure
might i or mouth to nurse beth admins,spe_admin_purpose
what perform business with admins of south alute pay,spe_admin_purpose
transfer totally the power regard undertaking on liaison board with staff the research firm,spe_admin_purpose
.. . this be our current job of getting admin?,spe_admin_purpose
what pure evil title coiffure the new admin do?,spe_admin_purpose
just how utilitarian power fare the mobile admin have?,spe_admin_purpose
who controls iron tartar?,spe_admin_purpose
remember what exactly is that signification type of sport on alute?,spe_admin_purpose
what offense is the charge for attack admins?,spe_admin_purpose
how make up there the work for marketing admins?,spe_admin_purpose
thence is a strategic purpose of justify have admins?,spe_admin_purpose
work details gallery helper admins,spe_admin_purpose
of why become admins important?,spe_admin_purpose
what pother one has admin got into you do?,spe_admin_purpose
what is this platform,spe_what_alute_is
what is alute,spe_what_alute_is
can u tell me something about alute,spe_what_alute_is
What is Alute?,spe_what_alute_is
alute,spe_what_alute_is
What is the website alute ?,spe_what_alute_is
Tell something about alute,spe_what_alute_is
Alute? What is it,spe_what_alute_is
What exactly is alute,spe_what_alute_is
What does alute mean ?,spe_what_alute_is
What alute means?,spe_what_alute_is
What is the detailed meaning of alute ?,spe_what_alute_is
what is your platform alute?,spe_what_alute_is
can you tell me what is alute?,spe_what_alute_is
I don’t know what is alute,spe_what_alute_is
Introduce me to Alute,spe_what_alute_is
explain what is alute,spe_what_alute_is
what to do,spe_alute_purpose
how alute works,spe_alute_purpose
What all functionalities does Alute have,spe_alute_purpose
how to use this platform,spe_alute_purpose
Can we know what alute does,spe_alute_purpose
what alute do,spe_alute_purpose
What is the function of alute?,spe_alute_purpose
What does alute do ?,spe_alute_purpose
What alute does?,spe_alute_purpose
What does alute does ?,spe_alute_purpose
What does alute do ?,spe_alute_purpose
What is the main role of alute?,spe_alute_purpose
What is the role of alute?,spe_alute_purpose
What do alute do ?,spe_alute_purpose
What is the function of alute ?,spe_alute_purpose
what is alute for?,spe_alute_purpose
what is function of alute?,spe_alute_purpose
Tell me the function of alute,spe_alute_purpose
What can I do on alute?,spe_alute_purpose
Tell me everything I can do on alute,spe_alute_purpose
What is the purpose of alute?,spe_alute_purpose
What all can I do on alute?,spe_alute_purpose
alute origin,spe_alute_since_when
how long alute running,spe_alute_since_when
since when is this platform existing,spe_alute_since_when
Year in which alute came into existence,spe_alute_since_when
How long has alute been around,spe_alute_since_when
who made alute,spe_alute_since_when
How long have you been using alute?,spe_alute_since_when
Since when alute is in work ?,spe_alute_since_when
How old is alute,spe_alute_since_when
Since when was alute around ?,spe_alute_since_when
How long alute has been around ?,spe_alute_since_when
How long alute has been around ?,spe_alute_since_when
Since when has alute been around?,spe_alute_since_when
Since when was alute around ?,spe_alute_since_when
From when has alute been around ?,spe_alute_since_when
since how long is alute in existance?,spe_alute_since_when
alute history,spe_alute_since_when
tell me how old is alute,spe_alute_since_when
since when is alute active,spe_alute_since_when
how long since alute was born?,spe_alute_since_when
when did alute come in existance?,spe_alute_since_when
domains,spe_alute_domains
Can u tell me the domains that alute support,spe_alute_domains
different domains support,spe_alute_domains
which domains are supported here?,spe_alute_domains
Can u tell me abt the domains that alute support,spe_alute_domains
projects domains,spe_alute_domains
What are the domains which alute supports ?,spe_alute_domains
Which domains does alute support?,spe_alute_domains
Which all domains does alute support?,spe_alute_domains
What are the domains which alute support,spe_alute_domains
What are the domains which alute support ?,spe_alute_domains
Which all domains does alute support ?,spe_alute_domains
List the domains which alute supports ?,spe_alute_domains
Mention the domains which alute support ?,spe_alute_domains
Pick some domains which alute supports ?,spe_alute_domains
which all domains can I make project in on alute,spe_alute_domains
is there a domain constraint?,spe_alute_domains
is there a domain limit?,spe_alute_domains
does alute support all tech domains?,spe_alute_domains
domain list,spe_alute_domains
tell me which all domains does alute support,spe_alute_domains
what are credits,spe_alute_credits
credits,spe_alute_credits
what is the meaning of credits,spe_alute_credits
what are credits in alute?,spe_alute_credits
Tell me about credits,spe_alute_credits
what do you mean by credits,spe_alute_credits
What are credits in alute?,spe_alute_credits
What are the credits here ?,spe_alute_credits
What are credits in alute,spe_alute_credits
What does credit stand for  here?,spe_alute_credits
What are credits in this case ?,spe_alute_credits
What are credits in this situation ?,spe_alute_credits
What are credits here ?,spe_alute_credits
What does credit represent here ?,spe_alute_credits
What does credit stands for ?,spe_alute_credits
what are alute credits?,spe_alute_credits
tell me about alute credits,spe_alute_credits
what are credits in alute?,spe_alute_credits
what are credits?,spe_alute_credits
can alute credits be used outside this platform,spe_alute_credits
what is credits feature?,spe_alute_credits
what is alutoze,spe_alutoze_what
alutoze,spe_alutoze_what
what to do with alutoze?,spe_alutoze_what
tell me something about alutoz,spe_alutoze_what
What exactly are alute here?,spe_alutoze_what
What are alutoze?,spe_alutoze_what
What are alutoze?,spe_alutoze_what
What exactly are alutoze?,spe_alutoze_what
What do alutoze represent here ?,spe_alutoze_what
What does alutoze symbolise here?,spe_alutoze_what
What does alutoze mean here ?,spe_alutoze_what
What exactly are alutoze here ?,spe_alutoze_what
what do you mean by alutoze?,spe_alutoze_what
tell me about alutoze,spe_alutoze_what
give details about alutoze,spe_alutoze_what
more info about alutoz,spe_alutoze_what
are alutoze only for this platform,spe_alutoze_what
what to do with alutoze,spe_alutoze_what
what is the benefit of earning alutoze,spe_alutoze_what
will alutoze help in my resume,spe_alutoze_what
alutoze details,spe_alutoze_what
how can i earn alutoze,spe_alutoze_get_how
how do i get alutoze,spe_alutoze_get_how
how to earn alutoze,spe_alutoze_get_how
May i know when do I get alutoze,spe_alutoze_get_how
get alutoz,spe_alutoze_get_how
How long before I get alutoz?,spe_alutoze_get_how
Wham can I get alutozes?,spe_alutoze_get_how
After what all can I get alutoze?,spe_alutoze_get_how
When will I get an alutoz?,spe_alutoze_get_how
When do I get an alutoz?,spe_alutoze_get_how
When do I get alutoz ?,spe_alutoze_get_how
When will I get my alutoz ?,spe_alutoze_get_how
When will I get an alutoz?,spe_alutoze_get_how
When do I get alutoz ?,spe_alutoze_get_how
When will I be ready to get an alutoz?,spe_alutoze_get_how
how to get alutoze,spe_alutoze_get_how
how can I get alutoze,spe_alutoze_get_how
when will I get alutoze,spe_alutoze_get_how
how can i earn credits,spe_credits_get_how
how do i get credits,spe_credits_get_how
how to work for credits,spe_credits_get_how
When do I get credits?,spe_credits_get_how
earn credits,spe_credits_get_how
When exactly will I get credits ?,spe_credits_get_how
When do I get credits,spe_credits_get_how
When do I get credits?,spe_credits_get_how
How can I get credits?,spe_credits_get_how
When will I get my credit?,spe_credits_get_how
When exactly do I get credits ?,spe_credits_get_how
When do I get credits ?,spe_credits_get_how
When will I get credit ?,spe_credits_get_how
When am I supposed to get credits ?,spe_credits_get_how
When will I be getting credits ?,spe_credits_get_how
how will I get credits?,spe_credits_get_how
I need credits,spe_credits_get_how
who will approve project,spe_proj_req_appr
who will approve my project request,spe_proj_req_appr
by whom will my project request be approved?,spe_proj_req_appr
Who will approve the project request,spe_proj_req_appr
my project apporval,spe_proj_req_appr
Who is going to approve the project request ?,spe_proj_req_appr
Who is going approve project request ?,spe_proj_req_appr
Who will approve project request,spe_proj_req_appr
I got request pending who will approve it?,spe_proj_req_appr
Who is going to approve the project request?,spe_proj_req_appr
Who will be approving the project request ?,spe_proj_req_appr
Who is going to approve the project request ?,spe_proj_req_appr
Who will be approving the project request ?,spe_proj_req_appr
Who will be approving the project ?,spe_proj_req_appr
Who will be approving the project requests ?,spe_proj_req_appr
which authority will accept project request?,spe_proj_req_appr
when will my project request be accepted?,spe_proj_req_appr
how to get project request approved,spe_proj_req_appr
approve my project request,spe_proj_req_appr
who is admin of website,spe_admin_who
who are admins here,spe_admin_who
are the admins trustworthy,spe_admin_who
Who all are admins here,spe_admin_who
Hello alute may I know who are the admins?,spe_admin_who
admin,spe_admin_who
Who are admins of alute?,spe_admin_who
Who are the admins ?,spe_admin_who
Who are the admins in alute,spe_admin_who
Who are the admins ?,spe_admin_who
Who are admins in this case ?,spe_admin_who
Who are admins here ?,spe_admin_who
Who will be the admins ?,spe_admin_who
Who are admins in this case ?,spe_admin_who
Who exactly are admins ?,spe_admin_who
who has admin access?,spe_admin_who
who has admin priviledge?,spe_admin_who
who is admin for alute,spe_admin_who
who all are admins?,spe_admin_who
details of admins,spe_admin_who
tell me about admins,spe_admin_who
how to post projects,spe_proj_own
post my projects,spe_proj_own
can i make new projects,spe_proj_own
Can I add projects of my own,spe_proj_own
how to post my own project,spe_proj_own
Am I supposed to add projects of my own?,spe_proj_own
Can I incorporate my own projects ?,spe_proj_own
Do I have permission to add projects of my own?,spe_proj_own
Am I allowed to add projects of my own ?,spe_proj_own
Can I add my own projects ?,spe_proj_own
Am I allowed to add my own projects here ?,spe_proj_own
If I have a projects can I add it?,spe_proj_own
Am I supposed to add my own project ?,spe_proj_own
Can I add any of my own projects ?,spe_proj_own
Will I be allowed to add my own projects ?,spe_proj_own
how can I add projects?,spe_proj_own
projects limit?,spe_proj_limit
how many project can i work at a time,spe_proj_limit
how many projects can i be a part of at one time?,spe_proj_limit
How many projects can I apply for at a time,spe_proj_limit
How many projects can I apply for?,spe_proj_limit
how can i apply for projects,spe_proj_limit
What is the maximum capacity of submitting the project at a time ?,spe_proj_limit
How many projects can I apply for at a time ?,spe_proj_limit
Is there a limit to how many projects I can apply for?,spe_proj_limit
What's the maximum strength of adding projects at a time ?,spe_proj_limit
How many projects am I allowed to apply at a time ?,spe_proj_limit
How many projects can I apply at a time ?,spe_proj_limit
What's the maximum strength of projects which I can submit at a time ?,spe_proj_limit
What is the number of projects which I am allowed to apply for at a time ?,spe_proj_limit
What's the number of projects I will be able to apply at a time ?,spe_proj_limit
why github is nescessary,spe_git_why
github need,spe_git_why
i dont have github id. Is it needed?,spe_git_why
Why is Github Id necessary,spe_git_why
what is github id,spe_git_why
Why exactly is github ID necessary?,spe_git_why
Is github ID necessary? Why ?,spe_git_why
Why is GitHub ID necessary?,spe_git_why
Why is github ID a necessity,spe_git_why
Why is github ID necessary ?,spe_git_why
Why is github ID a necessity ?,spe_git_why
Why do we need github ID,spe_git_why
Who do we need github ID?,spe_git_why
Why will I be needing github ID?,spe_git_why
Why will I be needing github ID?,spe_git_why
why do I need github ID,spe_git_why
why should I provide my github ID?,spe_git_why
why do you need GitHub ID?,spe_git_why
how can i use credits,spe_credits_use_how
credits use,spe_credits_use_how
what to do with the credits i get,spe_credits_use_how
What can I use credits for,spe_credits_use_how
difference between money and credits,spe_credits_use_how
What can I use credit for ?,spe_credits_use_how
Where can the credits be used ?,spe_credits_use_how
What all can credits be used for?,spe_credits_use_how
What is the use of credit ?,spe_credits_use_how
What is the use of credit exactly ?,spe_credits_use_how
What can I use credit for ?,spe_credits_use_how
What can I use credit for ?,spe_credits_use_how
Credits can be used for what purposes ?,spe_credits_use_how
Why will I be using credit ?,spe_credits_use_how
how to use credits?,spe_credits_use_how
what all can I use credits for?,spe_credits_use_how
how to spend credits?,spe_credits_use_how
what is the use of getting credits,spe_credits_use_how
tell me how to use credits,spe_credits_use_how
who gets credits after i buy something from it,spe_credits_actual_resp
what happend to credits if i spent them,spe_credits_actual_resp
who will work when i spend my credits,spe_credits_actual_resp
who gets trees planted?,spe_credits_actual_resp
where will my credits go if i buy something,spe_credits_actual_resp
Who is responsible for planting donates amount after I spend credits for same ?,spe_credits_actual_resp
Who donates amount after I spend credit for the same ?,spe_credits_actual_resp
Who will plant the trees or make donation?,spe_credits_actual_resp
Who plants the donates amount after I spend credit for same ?,spe_credits_actual_resp
Who plants trees amount after I spend credit for same ?,spe_credits_actual_resp
Who exactly plants trees/donates amount after I spend credits for the same reason ?,spe_credits_actual_resp
Who plants trees amount after u spend my credits ?,spe_credits_actual_resp
Who will be planting trees amount after I have my credits spent ?,spe_credits_actual_resp
Who will be planting trees amount after I spend credit ?,spe_credits_actual_resp
who makes actual donations?,spe_credits_actual_resp
who plants trees of credits that I spend?,spe_credits_actual_resp
how my spent credits get used?,spe_credits_actual_resp
how will i get alutoz out of credits i spent,spe_alutoz_aft_credits
alutoze credits relationship,spe_alutoz_aft_credits
is alutoze earned by spending credits?,spe_alutoz_aft_credits
Will I get alutoze if I spend my credits,spe_alutoz_aft_credits
i bought something out of credits will i get alutoz,spe_alutoz_aft_credits
Will I get alutoz if I spend credit ?,spe_alutoz_aft_credits
Will I get alluteezs if I spend credits ?,spe_alutoz_aft_credits
Will I get alutoze if I spend credits?,spe_alutoz_aft_credits
Will I be able to get alutoz if I spend credits ?,spe_alutoz_aft_credits
Will I be able to get alutoze if I spend credits ?,spe_alutoz_aft_credits
Will I get alutoze if I spend credits ?,spe_alutoz_aft_credits
Will I get alutoze if I spend credits ?,spe_alutoz_aft_credits
Once I spend my credits will I get Aluteezs,spe_alutoz_aft_credits
Will I be getting alutoze if I spend credits ?,spe_alutoz_aft_credits
Will I be getting alutoze if I spend credit ?,spe_alutoz_aft_credits
is there a relation between credit spending and alutoze?,spe_alutoz_aft_credits
how can I get alutoze after credit spending?,spe_alutoz_aft_credits
why should i use alute,spe_why_alute
what is the benefit of using alute?,spe_why_alute
what is the advantage of using alute?,spe_why_alute
how will alute help me?,spe_why_alute
why alute?,spe_why_alute
why should I use alute platform,spe_why_alute
what are the benefits of using alute?,spe_why_alute
why is alute good?,spe_why_alute
why is alute helpful?,spe_why_alute
how is alute helpful?,spe_why_alute
in what ways is alute better,spe_why_alute
in what way is alute helpful,spe_why_alute
what are advantage that I will get after using alute?,spe_why_alute
how can alute profile be helpful?,spe_why_alute
how can alute profile help my career?,spe_why_alute
how useful is alute?,spe_why_alute
how good is alute,spe_why_alute
how will alute help me,spe_why_alute
will alute help me build my profile,spe_why_alute
what are the perks of using alute,spe_why_alute
is using alute beneficial for me,spe_why_alute
will alute help in my resume?,spe_why_alute
how is alute going to help me build my career,spe_why_alute
how better is your website?,spe_why_alute
how to create an account here,spe_alute_acc_free
is it free,spe_alute_acc_free
does making an account on alute cost anything,spe_alute_acc_free
can i use alute for free,spe_alute_acc_free
can i create account for free,spe_alute_acc_free
can i use alute for free,spe_alute_acc_free
do I have to pay to use alute?,spe_alute_acc_free
is alute cost free?,spe_alute_acc_free
is alute free of cost?,spe_alute_acc_free
is alute chargable?,spe_alute_acc_free
what is charge to use alute?,spe_alute_acc_free
is alute free for everyone?,spe_alute_acc_free
is alute available to everyone for free?,spe_alute_acc_free
will it cost me anything to use alute?,spe_alute_acc_free
do I have to pay a membership charge?,spe_alute_acc_free
what to do after creating account on alute,spe_alute_acc_free
is my data secrure here,spe_data_secure
is my data safe,spe_data_secure
is this website authorized,spe_data_secure
is this website trustworthy,spe_data_secure
is my data safe?,spe_data_secure
is my data encrypted?,spe_data_secure
will there be any security issue?,spe_data_secure
should I worry about security breaches?,spe_data_secure
how secure is alute?,spe_data_secure
how secure is website?,spe_data_secure
how safe is it to use alute?,spe_data_secure
can I blindly trust alute?,spe_data_secure
should be worried about security of my data?,spe_data_secure
Can anyone else access my data?,spe_data_secure
Can you assure me my data is safe?,spe_data_secure
can i talk to the admins,spe_admin_purpose
what do the admins of alute do,spe_admin_purpose
is all the power regarding projects on alute with the admins,spe_admin_purpose
what is the job of admin?,spe_admin_purpose
what all work does the admin do?,spe_admin_purpose
what all powers does the admin have?,spe_admin_purpose
who controls admins?,spe_admin_purpose
what is the role of admins on alute?,spe_admin_purpose
what is the purpose of admins?,spe_admin_purpose
what is the work of admins?,spe_admin_purpose
what is the purpose of having admins?,spe_admin_purpose
work details of admins,spe_admin_purpose
why are admins important?,spe_admin_purpose
what work has admin got to do?,spe_admin_purpose
